handleId	fieldType	name	description	productImageUrl	collection	sku	ribbon	price	surcharge	visible	discountMode	discountValue	inventory	weight	cost	productOptionName1	productOptionType1	productOptionDescription1	productOptionName2	productOptionType2	productOptionDescription2	productOptionName3	productOptionType3	productOptionDescription3	productOptionName4	productOptionType4	productOptionDescription4	productOptionName5	productOptionType5	productOptionDescription5	productOptionName6	productOptionType6	productOptionDescription6	additionalInfoTitle1	additionalInfoDescription1	additionalInfoTitle2	additionalInfoDescription2	additionalInfoTitle3	additionalInfoDescription3	additionalInfoTitle4	additionalInfoDescription4	additionalInfoTitle5	additionalInfoDescription5	additionalInfoTitle6	additionalInfoDescription6	customTextField1	customTextCharLimit1	customTextMandatory1	customTextField2	customTextCharLimit2	customTextMandatory2	brand
product_9e1c93da-537e-7d04-bca9-deb6eec84612	Product	Sagrada familia 	"<p>Cuadro sagrada familia de madera y yeso. </p><p>Medidas:</p><p>Altura: 33,5 cm | Ancho: 18cm </p>"	339e71_c9c68b1f628f4e64999bfd132a36cc0b~mv2.jpg	Religiosos	SAG0007		2290		true	PERCENT	0	1																																							
product_9e687615-561b-e5a3-7e5a-cd79bcd2929c	Product	Virgen con detalles de flores 	"<p>Virgen con detalles flores,de madera y yeso.</p><p>Medidas: </p><p>Altura: 24cm | Ancho: 18 cm </p>"	339e71_61601ba6a58142b7927c2fe3cd1fd98a~mv2.jpg	Religiosos	VIR0036		1450		true	PERCENT	0	1																																							
product_3eea98c5-d88d-3ecf-8ba7-4dc33542c035	Product	Cuadro virgen en madera 	<p>Cuadro virgen en madera y yeso. </p><p>Medidas: </p><p>29 x 29 cm </p>	339e71_5f412410fa774daa86c6dbba813e9f65~mv2.jpg	Religiosos	VIR0035		2290		true	PERCENT	0	1																																							
product_ba53e901-71ac-e059-c55d-1293d2497f29	Product	Bancos Bali 	<p>Bancos Bali de madera de mango </p><p>Medidas: </p><p>Altura: 29cm </p><p>Ancho: 40cm </p><p>Profundidad: 28cm </p>	339e71_a0265c97c546448599b3013b8f02bf8a~mv2.jpg;339e71_36ac259d969f430391b3b9f31f5707ff~mv2.jpg;339e71_925370f4eb4c45e487c9cd2ce56433f1~mv2.jpg	Mobiliario;Sillones/bancos			3890		true	PERCENT	0	2																																							
product_e4fb5e2f-e6b7-4672-e087-e302b8680c9f	Product	Manta inda 	<p>Medidas: </p><p>1.49cm x 1.26cm</p>	339e71_43c0cd87243444a297dadef6d9286ae8~mv2.jpg;339e71_ff44eba61e694f2c9d58a5957a5e61ec~mv2.jpg	Mantas;Textiles	MAN0071		1980		true	PERCENT	0	2																																							
product_f5343e1e-c6ee-0702-bef2-4773a740d45a	Product	Manta Saro	<p>Medidas: </p><p>1.48cm x 1.26cm</p>	339e71_a3b1f1c515db49679549ed59ce9324f0~mv2.jpg;339e71_6deb2eff7bd848e287b9a470cdaaf04e~mv2.jpg	Mantas;Textiles	MAN0072		1980		true	PERCENT	0	2																																							
product_a433d1e8-92ad-f0d6-dde1-8432fe2f4ecd	Product	Manta Tami 	<p>Medidas:</p><p>1.46cm x 1.16cm</p><p></p>	339e71_259aaddb635946e5b308d68ce6fe1139~mv2.jpg;339e71_7df5954bed7d4d9b82f9283ce340d9dd~mv2.jpg;339e71_4d7d39b83c4647ff93eb3611f6035ea5~mv2.jpg	Mantas;Textiles	MAN0070		1980		true	PERCENT	0	2																																							
product_c1fe87bd-1304-d568-5b0f-b419a00cf6f5	Product	Manta Boho II	<p>Medidas: </p><p>1.23cm x 1.52cm </p>	339e71_0b69555bcb9f4eb6a1062ff985174ed5~mv2.jpg;339e71_f5252b9c01a845678f8471a6dab96e3e~mv2.jpg;339e71_385ca789094c464e8468176248d00a30~mv2.jpg	Mantas;Decoración	MAN0073		1980		true	PERCENT	0	2																																							
product_9108678e-75cd-8609-fa58-dd23f6da9ae0	Product	Manta Boho 	"<p>Medidas: </p><p>1,23cm x 1.52cm </p><p>Con flecos 1.67cm</p>"	339e71_6b01dde1773549068e2b119c2402f91e~mv2.jpg;339e71_a037203a2924497ab77a65e331fdcbbb~mv2.jpg;339e71_e7104eea8cf944ae88718a736ef03731~mv2.jpg	Mantas;Textiles	MAN0074		1980		true	PERCENT	0	2																																							
product_a5afe63f-6ee2-fac5-025d-931bdc102246	Product	Toallas Sociales 	<p>Toallas Sociales </p><p>Consultar diseños disponibles </p><p>Medidas aprox: 51cm x 33cm</p>	339e71_9673b61ead5a43d8a7380756e187be6b~mv2.jpg;339e71_29f1f58be5eb4d1180f27652438a1f0e~mv2.jpg;339e71_63858e15a2ee4ba298341e7cd63f3c50~mv2.jpg;339e71_5ce8a05903b54365bbffbd98c24d1d92~mv2.jpg;339e71_b0701a6f212e4567a385e1bfc78690c2~mv2.jpg	Baño	TOA0002		550		true	PERCENT	0	4																																							
product_87770bbb-d4c2-8081-50da-9afb223363a7	Product	Jarrita nórdica 	"<p>Jarritas nórdicas </p><p>Medidas: </p><p>Altura: 14,5cm </p><p>Diámetro: 7cm</p>"	339e71_79009fed4533407eba4190332a817eb9~mv2.jpg;339e71_235d6989b6df486d8e644e7ba739b69e~mv2.jpg;339e71_b33e93bb2f1e46459a5900ddf1a5db98~mv2.jpg;339e71_a6e14f16530a4c3a873772bc88468b51~mv2.jpg	Cocina	TET0009		390		true	PERCENT	0	OutOfStock																																							
product_6c3386ca-5088-d3f1-e9aa-46166487e636	Product	Candelabro de cristal dorado 	<p>Medidas:</p><p>Altura: 75cm</p><p>Ancho: 15cm</p><p></p><p></p>	339e71_90debadb9bda42f78670d1a4179a991b~mv2.jpg;339e71_4676219f51ac4372b5c19cb4bd16f601~mv2.jpg;339e71_51249e0ac3634b60aa3268368e445c16~mv2.jpg	Adornos;Candelabros / Fanales	CAN0117		3490		true	PERCENT	0	2																																							
product_1a806caf-a3b9-3df2-cdbb-370f8fd5b3f0	Product	Tazas de café petit 	<p>Set x 6</p><p>Medidas: </p><p>Altura: 6 cm | Diámetro: 7 cm</p>	339e71_7f2bd4338b8d4176a8ad6025c7504e65~mv2.jpg;339e71_c062c122be484f9d9955c986ce1d3aac~mv2.jpg	Cocina;Vasos | copas | tazas 	TAZ0023		890		true	PERCENT	0	1																																							
product_a219356b-9922-a835-e0dc-5d620cd1b89e	Product	Borla | suegra cortina white 	<p>Medidas: </p><p>Largo total: 64cm | Largo desde el aro hasta abajo: 40 cm </p>	339e71_43b024ac0ff442c88911aff4a4a8fb86~mv2.jpg;339e71_d1a0f68c2b0e4e62a2c2e41a299282b6~mv2.jpg	Adornos;Decoración	BOR0058		890		true	PERCENT	0	2																																							
product_c95add8f-9ed3-90e4-4510-1ae5f4ba4f43	Product	Borla | sujeta cortina pajarito pompón x2	<p>Medidas: </p><p>Largo total: 60 cm | Largo desde el aro hasta abajo: 34 cm </p>	339e71_812e4e077d9547c2a1a1d4905ed2b2da~mv2.jpg;339e71_01a5461e5f404b849801c15949f5f0fe~mv2.jpg;339e71_96c064d0543b4513b7c3fd8276f0e296~mv2.jpg	Adornos;Cuadros	BOR0061		790		true	PERCENT	0	4																																							
product_43dff494-c719-bc40-3d42-050bbda1d595	Product	Borla | sujeta cortina Daro 	<p>Medidas: </p><p>Largo total: 54 cm | Largo desde el aro hasta abajo : 29 cm </p>	339e71_0a697670e65147e99269156c95d18611~mv2.jpg;339e71_d348a20fe8104c0d9067a1e0ed76d1f5~mv2.jpg	Adornos;Decoración	BOR0056		790		true	PERCENT	0	1																																							
product_e59c53e3-52af-6bbb-c869-59b90de8b46e	Product	Borla | sujeta cortinas kaí	<p>Medidas: </p><p>Largo total: 84 cm | Largo desde el aro hasta abajo: 58 cm </p>	339e71_1b842bfdb6284826872a6ac0d1d94217~mv2.jpg;339e71_bb9a972febfd4f7dbdc7a464c157ba81~mv2.jpg;339e71_ad38aa4a6ff04f2181f568454a8bfc77~mv2.jpg	Adornos;Decoración	BOR0052		990		true	PERCENT	0	2																																							
product_85605de2-798a-3dd8-1985-e6b881d2b84f	Product	Borla | sujeta cortina Telma 	<p>Medidas:</p><p>Largo total: 66 cm | Largo desde el aro hasta abajo: 43 cm </p>	339e71_1a4f284895ce4d41837a60ecc89909b4~mv2.jpg;339e71_5a97685f31d24eeb91d7e364ee261dc0~mv2.jpg;339e71_0a399b27c9414667accdb6739b6b007b~mv2.jpg	Adornos;Decoración	BOR0045		950		true	PERCENT	0	2																																							
product_ed625a9e-7d27-87cf-aa0e-6ccb46097e3a	Product	Canasto Rut pequeño 	"<p>Canasto de ratan con detalles en metal </p><p>Medidas: </p><p>Altura: 24,5 cm | Diámetro base: 25 cm | Diámetro arriba: 28 cm</p>"	339e71_85e1406d6350475ba9ccbee8d91aa31d~mv2.jpg;339e71_cd40d6d3c67948dd9c9e04031e580783~mv2.jpg	Adornos;Decoración;Canastos	CAN0118		3400		true	PERCENT	0	1																																							
product_c8103d31-19a3-ae19-6c59-ee9475b23b9b	Product	Canasto Rut grande 	"<p>Canasto de ratan con detalles en metal</p><p>Medidas: </p><p>Altura: 28,5 cm | Diámetro base: 31cm | Diámetro arriba: 36,5cm</p>"	339e71_0d524f05b9d74c8aa655e7bb9fbe0464~mv2.jpg;339e71_3e0bdfe1cb0146fba21427003881a92a~mv2.jpg	Adornos;Canastos;Decoración	CAN0119		3900		true	PERCENT	0	1																																							
product_70c881b4-8658-6bb9-2b20-dbe7e62a056a	Product	Bandeja de metal 	<p>Medidas: </p><p>Altura: 4 cm | Largo: 45 cm | Ancho: 28 cm </p>	339e71_dd13a44cf61a49a0884dbaa40b410e42~mv2.jpg;339e71_34ad49460cd145498e300d7a64360e9b~mv2.jpg;339e71_51e31722960940b695b323b494ac7476~mv2.jpg;339e71_cc79277cbbc04f91a7de9de54191a0be~mv2.jpg;339e71_02f6abc2cd794c1db794821da9613a41~mv2.jpg	Adornos;Decoración;Cocina	BAN0148		2290		true	PERCENT	0	1																																							
product_83cd6311-1d3a-28ae-60fc-8f72f945771c	Product	Cuenco en pasta piedra 	<p>Medidas: </p><p>Altura : 6 cm | Diámetro base: 7 cm | Diámetro arriba: 14 cm </p>	339e71_487a8301a6f94d0b9474591ea9839a02~mv2.jpg;339e71_f0ad8595d2da4d03a2935c563f4bd3c5~mv2.jpg;339e71_2ef03615d18849fe8ddce7ab87bfd821~mv2.jpg;339e71_da88a80c88b04f1e9d3396e6d809aac5~mv2.jpg;339e71_1cc3b8000881442b8ee08356d2c7dd8b~mv2.jpg	Adornos;Decoración	CUE0005		650		true	PERCENT	0	2																																							
product_e10178a1-07c6-c8b3-fda1-833789741709	Product	Cadena de madera 	"<p>Medidas: </p><p>52,5 cm x 13 cm </p>"	339e71_3691af16c5424c6487faaf18ac8ef6b5~mv2.jpg;339e71_8754088f4709446dbad4830f54ecc027~mv2.jpg;339e71_2081c17757664f498d1dd6587429c63d~mv2.jpg	Adornos;Decoración	CAD0001		1990		true	PERCENT	0	1																																							
product_de217ec9-fe2a-20ed-5f0d-afb3d3ff507b	Product	Centro en pasta piedra	"<p>Medidas: </p><p>51 cm x 22,5 cm </p>"	339e71_d1f86eea711c4e15b83d5a6894c96620~mv2.jpg;339e71_8457d8e7181a406784172c97b59e726a~mv2.jpg;339e71_9d04bef4b1f64ef8954ab026badf8d9a~mv2.jpg;339e71_37691e1c45924498ae614607779a4645~mv2.jpg	Adornos;Decoración	CEN0028		2290		true	PERCENT	0	OutOfStock																																							
product_f8659ded-01e0-5406-c0c3-5ee15248df6c	Product	Centro de madera 	"<p>Medidas: </p><p>Altura: 9 cm | Largo: 59 cm | Ancho: 18,5 cm</p>"	339e71_ae5c146cc6b94f5d851e108b37211a5c~mv2.jpg;339e71_53f1b840f2ec40b281f383195626308e~mv2.jpg;339e71_6808f2a46ccf4da0afa458ba3e89af1c~mv2.jpg;339e71_068cf64a0dbe4784a423765d0b4e6c10~mv2.jpg	Adornos;Decoración	CEN0032		2990		true	PERCENT	0	1																																							
product_32f3f1af-a2a1-3331-8936-d207618f922c	Product	Tacho de hierro chico 	<p>Medidas:</p><p>Altura: 46 cm |Diámetro base: 39 cm | Diámetro arriba: 21 cm </p>	339e71_1ff79d2960cf436d8ca35e9e16444884~mv2.jpg;339e71_19d27b48d3c6470ab96e5536c2859526~mv2.jpg	Adornos;Decoración;Plantas / Jardín	JAR0068		5500		true	PERCENT	0	1																																							
product_2361a02c-383f-4ebc-d029-608e5b744491	Product	Tacho de hierro Mediano 	<p>Medidas: </p><p>Altura : 55 cm | Diámetro base: 44cm | Diámetro arriba: 24cm </p>	339e71_58b3fc8f200048dab1a6b3c4eeac2642~mv2.jpg;339e71_06f35ad05f474d3d95bd87e2e5c3ab92~mv2.jpg	Adornos;Decoración;Plantas / Jardín	JAR0069		6500		true	PERCENT	0	1																																							
product_4d07b9ad-4fbb-8a28-5918-d0562c2c0708	Product	Tacho de hierro Grande 	<p>Medidas: </p><p>Altura: 62 cm Aprox | Diámetro base: 54 cm | Diámetro arriba: 28 cm </p>	339e71_56238412a43a4bba88266c576866aa9e~mv2.jpg;339e71_0cc6219bc65d44fc90ac91bb55f5f4bc~mv2.jpg	Adornos;Decoración;Plantas / Jardín	JAR0070		7500		true	PERCENT	0	1																																							
product_35db174a-4b8f-f750-d797-369d0350b6f3	Product	Jarra doble pared 	<p>Medidas: </p><p>Altura: 21 cm | Diámetro: 10 cm Aprox</p><p></p>	339e71_3affc994ef8940b597ae159aee3c4011~mv2.jpg	Cocina	JAR0067		1290		true	PERCENT	0	4																																							
product_1a40b399-2c99-ecfc-a5f1-7282bb7f12f1	Product	Cafetera prensa manual 	"<p>Cafetera o tetera de vidrio y corcho </p><p>Medidas: </p><p>Altura: 17,8 cm |Diámetro: 10 cm</p>"	339e71_2cbc55bfd88e4867ba6c928787d93a11~mv2.jpg;339e71_636c485859714fa283434b027bd848f3~mv2.jpg;339e71_5a0cde3e489a49c3b04bd9895ea5fe12~mv2.jpg;339e71_ab0d2b2ddebb4f959a4ee7d332855109~mv2.jpg	Cocina	CAF0001		890		true	PERCENT	0	2																																							
product_b7697f79-e5e4-e225-5e00-cab477131b1e	Product	Jarrón Chato Red 	"<p>Jarrón en cerámica </p><p>Medidas: </p><p>Altura: 18 cm | Diámetro base: 7,5 cm | Diámetro arriba: 19cm </p>"	339e71_b97f5f4908f1430db59d1d7533f527f3~mv2.jpg;339e71_879ec3fb6a55481981c6bc291ceea70e~mv2.jpg	Adornos;Decoración	JAR0062		2290		true	PERCENT	0	1																																							
product_b656d36b-dc43-d59e-87da-82e8a2b3bab5	Product	Jarrón Alto Red 	<p>Jarrón en cerámica </p><p>Medidas: </p><p>Altura: 30 cm | Diámetro base: 7 cm | Diámetro arriba: 15 cm Aprox </p>	339e71_55aa6f156683452aad6b5508cd990ae2~mv2.jpg;339e71_23f9d0328c2848d19904843497b89276~mv2.jpg	Adornos;Decoración	JAR0063		2390		true	PERCENT	0	1																																							
product_61b2afdf-c838-fc98-2e72-49a9ced37494	Product	Botella cerámica Grande 	"<p>Medidas:</p><p>Altura: 34cm |Diámetro base : 15 cm | Diámetro pico: 4,5 cm </p>"	339e71_25c089a6f83f4cbead7341aa48e0c2c1~mv2.jpg;339e71_21a2c359cc1546f1afc6698323df4089~mv2.jpg	Adornos;Decoración	BOT0011		2790		true	PERCENT	0	1																																							
product_8e3b0da5-3ecb-eb1b-4abf-2cf0790e23ba	Product	Botella cerámica Chica 	"<p>Medidas: </p><p>Altura: 30 cm | Diámetro base: 12cm |Diámetro pico: 4,5 cm </p>"	339e71_09efcd2adffa440aac5981b610be083b~mv2.jpg;339e71_c8ca72a26b144c20870074d53a2b614f~mv2.jpg	Adornos;Decoración	BOT0010		2690		true	PERCENT	0	1																																							
product_bc87231c-c07e-36a6-5ecd-f1802b162763	Product	Perchero en hierro x 2	<p>Medidas: </p><p>largo: 28cm |Ancho: 14cm |Profundidad: 8 cm </p>	339e71_4a846ce0c9f34ff0a12537436c41f039~mv2.jpg;339e71_bc7d0231aa4a41dbba80d2bae970ec20~mv2.jpg	Adornos;Percheros	PER0020		1390		true	PERCENT	0	1																																							
product_ce92f412-9d6b-56d2-001e-fc09c5a27f88	Product	Vasos Vlad	<p>Vasos de whisky </p><p>Medidas: </p><p>Altura: 9cm | Diámetro: 8 cm </p><p></p><p>Set x 6</p>	339e71_b74b80e8322d447c805b570a0a755d4e~mv2.jpg;339e71_1df459c7a4684863b92b272c06a4546c~mv2.jpg	Vasos | copas | tazas ;Cocina	VAS0029		1100		true	PERCENT	0	1																																							
product_41347e75-52be-5cf7-5e57-c62157f867fa	Product	Perchero en peltrina x3 	"<p>Perchero en madera y peltrina </p><p>Medidas: </p><p>Largo : 27,5 cm |Ancho: 14cm | Profundidad: 8cm </p>"	339e71_f43a1b1ec3b344e6bd5e8cc2c28f7c26~mv2.jpg;339e71_a9f0864a215a443884eaf67d1d72477c~mv2.jpg	Adornos;Percheros	PER0031		1590		true	PERCENT	0	1																																							
product_10f36ac3-3666-c81b-937d-2eb6f876bc51	Product	Perchero White 	"<p>Medidas:</p><p>Largo: 49,5cm | Ancho: 12,5cm </p>"	339e71_79b9af17bbe74626b9412742ecbb69a9~mv2.jpg;339e71_e6b3368794eb420e985e54a09cfa00ba~mv2.jpg	Adornos;Percheros	PER0041		1890		true	PERCENT	0	1																																							
product_c8ef3f80-61e9-422f-3b01-54af4fa0a6f3	Product	Cuadro Coffee	<p>Medidas </p><p>Largo: 79 cm | Ancho: 41 cm </p>	339e71_e097c97cb1d943afa05ec61e5c50e6ed~mv2.jpg;339e71_e8f0ba71d0024fed80802f98fc5322ca~mv2.jpg	Adornos;Cuadros;Decoración	CUA0029		1950		true	PERCENT	0	1																																							
product_3a5bbf0a-211d-0eaf-a8d6-f35e295f852b	Product	Colgantes navideños en Chapa 	<p>Medidas: </p><p>20 cm de diámetro </p><p>Campana: Altura: 20 cm | Ancho: 22 cm</p><p>* consultar modelos disponibles *</p>	339e71_84c06a563c69452fa66089f19b3e6d08~mv2.jpg;339e71_68b3c1e3762846f59996a616d9a744fb~mv2.jpg;339e71_3e252dfccf8748fc924f25c92b4bcff0~mv2.jpg;339e71_799c43532ec04109af1649421e2fe625~mv2.jpg	Navidad	COL0032		890		true	PERCENT	0	InStock																																							
product_a5c9fa2f-14ef-8d9b-1873-2b55ce1bcf2e	Product	Sagrada familia en Hierro	<p>Medidas: </p><p>30 cm de diámetro </p>	339e71_18d10dd353bb4a0087e2a8fd1b468b15~mv2.jpg	Navidad	NAC0001		1950		true	PERCENT	0	2																																							
product_b4a23873-266a-4324-73bb-b4019accd7a2	Product	Pino Nevado 	<p>Medidas: </p><p>Altura: 60 cm  | Diámetro base: 40 cm Aprox </p>	339e71_ff8fb601f0c84a8f957932e2c1caae27~mv2.jpg	Navidad	ARB0004 		1490		true	PERCENT	0	2																																							
product_475ea084-b2d9-ed40-4f55-7a65ec84c34f	Product	Pino con Glitter 	<p>Pino con Luces y a pila </p><p>Medidas: </p><p>Altura : 60 cm | Diámetro base: 20 cm Aprox </p>	339e71_f3a1d4c21f764d65b2abde7ab7748c2e~mv2.jpg;339e71_fb0e5d8d68e94d18ac2ab27261eb223a~mv2.jpg;339e71_51de5f9d8d394c73a5a795de38253048~mv2.jpg	Navidad	ARB0006		1690		true	PERCENT	0	OutOfStock																																							
product_15bbcf18-915d-1352-ebfe-decdf216a284	Product	Bandeja Beige 	<p>Bandeja en cerámica </p><p>Medidas: </p><p>Diámetro: 26 cm </p>	339e71_befa9777789c412fbd8e2a042a6fa913~mv2.jpg;339e71_4a98ab5ea028436380a0e3538e4f324f~mv2.jpg;339e71_f212eec8090c4878a47d9776e927afc3~mv2.jpg	Navidad;Cocina	BAN0149		750		true	PERCENT	0	1																																							
product_1e1cc129-84f7-550b-7845-edc94929b10e	Product	Copo de Nieve 	<p>Medidas:</p><p>Diámetro: 26 cm Aprox </p>	339e71_d12f6afd5c12429084d6415f31d08042~mv2.jpg;339e71_116dffdec334414d8f33c4f0ccc762e6~mv2.jpg	Navidad	COP0060 		230		true	PERCENT	0	2																																							
product_b19af6cf-8f44-d969-ae52-2f8d73f338ee	Product	Corona White	<p>Medidas: </p><p>Diámetro: 46 cm Aprox </p>	339e71_08fe38bbc6ad42b69c78c1564f89584a~mv2.jpg	Navidad	COR0010 		1590		true	PERCENT	0	OutOfStock																																							
product_9b29aac6-fafb-cb94-0bf6-a54fa1c1710f	Product	Pino en hierro Grande 	"<p>Medidas: </p><p>Altura: 25, 5 cm | Ancho: 17 cm </p>"	339e71_612f55b3792e4cd7b12b25a3567fe2f3~mv2.jpg	Navidad	PIN0013		1190		true	PERCENT	0	1																																							
product_833f9a13-a546-dd24-2887-4666e37d1e79	Product	Centro Navideño 	"<p>Medidas:</p><p>Diámetro: 34,5 cm | Altura de la la casa incluyendo base: 25 cm</p><p>* No incluye vela *  </p>"	339e71_3895d6d7302843f9b9551d1dfd93289e~mv2.jpg	Navidad			1490		true	PERCENT	0	1																																							
product_950dd228-8015-1686-8218-98777fbc85b6	Product	Angelitos 	"<p>Medidas: </p><p>Altura: 10,5 cm | Ancho: 9cm </p>"	339e71_f31c20d5fe044ab29ebd5789f3ebbf21~mv2.jpg	Navidad			160		true	PERCENT	0	5																																							
product_32275ca4-014f-024f-181d-5f074c2dce07	Product	Mantel Vet 	<p>Medidas: </p><p>Largo : 2 mt x 1 mt 10 cm de ancho</p>	339e71_8bc3bc54b9bf42b09fa1ab45e5c31453~mv2.jpg;339e71_98111ad9fe2e451db80284ebae94ef4e~mv2.jpg;339e71_69167bb8857e475b8605944f82726923~mv2.jpg	Textiles			1790		true	PERCENT	0	OutOfStock																																							
product_3081f6dd-a32c-0893-aa8e-e40f7d6e5bf5	Product	Mantel Beg 	"<p>Medidas:</p><p>Largo: 2,50 x 1,40 mt de ancho </p>"	339e71_1bd4d62732f24d77ad610e6058c3008d~mv2.jpg;339e71_05584a03634c4920acfd0d8d01b39c9e~mv2.jpg	Textiles	MAN0067		1890		true	PERCENT	0	OutOfStock																																							
product_a6d5307a-ea04-f5ab-0e9a-7ca9e86b3f23	Product	Corona Silver 	<p>Medidas: </p><p>Diámetro: 30 cm </p>	339e71_6f71893a7f9b4618a60773766cedffa4~mv2.jpg	Navidad			1190		true	PERCENT	0	OutOfStock																																							
product_4794c7ae-5e16-7c2f-fead-b68dd34636d3	Product	Bota Nieve 	<p>Bota de navidad</p><p>Medidas: </p><p>Altura: 40cm | Ancho de abajo : 20 cm Aprox </p>	339e71_1c5fa21eedf84c0a9d72e7fda9d628f9~mv2.jpg	Navidad	BOT0003		790		true	PERCENT	0	1																																							
product_fd620263-0ced-5c8b-3f93-641d0b01894a	Product	Pino de cerámica 	<p>Medidas: </p><p>Altura: 23cm | Diámetro base: 9cm </p><p>*Consultar modelos disponibles *</p>	339e71_333bca0550de48b6afbaefaa7c12d687~mv2.jpg	Candelabros / Fanales;Navidad	PIN0014		990		true	PERCENT	0	OutOfStock																																							
product_cf20baec-260d-fba5-ee3f-8fb0e7cdf6d1	Product	Fanal Estrella  	"<p>Fanal en cerámica </p><p>Medidas: </p><p>Altura: 9,5cm | Diámetro arriba: 7,7 cm Aprox </p>"	339e71_3df22732c19e488284816677ef8ac5d8~mv2.jpg;339e71_9c633a14501f4486b2ec87861b71ae94~mv2.jpg;339e71_ea06a28da54b40f0a355ec21bd455043~mv2.jpg	Adornos;Candelabros / Fanales;Decoración	FAN0065		890		true	PERCENT	0	3																																							
product_b839b0d3-3365-111c-313a-51e60f60a214	Product	Centro redondo pasta piedra y cuero 	<p>Medidas: </p><p>38.5 cm de diámetro </p>	339e71_333d6dae9666473fa1a402492f9cbd5c~mv2.jpg	Adornos;Decoración			2490		true	PERCENT	0	OutOfStock																																							
product_4240b523-2a8e-b799-02f0-5323f3ac874d	Product	Set de Utensilios 	<p>Set x 6 utensilios de silicona </p><p>Medidas: </p><p>Largo: 32 cm | Ancho : 7 cm Aprox </p><p></p>	339e71_13ce976c0515477393d01a2d5d45b095~mv2.jpg	Cocina	SET0003		1190		true	PERCENT	0	1																																							
product_e6ed5a95-e09a-108d-4366-b2c79cb741c5	Product	Copas de Champagne 	<p>Copas de Champagne borde dorado </p><p>Set x  6 </p><p>Medidas: </p><p>Altura: 23 cm | Diámetro: 4 cm Aprox</p>	339e71_b1fb7ea6e3624756a03c81899f30136d~mv2.jpg;339e71_d74e3f6a341f428ebdac7ee96203a882~mv2.jpg	Cocina;Vasos | copas | tazas 	COP0059		1600		true	PERCENT	0	OutOfStock																																							
product_e668a7d4-261f-bd99-f555-83d43d3e4ba4	Product	Copas Esma	"<p>Copas de cristal </p><p>Set x 2 </p><p>710 ml</p><p>Medidas:</p><p>Altura: 22 cm | Diámetro: 7,7 cm Aprox</p>"	339e71_4302f4aa750a4438a0ff89a5e47f66e2~mv2.jpg	Cocina;Vasos | copas | tazas 	COP0058		1200		true	PERCENT	0	1																																							
product_421bc44c-f518-feda-d4a0-33c4fcf3465e	Product	Casita chimenea 	"<p>Casita en cerámica con base </p><p>Vela aparte </p><p>Medidas:15 x 7,5 cm (incluyendo base)</p>"	339e71_c65e6dde0d4a4169b7cadb77876f7b06~mv2.jpg;339e71_2de559edb1754e40bf62412f17cddf5f~mv2.jpg;339e71_7158113062c2468a9093ae99751162de~mv2.jpg	Adornos;Decoración;Navidad	CAS0009		950		true	PERCENT	0	OutOfStock																																							
product_a83f8744-bfc6-b1a3-a19e-6e6b38921147	Product	Sujeta manteles 	<p>Set x 4 </p><p>Aprox 15 cm de altura cada uno </p><p>* Consultar modelos en stock  * </p>	339e71_ebca2384d46a42a2abe746d0b1e83310~mv2.jpg;339e71_7bbf68a0c6304b1a9abb7c8b032dae68~mv2.jpg;339e71_d1ef2cfaca734c428fafba85d70ff1f4~mv2.jpg;339e71_ed867607c08c4912a7ff1de4030b1994~mv2.jpg;339e71_76814580f75c4ea582b010c9a50f3313~mv2.jpg;339e71_a98185d8cfd24bd3a69d2d5294487b20~mv2.jpg;339e71_810c94656ad747d6a5663adddbfb68f3~mv2.jpg;339e71_4b8e4afdc8fb4542a94036f4faff717d~mv2.jpg;339e71_70d77587890442d494524bc621ff34a7~mv2.jpg;339e71_226911b068e84013bd6558413fae3eeb~mv2.jpg;339e71_7b4fdeb9051b452c8713c8a5ce4995f0~mv2.jpg;339e71_1b5142419f2c4bf5afac9688ee7d2719~mv2.jpg	Adornos;Decoración	SUJ0025		1100		true	PERCENT	0	14																																							
product_b0a1097c-ccfb-c510-b455-3574bafa1e3e	Product	Vasos Ivet 	"<p>Medidas:</p><p>Altura: 11,5 cm | Diámetro : 7 cm</p><p>&nbsp;</p><p>Set x 6</p>"	339e71_6af14898409b4ed9965f9bb427de3d2c~mv2.jpg;339e71_75f9e62262b64191b2ab5d55e7af37b0~mv2.jpg	Vasos | copas | tazas ;Cocina	VAS0034		1190		true	PERCENT	0	1																																							
product_5f03c839-96c1-8f5b-5cd2-ae3dbc9ac094	Product	Casita de cerámica     	<p>Casita en cerámica con base.</p><p>Vela aparte. </p><p>Medidas: 15 x 7.5 cm (incluyendo base) </p>	339e71_edb9f80ac33349898d7a54ece9da8147~mv2.jpg	Adornos;Decoración;Navidad	CAS0007		690		true	PERCENT	0	OutOfStock																																							
product_ee142e9a-6287-5f7b-6275-f56f621d1651	Product	Vasos de vidrio 	"<p>Vasos de whisky </p><p>Medidas: </p><p>Altura: 9cm | Diámetro: 8,4 cm</p><p></p><p>* SET X 6 * </p>"	339e71_feaae889adca4cd8814f26623d5a72e9~mv2.jpg;339e71_2476c968a20d46b097f9ce06f4989a4e~mv2.jpg	Vasos | copas | tazas ;Cocina	VAS0036		890		true	PERCENT	0	2																																							
product_326053cb-97f8-65a1-0016-b2191f3f8695	Product	Lámpara | veladora Caliza 	"<p>Lámpara de cerámica</p><p>Medidas: </p><p>Altura total: 55,5 cm </p><p>Diámetro base: 20 cm </p><p>Pantalla: Diámetro parte grande: 38cm | parte chica: 30,5 cm</p>"	339e71_d8e96d4f0c454779a50d99ce53dd5371~mv2.jpg;339e71_a1faec2376154dc09510a7ab188ed86d~mv2.jpg	Adornos;Decoración;Iluminacion	LAM0071		12900		true	PERCENT	0	1																																							
product_067a1c7d-e575-4056-5484-3c58811df2db	Product	Candelabro Rome PEQUEÑO 	"<p>Candelabro en madera </p><p>Medidas: </p><p>Altura: 20 cm | Diámetro base: 10,7 cm | Diámetro arriba: 10,5 cm </p><p>* No incluye vela* $220 </p>"	339e71_07cb3ef90db646e38cdfdcf93e287934~mv2.jpg;339e71_aa3c5573656a4280b615c8d42f27c166~mv2.jpg	Candelabros / Fanales	VEL0099		690		true	PERCENT	0	1																																							
product_2a2b6cbf-7f95-9960-b7df-843002601385	Product	Candelabro Rome MEDIANO 	"<p>Candelabro en madera </p><p>Medidas: </p><p>Altura: 23,7 cm | Diámetro base: 10,7 cm | Diámetro arriba: 10,5 cm </p><p>* No incluye vela* $ 220 </p>"	339e71_566151120cb140738a0f466d396aa8c4~mv2.jpg;339e71_1c422e94494b45e5a32a1608306124b6~mv2.jpg	Candelabros / Fanales	VEL0098		790		true	PERCENT	0	4																																							
product_f9be6203-1186-ce58-c6ae-a6bf397f8479	Product	Candelabro Rome GRANDE 	"<p>Candelabro en madera </p><p>Medidas: </p><p>Altura: 28 cm | Diámetro base: 10,7cm | Diámetro arriba: 10,5cm </p><p>*No incluye vela* $220 </p>"	339e71_daf0ea73c2d24de5b0619f3bf3a1d81f~mv2.jpg;339e71_0e925dce379542ebbdc6ed432a8d9809~mv2.jpg	Candelabros / Fanales	VEL0097		990		true	PERCENT	0	4																																							
product_2eb0f597-839c-5d22-6f31-166bedc4000a	Product	Puff Zafiro 	"<p>Puff de ratán  súper firme también se puede utilizar como mesa </p><p>Medidas: </p><p>Altura: 39,5 cm | Diámetro:  75 cm </p>"	339e71_8f7c4860849b4fcdb99cf1eef5d52dca~mv2.jpg;339e71_0c2b731f746c4323b7fc1791f38eeae6~mv2.jpg;339e71_3e2fcadce8944bdab63d7f8b23ef1ef3~mv2.jpg;339e71_314c8470c0614cac976d551f90bfd55c~mv2.jpg	Sillones/bancos;Decoración			6950		true	PERCENT	0	4																																							
product_9357f7de-8450-5d80-73e0-076ecc0dd53f	Product	Denarios 	"<p>Denarios de pasta piedra </p><p>Medidas: </p><p>Largo total: 37,5 cm | Ancho cruz: 9,5cm</p><p></p><p>*Aclarar cuál de ellos*</p>"	339e71_56236dfe9fea4ffeb1e05c2ee030cc87~mv2.jpg;339e71_202c3d26d9464ca09bc3d80274338d19~mv2.jpg	Religiosos	DEN0004		1750		true	PERCENT	0	OutOfStock																																							
product_41b4c152-71fd-9be4-7910-418453a376ce	Product	Sagrada familia en madera 	<p>Medidas : </p><p>Altura: 21 cm | Ancho: 14 cm </p>	339e71_b831106d33ce4d8ab7dec63ee25b126e~mv2.jpg	Religiosos;Adornos;Decoración;Navidad	REL0044		3900		true	PERCENT	0	OutOfStock																																							
product_b0737cd7-52bc-f7b7-533d-8626124b27cb	Product	Pesebre artesanal en Lana 	"<p>Pesebre hecho a mano en lana </p><p>Medida: </p><p>Jose : Altura: 32,5 cm | Ancho: 12 cm Aprox </p><p>María: Altura: 26 cm | Ancho : 14 cm Aprox</p>"	339e71_de76d4e6a5b84af49d8721cf7dba9f3b~mv2.jpg	Navidad;Religiosos	PES0057		1690		true	PERCENT	0	1																																							
product_6fac8f29-98be-9601-ef33-34ed667301eb	Product	Pesebre artesanal en Tela 	<p>Pesebre hecho a mano en tela </p><p>Medidas: </p><p>Jose: Altura: 30cm | Ancho: 11cm Aprox </p><p>María: Altura: 29 cm | Ancho: 14 cm Aprox </p><p>Jesús 7 x 7 cm Aprox</p><p>CONSULTAR MODELOS DISPONIBLES</p>	339e71_0fb4bbc5305a47c6942953ac1cfc2909~mv2.jpg;339e71_b517aa255f074b26bbce4c9e5ee30218~mv2.jpg;339e71_c2a98af25894488ea5d8e69b4051cf79~mv2.jpg	Navidad;Religiosos	PES0056 		1790		true	PERCENT	0	3																																							
product_5f8c15de-02d7-1632-2ce1-ff01fb7774ba	Product	Pesebre artesanal en Alpillera 	<p>Pesebre hecho a mano en arpillera </p><p>Medidas: </p><p>Jose: Altura: 30 cm | Ancho: 12cm Aprox </p><p>María: Altura: 28cm | Ancho : 11cm Aprox </p><p>Jesús: 7 x 7 cm Aprox </p><p>CONSULTAR MODELOS DISPONIBLE</p>	339e71_f0fe6cfda8e34a999ccbdb4320983f94~mv2.jpg;339e71_557ef7eb2d63412abfe69575065e1e97~mv2.jpg;339e71_9e2f1d0081034e5a8875cd6e8887e410~mv2.jpg;339e71_cbf80849e861427888bbdcbed37bab2a~mv2.jpg;339e71_15497c31cbda4e4e8a65d0a2c9ff2ade~mv2.jpg;339e71_0def7234311548609e4a027c7aed17b8~mv2.jpg;339e71_f12da0348ce94497926cf94f841ac9cf~mv2.jpg;339e71_a63c947d36db481099d752403f7eef9d~mv2.jpg;339e71_0776ab62ec59471baaa50f9084cdbc48~mv2.jpg;339e71_4a13bbf26bad4a2a84504e9b46115b28~mv2.jpg;339e71_c0e3d1ac6cae4f81ad3528f855ff4a91~mv2.jpg	Navidad;Religiosos	PES0055		1790		true	PERCENT	0	7																																							
product_677d079d-c455-d3cd-df83-09c992fbbeef	Product	Pajaro en Madera 	"<p>Pajarito en madera </p><p>Medidas: </p><p>Altura: 15cm | Largo: 25,5 cm | Ancho: 9cm </p>"	339e71_8ab71fa3b6234b24a1789408da1e0ed9~mv2.jpg;339e71_0c9e40adf1254a359045d3f1da87eb1f~mv2.jpg;339e71_3e8e6639b54b4d0eb5c4f25b0d37889f~mv2.jpg;339e71_2b3d7cf48a09407b838590d08e43a90d~mv2.jpg	Adornos;Decoración	PAJ0005 		2590		true	PERCENT	0	2																																							
product_27ad2e4c-4bf0-795e-2cce-2ed088151e72	Product	Candelabro Atenas PEQUEÑO 	"<p>Candelabro en madera </p><p>Medidas: </p><p>Altura: 20 cm | Diámetro base: 10,5cm | Diámetro arriba:9,9 cm</p><p>* No incluye vela* $180</p>"	339e71_98639c64fcba45c5944580ab2564e799~mv2.jpg;339e71_33062c84eb1b444f9344e15e51f5b534~mv2.jpg	Adornos;Candelabros / Fanales;Decoración	VEL0102		690		true	PERCENT	0	4																																							
product_705af775-2ea1-77d1-e6f5-6374751ae95a	Product	Candelabro Atenas  MEDIANO 	"<p>Candelabro en madera </p><p>Medidas: </p><p>Altura: 26 cm | Diámetro base: 10,5 cm | Diámetro arriba: 9,9cm</p><p>*No incluye vela* $180 </p>"	339e71_f6c1c32f0fc1463ba905406697c59bca~mv2.jpg;339e71_c9f63d4cb6b840babd380e953c179838~mv2.jpg	Candelabros / Fanales;Decoración;Adornos	VEL0101		790		true	PERCENT	0	4																																							
product_03b07916-fa43-6925-5d2f-9f97fbe8e70c	Product	Candelabro Atenas  GRANDE	"<p>Candelabro en madera </p><p>Medidas:</p><p>Altura: 30,5 cm | Diámetro base: 11,5 cm | Diámetro arriba: 9,5 cm </p><p>* No incluye vela* $ 180 </p>"	339e71_21764a173b114aaeb9198ccd1618e542~mv2.jpg;339e71_aa2c8bbc167747829fbdbf186957adb7~mv2.jpg	Adornos;Decoración;Candelabros / Fanales	VEL0100		990		true	PERCENT	0	4																																							
product_8527c02f-6344-066d-c733-f5e93ce5f0c7	Product	Ventilador Palma 	<p>Información ???????</p><p>*No tiene luz*</p><p>•Control remoto y distintas velocidades</p><p>Medidas: </p><p>Diámetro: 1.32 cm</p>	339e71_97520f3c9bed4261bde35bcf7e9aed12~mv2.jpg;339e71_3852e1b19b6f469bb2ad15f8bf2f0118~mv2.jpg;339e71_0f318d55a1154d84982958b50fa60e83~mv2.jpg;339e71_852ccaa72ef541a98bb2a63fa4febd8c~mv2.jpg;339e71_77c89a1e7b094c8dae46603095d7e0eb~mv2.jpg	Decoración;Varios	VEN0004		11900		true	PERCENT	0	1																																							
product_6b963c03-d9f1-a869-5bee-35a80790e16a	Product	Mesa auxiliar Glass	<p>Mesa en madera y rattan </p><p>Medidas </p><p>Altura: 55cm </p><p>50x50 cm </p>	339e71_6f8f52c521ae4a64888ef9a3e90f4df5~mv2.jpg;339e71_6dd20a83b37b45d591427520d0c0eff5~mv2.jpg	Mesas	MES0064		7900		true	PERCENT	0	1																																							
product_a8a88c13-6d83-0720-db25-17005bcf2b87	Product	Silla Holly 	"<p>Silla en madera y rattan </p><p>Medidas: </p><p>Asiento: 44,5cm </p><p>Altura asiento: 43cm </p><p>Altura total: 95,5cm </p><p>*Precio por unidad* </p>"	339e71_2bdec137175049dead90f55ab996fdc4~mv2.jpg;339e71_5cb001164ca941c6a137d5e39e9ff960~mv2.jpg;339e71_b65a1a9faf0a41d69272a7181c4b8956~mv2.jpg;339e71_7d29dd10ad1442fcae9649466a5ebfd8~mv2.jpg;339e71_1756e8bd911c455a86bf88f066370a03~mv2.jpg	Sillas	SIL0029 		10900		true	PERCENT	0	2																																							
product_c2e13898-5151-51bb-eb37-2e3aeb72dd9b	Product	Copas de helado Blow  	<p>Set x 6 copas de helado </p><p>Medidas: </p><p>Altura: 10 cm | Diámetro: 9 cm </p>	339e71_d82a441f204e4ef69e53d7791daed7a9~mv2.jpg;339e71_17440b81b0ca4440895b7938d872e64b~mv2.jpg;339e71_a6b2575cb18948db89fbb23b5cb7e2b9~mv2.jpg	Cocina;Vasos | copas | tazas 	COP0056		990		true	PERCENT	0	1																																							
product_d18ff456-73e7-e800-1599-7ef52bb0b403	Product	Porta pan GRANDE 	"<p>Medidas: </p><p>Altura : 23,5 cm | largo total, 33cm </p>"	339e71_2e4b307595ff43758b0ecef53452fc00~mv2.jpg;339e71_17133d44a1e441a09c59d26a6e0cfa89~mv2.jpg	Decoración;Cocina	BANOO58		2100		true	PERCENT	0	1																																							
product_fc79ad85-6991-8801-2be6-caee4306b980	Product	Porta torta PEQUEÑO 	"<p>Medidas: </p><p>Altura: 16,5 cm | Diámetro total: 15cm </p>"	339e71_cb7ea7c8f2764a8b862e7ce93aca8230~mv2.jpg;339e71_e00b944c5ac447469d88afc849a88231~mv2.jpg	Decoración;Cocina	POR0095		1590		true	PERCENT	0	1																																							
product_3954b117-f4fb-febd-87a7-4efb873805ae	Product	Porta torta MEDIANO 	"<p>Medidas: </p><p>Alto: 20cm | Diámetro total : 21,5</p>"	339e71_a408bfcb6ef74a908ad0fd8417080247~mv2.jpg;339e71_d4e63e1d2dbf488d9af8f9a4378bd322~mv2.jpg	Decoración;Cocina	POR0096		1790		true	PERCENT	0	1																																							
product_0d93a677-ffbc-bae7-4db7-3e291e6c08e6	Product	Porta torta GRANDE 	"<p>Medidas:</p><p>Altura  : 30cm | Diámetro total : 28,5 cm</p>"	339e71_acbaa6fa98cf45a2ad270f5f4f45e7de~mv2.jpg;339e71_d191241d14b848e2b9c431a490400d31~mv2.jpg	Decoración;Cocina	POR0094		2190		true	PERCENT	0	1																																							
product_e12899e2-6664-b0da-3986-3e7d7672ba34	Product	Copetinero x 3 	<p>Copetineros en madera </p><p>Medidas: </p><p>Largo: 41cm | Ancho: 15 cm | Alto: 5cm </p>	339e71_a2bffb19f0db4a33804531152f12c9b9~mv2.jpg;339e71_69a3fe323045469aba3e7a602e9db186~mv2.jpg;339e71_ee4ea22bc9804212a5d7c2d8f7355f72~mv2.jpg	Decoración;Cocina	COP0050 		2100		true	PERCENT	0	1																																							
product_4a53350d-7730-87b4-6f27-72b862fdabb2	Product	Candelabro Dorado MEDIANO	"<p>Candelabro en metal y vidrio </p><p>Medidas: </p><p>Altura: 40 cm | Diámetro base: 7,5cm | Diámetro vidrio: 4,5 cm </p>"	339e71_35f147f2b0c545779d110eb165b18560~mv2.jpg;339e71_a2404c2ebb59434dbb67ba1e171447ad~mv2.jpg	Candelabros / Fanales;Adornos;Decoración	CAN0113		890		true	PERCENT	0	1																																							
product_24c5ddcf-04d9-6985-a89e-a81458ab9ae4	Product	Candelabro Dorado GRANDE 	"<p>Candelabro en metal  y vidrio </p><p>Medidas: </p><p>Altura total: 50cm | Díametro base: 7,5cm | Diámetro vidrio: 4,5 cm </p>"	339e71_9bc8041a639f42cc9ab956c6807e99cb~mv2.jpg;339e71_f8ace1779caa4498827d0442150c69b5~mv2.jpg	Adornos;Decoración;Candelabros / Fanales	CAN0112		990		true	PERCENT	0	2																																							
product_fbefe043-80e6-b73d-30de-d3c22b8c68ff	Product	Almohadón Rubí 	<p>Medidas:  48 x 47 cm</p><p>*Incluye relleno* </p>	339e71_5d48536b31bd4098865434ffeccc569c~mv2.jpg;339e71_6cfe989524394998a813250f9e1de309~mv2.jpg	Decoración;Textiles	ALM0034 		2590		true	PERCENT	0	2																																							
product_1e3f6e87-0df6-1d55-25a1-effd72cb2612	Product	Pesebre petit dos piezas 	"<p>Pesebre en yeso </p><p>Medidas: </p><p>Jose:  Altura: 14 cm | Ancho: 7cm </p><p>María: Altura: 13 cm | Ancho: 5,5 cm</p><p>* NO INCLUYE CASA* </p><p>Precio casa $ 1250 </p><p>Medias casa: </p><p>Altura: 28 cm | Ancho: 25cm </p>"	339e71_f17a447f0fb44c70a2471febb57997a8~mv2.jpg	Religiosos;Navidad			1590		true	PERCENT	0	OutOfStock																																							
product_78bc1f32-7b55-be7e-426c-5d922f6ade3c	Product	Pesebre una pieza  	"<p>Pesebre en yeso </p><p>Medidas: </p><p>Altura: 24 cm | Ancho: 12,5 cm </p><p>*NO INCLUYE CASA* </p><p>Precio casa $ 1.090 </p><p>Medidas casa: </p><p>Altura: 43 cm | Ancho: 30cm </p>"	339e71_1dd3859607ab49e9bc48b69c8c401728~mv2.jpg	Religiosos;Navidad	PES0052 		1590		true	PERCENT	0	OutOfStock																																							
product_0beab3cf-0894-2bfc-9641-80e9731d6d63	Product	Pesebre en Madera 	"<p>Pesebre en madera </p><p>Medidas casa: 30cm | Ancho: 20 cm</p><p>Jose: Altura: 11,5 cm | Ancho: 3,5cm </p><p>María: Altura: 10 cm | Ancho: 3,5 cm </p>"	339e71_db3aab49a49d4e43bd77a49fd1bd4f3e~mv2.jpg;339e71_451a375d58e5464b8428cc11c275937e~mv2.jpg	Religiosos;Navidad	PES0049 		1850		true	PERCENT	0	OutOfStock																																							
product_ef4bb0df-e0e1-7c29-30f2-016ca823fb57	Product	"Pesebre Jose, María y Jesús Gold "	<p>Pesebre en yeso </p><p>Medidas: </p><p>Jose: Altura: 23cm | Ancho: 9cm </p><p>María: Altura: 22cm | Ancho: 9cm </p><p>Jesús : largo: 15cm | Ancho: 10 cm</p>	339e71_0c98033dacac4cd5bd3f6afc64c5b098~mv2.jpg	Religiosos;Navidad	PES0050 		2390		true	PERCENT	0	OutOfStock																																							
product_35cbfb1e-f476-cc98-1712-e1a375fc90e3	Product	"Pesebre José , Maria y Jesús "	"<p>Pesebre en yeso </p><p>Medias: </p><p>Jose:  Altura: 24 cm | Ancho: 9,5 cm</p><p>María: Altura: 18cm | Ancho: 10cm </p><p>Jesús : | Largo : 12cm | Ancho: 9cm</p>"	339e71_345e7426bc454f53960b9b82ba0d6cdd~mv2.jpg	Navidad;Religiosos	PES0051		2390		true	PERCENT	0	0																																							
product_00da8399-0dc7-40cc-d6c6-58aed93c6548	Product	Pesebre Silver 	"<p>Pesebre en yeso </p><p>Medidas :</p><p>Jose: Altura total con aro: 23,2 cm | Ancho: 5cm </p><p>María: Altura total con aro: 18cm | Ancho: 4 cm </p><p>* NO INCLUYE CASA* </p><p>Precio casa$ 1450 </p><p> Medidas casa: </p><p> Altura: 31cm | Ancho: 24,5 cm</p>"	339e71_efdf4dcff75440aea86b21530c590223~mv2.jpg	Religiosos;Navidad			1990		true	PERCENT	0	1																																							
product_6db8d613-7537-4d58-559f-4432a59fc150	Product	Pesebre Gold 	"<p>Pesebre en yeso </p><p>Medidas: </p><p>Jose: Altura total con aro: 24 cm | Ancho: 5cm</p><p>María: Altura total con aro: 18,5 cm | Ancho: 4cm</p><p>* NO INCLUYE CASA* </p><p> Precio casa $ 1.090</p><p> Medidas casa:  Altura: 43cm | Ancho: 30cm </p>"	339e71_4fb230c8d2b84f98ae88fcd5c833551f~mv2.jpg	Religiosos;Navidad	PES0054		1990		true	PERCENT	0	OutOfStock																																							
product_cbbdeddd-ac26-7e2f-71cd-8e29280910df	Product	Pesebre en encastre Pequeño 	<p>Pesebre en encastre Pequeño cerámica </p><p>Medidas: </p><p>Altura: 15cm | Ancho: 7cm </p><p>*NO INCLUYE CASA* </p><p>Precio casa: $ 1250 </p><p>Medidas casa: </p><p>Altura: 28 cm | Ancho: 25 cm</p>	339e71_41686fc4899443d081ba998e51417df1~mv2.jpg	Religiosos;Navidad	PES0046		2490		true	PERCENT	0	1																																							
product_bc042fc4-3bb4-aae9-90d7-99b984a3c2b4	Product	Pesebre encastre Grande 	"<p>Pesebre en cerámica 3 piezas </p><p>Medidas: </p><p>Altura : 18,5cm | Ancho: 12 cm </p><p>* NO INCLUYE CASA* </p><p> Precio casa $ $1.090</p><p> Medidas casa: </p><p> Altura: 43cm | Ancho: 30 cm</p>"	339e71_3b2a3bd0e7c0428092083cc4c9cb2a14~mv2.jpg	Religiosos;Navidad	PES0041		4290		true	PERCENT	0	1																																							
product_76feeaec-de4b-9ad5-bbe8-c019f6a5ecbc	Product	Pesebre Nido 	<p>Pesebre en cerámica</p><p>Medidas: </p><p>Altura: 17cm | Ancho: 8cm</p><p>*NO INCLUYE CASA*</p><p>Precio casa $ 1.250 </p><p>Medidas casa: </p><p>altura: 28 cm | Ancho: 25cm</p>	339e71_859db097c816452fb4d18ea54450548e~mv2.jpg	Navidad;Religiosos	PES0044		2890		true	PERCENT	0	1																																							
product_3abbbaa2-39ac-5141-abf1-04cb3f825ffd	Product	Virgen Milagrosa Chica 	"<p>Virgen en yeso </p><p>Medidas: </p><p>Altura: 26cm | Ancho: 10,1 cm</p>"	339e71_9b344b4fdf4f427ab05c6a6f276966ee~mv2.jpg;339e71_3b6d738a7ba84ec2aaabfefd3abdfa95~mv2.jpg;339e71_05aa15baffd14616b271d3c7c3408b40~mv2.jpg	Religiosos	VIR0031		1890		true	PERCENT	0	1																																							
product_42000365-605e-800b-eefa-6eb6d8583a76	Product	Virgen Milagrosa Grande 	"<p>Virgen en Yeso </p><p>Medidas: </p><p>Altura: 27,5 cm | Ancho: 12.5 cm</p>"	339e71_9d5502171a734dbaaa09487b5692035f~mv2.jpg	Religiosos	VIR0030		2100		true	PERCENT	0	OutOfStock																																							
product_3a715a43-fd6c-95e7-5aac-547bdd761cb4	Product	Cuadros Jade 	<p>Medidas: 50 x 40 cm </p><p>Precio por unidad </p>	339e71_0dd990a0eee34db39dc5a83092f12e4b~mv2.jpg;339e71_24b7dd1931e64e6f8ef3d2ccff319594~mv2.jpg	Adornos;Decoración;Cuadros	CUA0054		3490		true	PERCENT	0	2																																							
product_3cfe097d-59bd-e07d-21db-28fc4e6287e7	Product	Set de cubiertos NEGROS 	<p>Set x 24 piezas</p><p>Incluye: </p><p>4 Cuchillos </p><p>4 Tenedores</p><p>4 Cucharas grandes </p><p>4 Cucharas chiquitas  </p><p></p>	339e71_d69fed7d18f2411f8d744516b9158654~mv2.jpg	Cocina	CUC0015 		3990		true	PERCENT	0	InStock																																							
product_029649aa-0265-b00a-9165-80e331943813	Product	Cucharas HOJA 	<p>Cucharas doradas </p><p>Set x 6 </p><p></p>	339e71_9682d4af56b5449fa1b234fba0290ea0~mv2.jpg;339e71_1f9f1c7250ce4f478e7b4f6d46db63ef~mv2.jpg	Decoración;Cocina	CUC0019 		990		true	PERCENT	0	3																																							
product_5cc84c27-11b2-c7f3-da6f-1cf7623bf1f3	Product	Árbol de la vida en madera PEQUEÑO 	"<p>Medidas: </p><p>Altura: 26 cm | Diámetro: 19,3 cm </p>"	339e71_cbdf063bc98941c88bc5b3914df1554c~mv2.jpg;339e71_deee854ac0df46228ee532406aa72df5~mv2.jpg	Adornos;Decoración	ARB0003		1490		true	PERCENT	0	1																																							
product_fd9d3f0c-34c3-ad89-0eca-c69741f5e5ee	Product	Árbol de la vida en madera MEDIANO 	"<p>Medidas: </p><p>Altura: 31,5 cm | Diámetro: 24,5 cm </p>"	339e71_55b0647d1f0043cb84280107d6936502~mv2.jpg;339e71_4a5f213f561c44f7837a01c95773e9dc~mv2.jpg	Adornos;Decoración	ARB0002		1890		true	PERCENT	0	1																																							
product_b7254e06-10aa-1991-4aaa-5b7aa3dca856	Product	Árbol de la vida en madera GRANDE 	"<p>Medidas: </p><p>Altura: 36,5 cm | Diámetro: 29,5 cm </p>"	339e71_8f3df1c4ce83430fa183b9866c2e5257~mv2.jpg;339e71_cb4dd54ff2d140cc963fd767c6e0c4af~mv2.jpg	Adornos;Decoración	ARB0001		2100		true	PERCENT	0	1																																							
product_a9f1c332-776e-24dc-a3b5-161256aa5cf4	Product	Mesita rústica 	"<p>Mesita en madera Suar </p><p>Medidas:</p><p>Diámetro: 74,5 cm | Altura: 40 cm</p>"	339e71_08a792fd40b54fb7a182dbd8a1b9dd96~mv2.jpg;339e71_467a7e840a0c46959ab9ee9e49ec4aec~mv2.jpg;339e71_96eaab3140104321bd44aa663c901443~mv2.jpg	Mesas;Mobiliario	MES0063		21900		true	PERCENT	0	1																																							
product_8609f0dd-10d1-b883-224a-8ac5273ca5d3	Product	Mandala en pasta piedra  	<p>Medias: </p><p>Diámetro: 33cm | largo total con flecos: 75cm</p><p>*Elegir diseño* </p>	339e71_8cd19c7fe4a54cb49c8734f48af834ee~mv2.jpg;339e71_b9696467de0a41de9fbd0dab395f81f6~mv2.jpg;339e71_ed3263ca345a415fa3b0799fe98ab8d7~mv2.jpg	Adornos;Decoración	MAN0050		1890		true	PERCENT	0	1																																							
product_b04304dd-9629-977c-6ce9-1e8da30bab14	Product	Almohadón Cherry	<p>Medidas:  </p><p>Largo: 52 cm | Ancho:26cm </p><p>* Incluye relleno* </p>	339e71_a8129a6cf1aa4533b0431ab49d630a1c~mv2.jpg;339e71_9956b885907143b29e671a71f58e63e2~mv2.jpg;339e71_0761af3c29724b2f923a56c0435e55cd~mv2.jpg	Adornos;Decoración;Textiles	ALM0036 		2590		true	PERCENT	0	2																																							
product_ad7f8cd1-a702-cf2b-9b70-410d1054706d	Product	Mesa + Bancos bar 	<p>Madera  de Mango y metal </p><p> Medidas: </p><p> Mesa: Diámetro 90cm | Altura: 92 cm </p><p> Silla: Diámetro: 36 cm | Altura : 66cm</p>	339e71_eec933f96b3a4c3eaad99330f2ea226a~mv2.jpg;339e71_39e03a8af34547b4bb8a196c8385173f~mv2.jpg;339e71_41764ab3fea7490d984539a566afe4a7~mv2.jpg;339e71_12028d8a173a4c51a4a5f073599a1dd8~mv2.jpg	Mobiliario;Mesas;Sillas	MES0062		39900		true	PERCENT	0	1																																							
product_93325ad7-51c6-6538-ea1b-1f0366f9befc	Product	Borla | sujeta cortina Metal 	<p>Medidas: </p><p>Largo total : 66cm </p><p>Largo desde el metal: 39cm</p>	339e71_51e8419a38ec42b6a0ebbd345df6b3fc~mv2.jpg;339e71_57d930c727544e3d962e3fdfe299ecb7~mv2.jpg;339e71_b7537bae0c7c4a67afe4b8d5c0c610cd~mv2.jpg	Adornos;Decoración	BOR0057 		890		true	PERCENT	0	OutOfStock																																							
product_3e829a4d-19ad-a7aa-8d03-7d700f074cb5	Product	Palmera de madera PEQUEÑA 	<p>Medidas: </p><p>Largo: 29cm | Ancho: 18 cm </p>	339e71_232375c841c9426bb869a9132b234ed0~mv2.jpg;339e71_bcb2c4c990aa43879a241b798e692232~mv2.jpg	Decoración;Adornos	PAL0007		1190		true	PERCENT	0	1																																							
product_35d7b342-28ed-450f-fed6-7d3fc21b53e5	Product	Palmera de madera MEDIANA 	<p>Medidas: </p><p>Largo: 35 cm | Ancho: 22 cm </p>	339e71_b8239adea295497895c09737a2ca126a~mv2.jpg;339e71_7879e4bf5d4a4f80b2c6b8b205e2eff6~mv2.jpg	Adornos;Decoración	PAL0006		1290		true	PERCENT	0	1																																							
product_84de83ea-2ded-1719-dca0-824f9ff0694e	Product	Palmera de madera GRANDE 	<p>Medidas: </p><p>Largo: 39cm | Ancho: 25cm </p>	339e71_50656974ae1044809fc8a50c2bc732b4~mv2.jpg;339e71_db83c32b265241a39e0bd9dafca25a75~mv2.jpg	Adornos;Decoración	PAL0005		1390		true	PERCENT	0	1																																							
product_acd8d7dd-7901-2a53-5cb4-275a2ad5587b	Product	Cuadro Mandala	<p>Cuadro en pasta piedra </p><p>Medidas: 46 x 46 cm</p>	339e71_12e6637da6f142ae976009392eb988bc~mv2.jpg;339e71_2bbecdbd4d21479aa5fdd0d5349ecd5b~mv2.jpg	Cuadros;Adornos;Decoración	CUA0050 		4990		true	PERCENT	0	OutOfStock																																							
product_034b565f-4a64-07ab-e285-e4a9905b0b84	Product	Zapatero en madera de Mango 	<p>Medidas: 1 m x 76 cm de Ancho | Profundidad: 21cm </p>	339e71_a0729df3a7d247de823a94c76c4d868e~mv2.jpg;339e71_5b29f0597be8449598d1dacadd3c1d3e~mv2.jpg;339e71_e7aceafebb564ded96a2695111950820~mv2.jpg	Mobiliario	ZAP0007		16900		true	PERCENT	0	OutOfStock																																							
product_6e2584f0-40f5-fc3c-d22f-7b4a6c0f8eb0	Product	Caballo en madera PEQUEÑO 	<p>Medidas: Altura : 31 cm | Ancho 16 cm</p>	339e71_40ffd4558c1d468fac96445a25aadaeb~mv2.jpg;339e71_ddbd9ab5ee4e4f31aaf58e22f39de8ec~mv2.jpg	Adornos;Decoración	CAB0005 		1790		true	PERCENT	0	1																																							
product_1186faea-c414-089c-7427-d3721bbdd697	Product	Caballo en madera MEDIANO 	"<p>Medidas: </p><p>Altura : 39,2 cm | Ancho 21 cm</p>"	339e71_72ec98bd4ea54cf8954a90133f39be43~mv2.jpg;339e71_5eff7a578e3045d5b10386aaf61866ad~mv2.jpg	Adornos;Decoración	CAB0004 		1990		true	PERCENT	0	1																																							
product_47c5d036-cba7-14b2-d69b-52dd2d92b738	Product	Caballo en madera GRANDE 	<p>Medidas: </p><p>Altura  : 50 cm | Ancho: 24cm</p>	339e71_b2dc4eb7732144839dbbbe625487073c~mv2.jpg;339e71_dd41618730d14be8935a50e5120d5fe5~mv2.jpg	Adornos;Decoración	CAB0003		2190		true	PERCENT	0	1																																							
product_fc30c3ba-6096-7e57-2c57-9f8ebb306592	Product	Almohadón Oasis 	<p>Medidas: 48 X 48 cm </p><p>* Incluye relleno *</p>	339e71_4a84d7e3238e4131b136641383e68c4f~mv2.jpg;339e71_216348d26a7446ba9d353041e372f9d2~mv2.jpg;339e71_9653bfcff9f841c9b30e343824eb2f4c~mv2.jpg	Decoración;Textiles	ALM0035 		2590		true	PERCENT	0	2																																							
product_6f84e25f-0cd7-965d-f27a-5fe8349fb531	Product	Elefante tallado en madera 	"<p>Medidas: Largo :23 cm | Altura: 16,5 cm </p>"	339e71_fb543286f742498f9fbd8cbcc11a001c~mv2.jpg;339e71_40eb5ae349a94ff0a18629d0f3fb3bc1~mv2.jpg;339e71_b60edd8ac5824d5a9904af9c283b1ffc~mv2.jpg	Adornos;Decoración	ELE0003 		2690		true	PERCENT	0	2																																							
product_8fc2153e-b211-2977-301d-bb1c48da9f52	Product	Jarrón pico alto 	"<p>Jarrón en cerámica pintado a mano </p><p>Medidas: Diámetro: 12,3 cm | Altura : 28 cm </p>"	339e71_3f5b2daafdb443c08cebef2803270331~mv2.jpg	Adornos;Decoración	BOT0008		2900		true	PERCENT	0	1																																							
product_2b29bf8e-f95f-d9a3-da75-db2bc2bb6848	Product	Jarrón Búcaro 	"<p>Jarrones en cerámica pintado a mano </p><p>Medidas: Diámetro 13,3 cm | Altura : 27 cm </p>"	339e71_9582c56191d94f3a92534a3b537022ee~mv2.jpg	Adornos;Decoración	BOT0009 		2900		true	PERCENT	0	1																																							
product_3469340c-5ceb-6401-8b29-8ae1deb9ae03	Product	Porta espirales 	"<p>* Consultar diseños disponibles* </p><p>Medidas: </p><p>Mariposa: Altura 15,5 cm | largo : 18 cm </p><p>Caracol : Altura: 13 cm | Largo : 24 cm </p><p>Mandalas : Diámetro 14,5 cm | Altura: 12,5</p>"	339e71_bb623b4ba1204522baa0017f668ea34e~mv2.jpg;339e71_506afb12732e4498a01ad6fbb4764acf~mv2.jpg;339e71_d64d88ae229947409408643883f2a075~mv2.jpg;339e71_5ebfaf7e6597420eb5942bff6ba10010~mv2.jpg;339e71_c0e8746e34404c499979f6f409b193f5~mv2.jpg;339e71_b7544e828c6543d49dbd2d4648708332~mv2.jpg	Adornos;Decoración	POR0093		750		true	PERCENT	0	12																																							
product_a3fb17f8-fab7-b7ed-98de-cdac018386e5	Product	Centro de mesa Pasta piedra 	"<p>Medidas:</p><p>Diámetro: 19 cm </p><p>Altura: 3,5cm</p><p>Vela no incluida $150 </p>"	339e71_0f022d0374b44201a92a0ff8e8cce27b~mv2.jpg;339e71_63982bd6f9464665b19fbdf1ba18862f~mv2.jpg;339e71_63c3486ee8644161b4f7ba3f85339c8c~mv2.jpg	Adornos;Decoración;Velas	VEL0094		1390		true	PERCENT	0	1																																							
product_b218c7df-d67a-b751-733b-ee579563d0f4	Product	Cuadros Paz 	<p>Cuadros realizados a mano. </p><p>Precio por unidad </p><p>Medidas: 62 x 42 cm </p>	339e71_88a3586ff8f5494398b34ab232beba62~mv2.jpg	Adornos;Decoración	CUA0045		3400		true	PERCENT	0	2																																							
product_7774af70-e338-f877-d479-d56e28e6d0a8	Product	Lámpara | Veladora  Cury 	"<p>Lámpara de cerámica pintada a mano </p><p>Medidas: </p><p>Diámetro base: 19,5 cm  | Altura total:53cm </p><p>Pantalla: diámetro parte grande  33 cm parte chica: 26cm </p>"	339e71_e14a7da8decb43739ae9baf94f8f8cc8~mv2.jpg;339e71_5c0d6f86b9b84e4a860f2aa9c6e84068~mv2.jpg	Iluminacion;Decoración;Adornos	VEL0091		9500		true	PERCENT	0	OutOfStock																																							
product_d9988eeb-b018-541e-1c81-74d48d2bbc4a	Product	Espejo Rústico 	"<p>Espejo madera rústica </p><p>Medidas: </p><p>Altura: 1,40 cm | Ancho : 85,5 cm </p>"	339e71_f0f1d96456e843559fb9b0d56b732b64~mv2.jpg;339e71_813ce6532b9940899497a5aa7fed398a~mv2.jpg	Espejos;Mobiliario	ESP0056		15900		true	PERCENT	0	1																																							
product_c4d2a174-b795-7455-0f3f-2aca72563ab1	Product	Espejo Maison 	"<p>Espejo madera de Mango </p><p>Medidas:  Altura 1,65cm | Ancho 85cm</p>"	339e71_abe2e413e6ba40b8b65817f09467a449~mv2.jpg;339e71_27cfc6d7deb84638a55bf82c8ac0c050~mv2.jpg;339e71_d6eee83f8a17428b97f96b4b2dbc09c7~mv2.jpg	Espejos;Mobiliario	ESP0054		14500		true	PERCENT	0	OutOfStock																																							
product_a1eed05e-545f-198c-780d-c859c02f1121	Product	Aparador | Crsitalero Wany 	"<p>Aparador madera de Mango </p><p>Medidas:  </p><p>Altura: 1,82cm | Ancho: 83cm | Profundidad: 36,5 cm </p><p></p>"	339e71_c62785ded0904dd0831d0070bdb01f71~mv2.jpg;339e71_060b2e88ddea44d1a20e40069375e4a2~mv2.jpg;339e71_1f4e5c1e595143a9959385d14af7206f~mv2.jpg;339e71_974a3871253945a98ddec7d6c2edd926~mv2.jpg;339e71_a879e205a46c4177bb18ab424447d58a~mv2.jpg	Aparadores;Mobiliario	MUE0004		40900		true	PERCENT	0	1																																							
product_1ca1ecbe-477d-fa0b-7d32-51bdc667a4c3	Product	Aparador heladera vintage 	"<p>Aparador madera  de Mango </p><p>Medidas:</p><p>Altura: 1, 80 cm | Ancho: 60 cm | profundidad </p><p>40 cm</p>"	339e71_7dff8464e68146489b2be7163b281d4f~mv2.jpg;339e71_bc9a884fe4774b88b4e2de9eccd05aff~mv2.jpg;339e71_624f020842464dd99d26870cff2a0a7b~mv2.jpg;339e71_849ebb0e03d941ae8e3aadf9de903bc7~mv2.jpg;339e71_fe5d8d6b5ce7488cae4f66142a77b844~mv2.jpg	Mobiliario;Aparadores	HEL0002		39900		true	PERCENT	0	1																																							
product_99a175ba-4e0d-cff1-5e28-20e602ae7e2e	Product	Mandala pasta piedra New 	<p>Medidas: </p><p>Diámetro :33cm | Largo total con flecos :66cm </p>	339e71_28528ca25fef478290d9533fae69b77f~mv2.jpg;339e71_90c70d4ca45e4885b6645e1937aa2223~mv2.jpg	Adornos;Decoración	MAN0060		2590		true	PERCENT	0	1																																							
product_ed03ec85-ed59-2666-7f98-48c5c6e3c104	Product	Vela teka chata PEQUEÑA 	"<p>Medidas </p><p>Diámetro  : 20cm | Altura : 4,5cm</p>"	339e71_c392645fbf9f4fd8bd00c596b0978120~mv2.jpg;339e71_7a4f7635a455455a9bad05629e81928a~mv2.jpg	Adornos;Decoración;Velas	VEL0079		2100		true	PERCENT	0	1																																							
product_f726e530-a38b-ebc4-1cdb-e3c611ad36b1	Product	Cuadro talla	"<p>Medidas </p><p>Largo:1,50 cm | 70cm</p>"	339e71_b2a90e62301a47148e9d0787bca3ae8b~mv2.jpg;339e71_d5cd92d7edab4cfc8a7740424fa2481f~mv2.jpg	Cuadros;Decoración;Adornos	CUA0053		25900		true	PERCENT	0	OutOfStock																																							
product_aa5c262d-0e31-1ac0-7c4b-4c8336617663	Product	Centro de Nacar Caramelo 	<p>Medidas: </p><p>Largo: 30 cm | Altura 5 cm </p>	339e71_905b827f898d4529aec27401216c06a9~mv2.jpg;339e71_867700e7d5c741d788524e30066b1ec4~mv2.jpg	Adornos;Decoración	CEN0033		1890		true	PERCENT	0	1																																							
product_91553090-3d5b-6495-a984-ccb5fe921588	Product	Centro de Nacar Canoa 	<p>Medidas: </p><p>Largo 40 cm | Altura: 6 cm </p>	339e71_4c86b6b9565b4ff48b0c0e5274b9af1a~mv2.jpg;339e71_7264c0d4c0204446a709189485810345~mv2.jpg	Adornos;Decoración	CEN0031		1890		true	PERCENT	0	OutOfStock																																							
product_1c2be622-0fcb-ad5e-5df7-3d383ac3c58e	Product	centro de Nacar circular 	<p>medidas 30 cm | Altura: 7cm </p>	339e71_80c1bf921f354d1898f297e5611dc932~mv2.jpg;339e71_5adf57943a494794811101fd590e1180~mv2.jpg	Adornos;Decoración			2590		true	PERCENT	0	OutOfStock																																							
product_0f9437ec-2774-9b4b-f0a2-cde3ffdaf3c8	Product	Cuadro sagrada familia 	"<p>Cuadro de cerámica y estaño </p><p>Medidas: 38cm | Ancho: 25,5cm </p>"	339e71_016e7e4d3d5a4654842e392e6c821a94~mv2.jpg	Religiosos	CUA0049		4890		true	PERCENT	0	1																																							
product_09b687da-4eb4-acef-9b28-2b0a5fa3474a	Product	Cuadro Virgen María con niño	"<p>Cuadro de cerámica y estaño </p><p>Medidas: 38cm | Ancho: 25,5 cm </p>"	339e71_2e99c80e5d4047d087a6aba2afcb901f~mv2.jpg	Religiosos	CUA0048		4890		true	PERCENT	0	1																																							
product_6f38bff9-b1c7-e848-baf0-e56f0b60df19	Product	Cuadro Virgen niña 	<p>Cuadro de cerámica y estaño </p><p>Medidas: 33cm | Ancho: 18cm </p>	339e71_a733ef7a541048f38750c0e136df8ec3~mv2.jpg	Religiosos			2890		true	PERCENT	0	OutOfStock																																							
product_5a75b8af-7ebe-d180-e261-23f3a9af224b	Product	Florero vidrio 	"<p>Medias: </p><p>8,5 cm | Altura: 22cm </p>"	339e71_ed8516927d9c4b978158ae86377c48db~mv2.jpg;339e71_c54fc3366d5d413e976db01c9b917ce0~mv2.jpg	Adornos;Decoración	FLO0010		590		true	PERCENT	0	1																																							
product_74fcf773-46a1-d8d9-8ea0-5c7aeff2011a	Product	 Centro pasta piedra hondo 	"<p>Medias: </p><p>33 x 33 | Altura: 8,5 cm </p>"	339e71_5fee98a50b7a41199a2f2b02ecc9f8cf~mv2.jpg;339e71_ad51f7bc465c4155a18553fd159d6bda~mv2.jpg;339e71_c5b23c2ca3ff499bbcd671c34ddc2a12~mv2.jpg	Decoración;Adornos	CEN0029		2390		true	PERCENT	0	1																																							
product_ac3ac0e0-bd87-104e-c127-c8f267b1d9d9	Product	Alfombra PALOMA	<p>Medidas: 1.20 x 1.80 </p>	339e71_f4ad810906cc43ab802b555d3c179827~mv2.jpg;339e71_6cf682dedd7140afb51aba1d15da90dd~mv2.jpg;339e71_c202b3f6274441409eb2ab0ab687d49a~mv2.jpg;339e71_3def1f3d595e43029400d6a5d19c705d~mv2.jpg	Decoración;Alfombras	ALF0024		4400		true	PERCENT	0	1																																							
product_4be0b48a-c111-16fa-96c2-ce81add49109	Product	Alfombra ANALA 	<p>Alfombra </p><p>Medidas: 1.20 x 1.80cm</p>	339e71_c0d60cd590264f8fa81ff263b80f8939~mv2.jpg;339e71_9e0a3c305ab64129a18563a08edc5aa2~mv2.jpg	Alfombras;Decoración			4400		true	PERCENT	0	OutOfStock																																							
product_b1d2227f-f8bd-9bf4-3153-eee193b258f7	Product	Alfombra BOHEMIA 	<p>Alfombra </p><p>Medidas: 1.20 x 1.80cm</p>	339e71_61cb1d8f4338437fbe721922a1398b17~mv2.jpg;339e71_dc31533e81634fa28e152a09a1179c35~mv2.jpg	Alfombras;Decoración			4400		true	PERCENT	0	1																																							
product_a5e54601-f94b-afe3-8c55-81f5ec3dbf05	Product	Alfombra INDY 	<p>Alfombra </p><p>Medidas: 1.20 x 1.80cm</p>	339e71_e9b150ed47824782a427b5dd3b655ca1~mv2.jpg;339e71_b645314f479b477db114299210796c10~mv2.jpg	Alfombras;Decoración			4400		true	PERCENT	0	1																																							
product_96db8cc0-7be3-48f5-fa56-f36964954487	Product	Alfombra ALABAMA 	<p>Alfombra </p><p>Medidas: 1.20 x 1.80cm</p>	339e71_1e1e62a394244fbca3c3fcdc73442592~mv2.jpg;339e71_4b9e6b8cf0b24d5ebddfc1e57e283d25~mv2.jpg	Alfombras;Decoración			4400		true	PERCENT	0	1																																							
product_712d9ca7-ce54-136e-d315-52a1302157f2	Product	Florero white II	<p>Florero de Chapa grande </p><p>Medidas: </p><p>Altura: 42cm</p><p>Diámetro: 16cm</p>	339e71_403f13110d144c799d9a2cc5c450c66e~mv2.jpg;339e71_2d7152dda488414081473f9fd0c379cb~mv2.jpg	Decoración;Adornos	FLO0040		2690		true	PERCENT	0	1																																							
product_575ed085-5390-e8d3-881e-19d3aa753535	Product	Florero white I	<p>Florero de Chapa blanco chico </p><p>Medidas: </p><p>Altura: 37cm</p><p>Diámetro: 16cm</p><p></p>	339e71_633ebf40704541df9c935210eb4d6019~mv2.jpg;339e71_4684485e79e54b4cbedbb2f5ed9f5a71~mv2.jpg	Adornos;Decoración	FLO0036		2390		true	PERCENT	0	1																																							
product_2fa055a0-4a33-4caf-fa6a-a29fd0dbb635	Product	Floreros | Porta botella 	<p>Florero | porta botella  de fibras naturales</p><p>Medidas:</p><p>Altura: 20cm</p><p>Diámetro: 10cm</p>	339e71_e178c2c7dc1549238e29239ddffd77cb~mv2.jpg		POR0038		750		true	PERCENT	25	4																																							
product_2b3c7b16-4b44-5f70-77f2-0fab4d4edbc4	Product	Virgen Chapa calada grande 	<p>Medidas: </p><p>Ancho: 55.5 cm  </p><p>Largo: 70.5 cm </p>	339e71_f2a8dff9c5a045b791f168332c7328d2~mv2.png	Religiosos;Decoración	VIR0008		3490		true	PERCENT	0	1																																							
product_5e63a21f-4fd3-7a77-4a66-357921a70639	Product	Maceta Jazmín 	<p>Maceta de fibrocemento </p><p></p><p>Son más resistentes y tienen menor peso que las de hormigón. </p><p>Cuentan con una terminación muy prolija.</p><p></p><p>Medidas: </p><p>Altura: 50cm </p><p>Diámetro total: 30cm </p><p></p>	339e71_9f9151070fc14ef186c2bc9dc770b3ca~mv2.jpg	Macetas;Plantas / Jardín	MAC0027		1790		true	PERCENT	0	2																																							
product_31f953f4-23bd-d35f-976b-c47c401a6a69	Product	Taza Puzzy | blanca 	<p>Tazas blancas </p><p></p><p>Medidas: </p><p>Altura: 9cm </p><p>Diámetro de la boca: 8cm </p><p>Diámetro total: 13cm</p><p></p>	339e71_180a6970c2c440ce8c6e5f36e829d806~mv2.jpg	Cocina;Vasos | copas | tazas 			150		true	PERCENT	0	OutOfStock																																							
product_99abef81-e882-561d-5ac6-7cd073874e25	Product	Taza Puzzy | gris 	<p>Tazas gris </p><p>Medidas:  </p><p>Altura: 9cm</p><p>Diámetro de la boca: 8cm</p><p>Diámetro total: 13cm</p>	339e71_4fdae56ff0da43b0a2e66d0f3b3abf42~mv2.jpg	Cocina;Vasos | copas | tazas 	TAZ0021		150		true	PERCENT	0	2																																							
product_3a69aa8d-036e-eaec-01e1-5bc9311e038b	Product	Taza Puzzy | negra 	"<p>Tazas negras </p><p>Medidas:</p><p></p><p>Altura: 9,5cm</p><p>Diámetro: 8cm </p><p></p>"	339e71_09901f4b87c14e258a17bf8a687b92c5~mv2.jpg	Cocina;Vasos | copas | tazas 			150		true	PERCENT	0	4																																							
product_221c5783-5891-94d5-09b3-9b0f482632ad	Product	Difusores de varilla 	<p>Cuatro aromas disponibles: </p><p>- Exotique </p><p>- ?Flower </p><p>- ?Ocean </p><p>- ?Vainilla </p><p></p><p>Conseguilos en formato redondo o cuadrado | plateado o negro. </p><p></p><p>*Especificar aroma y recipiente* </p>	339e71_e86a1d01d6954ed38c80bb69a1d59310~mv2.jpg;339e71_559d69e5e68c46799efeebb0fc2b5dc8~mv2.jpg;339e71_005ea81abcc449f79955151c9dfb1e73~mv2.jpg;339e71_29dc3f6d7a4d48668d3021c98ac627d7~mv2.jpg;339e71_a9084050bb3941c6ad214addcf9aaefc~mv2.jpg	Decoración;Adornos	DIF0007		550		true	PERCENT	0	14																																							
product_dec29cff-6d95-64dd-8147-ffd874f6ec21	Product	Bandeja Pretty ovalada 	"<p>Bandeja decorativa ovalada</p><p>Medidas: </p><p></p><p>Largo: 22cm</p><p>Ancho: 13cm </p><p>Altura: 3,5cm</p>"	339e71_2af4d75b45af47c7b9ccca5a5a9b23c7~mv2.jpg;339e71_7f20ca222aec48bab8bd4a703925167f~mv2.jpg;339e71_66c2bb06cd4f4d99afa2a16e28ef9081~mv2.jpg	Decoración;Bandejas	BAN0138		1290		true	PERCENT	0	2																																							
product_ccf522b4-7757-e5ce-1416-1fd3345692e1	Product	Bandeja Pretty rectangular chica 	<p>Bandeja decorativa rectangular chica </p><p>Medidas:</p><p></p><p>Altura: 3cm</p><p>Ancho: 11cm</p><p>Largo: 20cm </p>	339e71_fb9ad21f386f413d9cfc39f9036f3337~mv2.jpg;339e71_6ecd27cae09a428cbcd22dbc5a74654a~mv2.jpg	Decoración;Bandejas			990		true	PERCENT	0	OutOfStock																																							
product_154dade0-1e3a-32ea-c603-27fe64781419	Product	Bandeja Pretty rectangular grande 	<p>Bandeja decorativa rectangular grande</p><p>Medidas:</p><p></p><p>Ancho: 15cm</p><p>Largo: 24cm</p><p>Altura: 3cm</p>	339e71_61f5ca6b80bb4db383cdfb3780d58c87~mv2.jpg;339e71_ad77c8b218f54857ad03bade980ef1e4~mv2.jpg;339e71_096a0f99cd6447d9b495b04610882949~mv2.jpg	Decoración;Bandejas	BAN0136		1190		true	PERCENT	0	2																																							
product_c00d1d6a-66d7-38f7-e708-9f35b2bf146e	Product	Bandeja Pretty redonda 	"<p>Bandeja decorativa redonda </p><p>Medidas: </p><p>Diámetro: 23cm </p><p>Altura: 3,5cm</p>"	339e71_fcaa132ab2fd433b94cc715647f6f28e~mv2.jpg;339e71_b192ccddd6624a1c9a70bc9ac492737a~mv2.jpg;339e71_08cca2948ba441b39a3bcce4464fd7e9~mv2.jpg	Bandejas;Decoración	BAN0139		1500		true	PERCENT	0	2																																							
product_369bf7f8-73b9-7956-7b7e-b47d7abaad5f	Product	Limpia zapatos clásico 	"<p>Limpia zapoteco simple </p><p>Medidas: </p><p>Ancho: 23,5cm </p><p>Largo: 33cm </p><p>Altura: 13cm</p>"	339e71_9d5f6259e3c84847a6d9d12dcea80b92~mv2.jpg;339e71_35b0920f09d94e2ba89b10f9b82c267c~mv2.jpg;339e71_b7c0c150e7a0420085327f8bf8f80ffe~mv2.jpg	Plantas / Jardín;Varios	ZAP0005		2950		true	PERCENT	0	2																																							
product_2a9b28da-65c7-dca1-ef4c-92e4361d3599	Product	Sujeta puerta caballo  	<p>Altura: 55 cm </p><p>Ancho caballo: 18 cm </p>	339e71_afa06251caa84ea1bb77c468d2521046~mv2.jpg	Adornos;Decoración	SUJ0024		2490		true	PERCENT	0	1																																							
product_d3cf7f84-78e8-d415-d7b3-dfd15cd36488	Product	Bandeja de madera II	<p>Bandeja de madera rústica grande </p><p>Medidas:</p><p></p><p>Altura:  9cm </p><p>Largo: 60cm </p><p>Ancho: 26cm</p>	339e71_14410638e1734479a82f967a48d0800c~mv2.jpg;339e71_5fd50e81ee164203a7c321a2e4d8f1c5~mv2.jpg	Decoración;Bandejas	BAN0134		1990		true	PERCENT	0	OutOfStock																																							
product_2b5be6d6-4ef6-d0f4-0c27-6f8496cd985c	Product	Bandeja de madera I	<p>Bandeja de madera chica </p><p>Medidas: </p><p></p><p>Largo: 51cm</p><p>Alto: 9cm (con la manija) </p><p>Ancho: 23cm</p>	339e71_2b68f6345c934c77ae7f7522763994f1~mv2.jpg;339e71_4c1e4c760b604c8ca95369d0f2ac40a7~mv2.jpg	Bandejas;Decoración	BAN0135		1490		true	PERCENT	0	1																																							
product_9fd3b36a-b8f0-b185-d705-b465a144eaf7	Product	Plato decorativo II	"<p>Base de torta grande </p><p>Medidas: </p><p></p><p>Altura: 18,5cm </p><p>Diámetro: 27cm</p>"	339e71_797cb7514a584d71b8914220f8ab4c65~mv2.jpg;339e71_e0c040ba3f2e45a7816646579c5eb64b~mv2.jpg;339e71_57441b52f583415d953440e5313a6c14~mv2.jpg	Decoración;Cocina;Adornos			2350		true	PERCENT	0	OutOfStock																																							
product_189f693e-136b-a028-0bdf-b19125464339	Product	Plato decorativo I	"<p>Base de torta chico </p><p>Medidas:</p><p></p><p>Altura: 12,5cm </p><p>Diámetro: 24cm</p>"	339e71_027f77f4c53d40afababd3d56ec64678~mv2.jpg;339e71_297d268d643343529acc1710b9803d69~mv2.jpg;339e71_f949f3faadab4aa382c8004e555b12da~mv2.jpg	Adornos;Decoración;Cocina			1990		true	PERCENT	0	OutOfStock																																							
product_e6816798-fa5a-210d-09cf-191f11a96cce	Product	Comedero con base 	"<p>Comedero con base</p><p>Medidas:</p><p></p><p>Altura: 32,5cm </p><p>Diámetro: 22cm</p>"	339e71_a53d2f77b5f24d378905d313387515d7~mv2.jpg;339e71_32f65669bc9f45b4a0ef80decc832390~mv2.jpg;339e71_b15ec3afe5bb4c8a91239118b3fb0c05~mv2.jpg	Plantas / Jardín			3490		true	PERCENT	0	2																																							
product_00651f89-ffe7-2b5a-1eb8-3a00d20c737c	Product	Denarios Petit 	"<p>Denarios minis de pasta piedra </p><p>Medidas: </p><p></p><p>Largo total: 22cm</p><p>Ancho: 5,5cm x 5cm </p><p></p><p>* aclarar cuál de ellos*</p>"	339e71_be481006eb04442db1c3c9f490413e3c~mv2.jpg;339e71_cc661ca8cb934c758481ca7e6e78cedb~mv2.jpg;339e71_d2e75b853eca440cac8ce26f65238b8b~mv2.jpg;339e71_6f293324ea1d4b5582e5e0cc8c551597~mv2.jpg	Religiosos	DEN0002		990		true	PERCENT	0	1																																							
product_6cd67232-7f6a-bc54-1ec8-f2db5bdf57d6	Product	Ménsula clásica	<p>Mensula de hierro </p><p>Medidas:</p><p></p><p>Altura: 22cm</p><p>Largo: 26cm</p>	339e71_27628fe7ab564bfe90d041f56e466e97~mv2.jpg;339e71_a57678fd3fb843128cbff94098bdb7b8~mv2.jpg	Plantas / Jardín	MEN0003		1190		true	PERCENT	0	1																																							
product_bc08c13f-62ba-3438-29ad-bcf3fc415493	Product	Mensula pajarito 	<p>Mensula pajarito </p><p>Medidas: </p><p></p><p>Largo: 27cm</p><p>Altura:  21cm</p>	339e71_91a2b66343594ad587bdc29070a956c8~mv2.jpg;339e71_942dba8859134f35997fc8d76dd2b341~mv2.jpg;339e71_fc078d8a27944c0dabee564601bd5f20~mv2.jpg	Plantas / Jardín	MEN0002		1290		true	PERCENT	0	2																																							
product_d48a2374-0a03-6e0b-81b5-97aff687c32b	Product	Comedero | bebedero pajaritos 	<p>Comedero | bebedero de hierro </p><p>Medidas: </p><p></p><p>Altura: 21cm</p><p>Largo: 29cm </p><p>Diámetro: 14cm</p>	339e71_c25539aefee145a5a8eef4cf1bf3c744~mv2.jpg;339e71_9964448b11834ad899504a70b31cfe8b~mv2.jpg;339e71_9b36306c38bc4b78ab70de76785c690d~mv2.jpg	Plantas / Jardín	COM0005		1590		true	PERCENT	0	OutOfStock																																							
product_e37582da-9c60-22d8-d5c9-ddad58fe80cc	Product	Comedero | bebedero Flor 	<p>Comedero bebedero de hierro </p><p>Medidas: </p><p>Altura: 18cm</p><p>Largo:24cm</p><p>Diámetro:  17cm</p>	339e71_84a0fa93ee5f4a88a4eae4d9c6239f57~mv2.jpg;339e71_fe872e213f6c4c3bb017cfd863d61d62~mv2.jpg;339e71_1260d60826c34db1bdcd855de3bbd7db~mv2.jpg	Plantas / Jardín			1390		true	PERCENT	0	OutOfStock																																							
product_afbf96a6-edb7-dcd1-09cc-72ca6115cac8	Product	Sujeta puerta pajarito 	<p>Sujeta puerta pajarito de hierro </p><p>Medidas: </p><p></p><p>Largo: 13cm </p><p>Alto: 18cm </p><p>Ancho: 5cm </p>	339e71_947752e9ed264d478b9948e3e3e5ca20~mv2.jpg;339e71_09476f06243641108b07f2644f048a5e~mv2.jpg	Plantas / Jardín	SUJ0016		990		true	PERCENT	0	2																																							
product_ebdf79ed-a477-319d-e411-0c82f4f22d6d	Product	Comedero | bebedero hoja 	<p>Comedero / bebedero con forma de hoja </p><p>Medidas: </p><p></p><p>Altura: 14cm </p><p>Ancho: 23cm x 14cm</p>	339e71_53bcc5dc28cf404dbe040cbd1e0effa0~mv2.jpg;339e71_ed8938caca8f4019a172afcb71087ce7~mv2.jpg	Plantas / Jardín	COM0014		1690		true	PERCENT	0	2																																							
product_87b803e3-e2c8-5271-405e-8168f4fefa68	Product	Comedero | bebedero 	"<p>Comedero / bebedero de hierro </p><p>Medidas: </p><p></p><p>Diámetro: 17cm </p><p>Altura: 13,5cm</p>"	339e71_dd5184eece8d4afd8f1efd1f47cb07a3~mv2.jpg;339e71_582831d8601148839c0ce485ac262308~mv2.jpg;339e71_ab8eab8de9784c43aeee740a685dcbdc~mv2.jpg	Plantas / Jardín	COM0015		1790		true	PERCENT	0	1																																							
product_6f8e90fb-2185-ba27-90b5-9ce79e58d2a4	Product	Perchero de hierro 	<p>Perchero de hierro </p><p>Medidas: </p><p></p><p>Largo: 32cm </p><p>Alto: 19cm </p><p></p>	339e71_c4a66f4fad774be294446b7a35697dae~mv2.jpg	Plantas / Jardín			1790		true	PERCENT	0	OutOfStock																																							
product_fd834d14-6fec-5c5e-097d-63e26cc2e0e8	Product	Sujeta puerta perro 	"<p>Sujeta puerta perro  de hierro </p><p>Medidas: </p><p></p><p>Altura: 49,5cm </p><p>Ancho: 8cm x 12cm </p>"	339e71_19b176aea856437a9123db11099ac07e~mv2.jpg	Decoración;Adornos	SUJ0023		2490		true	PERCENT	0	5																																							
product_54d22dde-ed1b-26ff-52fb-de4c678ac434	Product	Frutero de metal 	<p>Frutero / bandeja de metal </p><p>Medidas: </p><p></p><p>Altura: 56cm </p><p>Ancho: 34cm</p>	339e71_bae499bc019147239101ab24df4e11b7~mv2.jpg	Cocina;Varios	BAN0132		3950		true	PERCENT	0	2																																							
product_d3a3025b-444b-b8b1-84d9-0c5f4256a1cc	Product	Campana Welcome 	<p>Campana de hierro con cartel “bienvenidos”</p><p>Medidas: </p><p></p><p>Altura: 31cm </p><p>Ancho: 34cm </p><p>Diámetro de la campana: 11cm</p>	339e71_2a60d5eecb104ae285f81c5be52a6115~mv2.jpg;339e71_057a0461a0e545b0951472f5c4458155~mv2.jpg;339e71_1bd4d8246ce442139f13e447957c1ccc~mv2.jpg	Decoración;Plantas / Jardín			2290		true	PERCENT	0	OutOfStock																																							
product_322780f1-29f1-854f-ca85-29682f305253	Product	Campana de hierro	<p>Campana de hierro </p><p>Medidas: </p><p> Largo: 21cm </p><p>Ancho: 10cm</p>	339e71_15ef56ed26384cafab2b602351e9ef3d~mv2.jpg;339e71_f7ec943f900d46408664c20d98776776~mv2.jpg;339e71_4e857f53733a4b24bb7d9b6e7e256b56~mv2.jpg	Plantas / Jardín			1890		true	PERCENT	0	OutOfStock																																							
product_0d0b2763-fe6d-89e8-d453-cf1f70b4adba	Product	Porta Hilo 	<p>Porta hilo de hierro </p><p>Medidas:</p><p></p><p>Altura: 17cm</p><p>Diámetro: 9cm</p>	339e71_ac8f512a231743c1965b0392861afb13~mv2.jpg	Decoración;Adornos	HIL0001		1390		true	PERCENT	0	2																																							
product_75dc5b16-cad9-77a2-b139-849f1bed4e93	Product	Huevera 	<p>Huevera de hierro</p><p>Medidas:</p><p></p><p>Altura: 24cm</p><p>Diámetro: 19cm</p>	339e71_11fd3fdc009141b7a4b608fbd515c2e0~mv2.jpg;339e71_fe15ddeef27641d28c230ab303b8677c~mv2.jpg	Cocina;Varios	HUE0008		1950		true	PERCENT	0	4																																							
product_f063f105-fe09-6c49-2a13-7aa4b81725e0	Product	Porta Manguera pájaros 	<p>Porta manguera de hierro con pájaros </p><p>Medidas: </p><p></p><p>Altura: 32cm</p><p>Ancho: 23cm</p><p>Profundidad: 15cm</p>	339e71_0ea6c0a221844f06ae433e45f2301ad7~mv2.jpg;339e71_7f80add04d6b4ddca921a65105c82511~mv2.jpg;339e71_ee8bb95b13944189b6a05735c872c9dd~mv2.jpg	Plantas / Jardín	MEN0060		2200		true	PERCENT	0	1																																							
product_0dd58736-0b17-2df8-97cf-6bfc0d30fc84	Product	Porta Manguera chico  	"<p>Porta manguera con pajaritos de hierro </p><p>Medidas: </p><p></p><p>Altura: 22,5cm</p><p>Ancho: 17cm </p><p>Profundidad: 12cm</p>"	339e71_509347d1a1bb48349cb757b4de7d86f4~mv2.jpg;339e71_53b44ffb44b544edaeee7944f1a4def3~mv2.jpg;339e71_6ba2d5749c074f2482d00c5edb3c2c18~mv2.jpg	Plantas / Jardín	MAN0062		1690		true	PERCENT	0	OutOfStock																																							
product_adaa61e8-0c4b-efff-1ff4-5a202397e2c6	Product	Porta Manguera doble 	<p>Porta manguera doble de Hierro </p><p>Medidas: </p><p></p><p>Altura: 30cm</p><p>Ancho: 27cm </p><p>Profundidad: 15cm</p>	339e71_1ba9f98a174842c7be16d3c6b689785a~mv2.jpg;339e71_4d12d6c7115247f4be3f09bfc201a4ad~mv2.jpg;339e71_0edfa753459b4dd9933eb61e648d9f7d~mv2.jpg	Plantas / Jardín			2100		true	PERCENT	0	OutOfStock																																							
product_20e3adcd-56ce-d9ad-1c57-77fc28ab3d8b	Product	Porta Manguera simple 	<p>Porta manguera simple de hierro </p><p>Medidas: </p><p></p><p>ancho: 29cm</p><p>Profundidad: 19cm</p><p>Altura: 20cm</p>	339e71_1287f045630a416da8d1dc3caa06d86f~mv2.jpg;339e71_8073ce333dcf4838b76db9a787397cff~mv2.jpg;339e71_f2b88093666e44d7a6eedc1eed081885~mv2.jpg;339e71_83cd71e5a7e94014a684fdbfa69e0220~mv2.jpg	Plantas / Jardín	MAN0065		2100		true	PERCENT	0	4																																							
product_ed863210-d51d-252a-8a70-21d677e9fc0c	Product	Especiero 	<p>Especiero con base de madera </p><p>Medidas:</p><p>Altura: 30cm </p><p>Diámetro: 19cm </p>	339e71_4caf2508371d4d10abc4b835588ba4b0~mv2.jpg;339e71_1d147215b57749beaa1eeaf097bba1b7~mv2.jpg	Cocina;Varios			1200		true	PERCENT	0	OutOfStock																																							
product_3f957a8c-6c51-b63b-6c2e-a3637d61c888	Product	Pluviómetro 	"<p>Pluviómetros para jardín </p><p>Medidas: </p><p></p><p>Largo total:  45cm</p><p>Largo del tuvo:  21,5cm</p><p>Diámetro: 8,5cm</p>"	339e71_d84422113cf24023ab4b1bdecc0d4149~mv2.jpg;339e71_c36dec01bc2c4022b035ac1f676c67fe~mv2.jpg;339e71_a461a479d38f4433ade655ed25567817~mv2.jpg	Plantas / Jardín	PLU0002		1390		true	PERCENT	0	9																																							
product_c214b224-c0b6-05fd-81a8-733c5b6adb0f	Product	Copón decorativo III	<p>Copón de metal grande </p><p>Medidas:</p><p></p><p>Altura: 27cm </p><p>Diámetro: 20cm </p><p></p>	339e71_bd9f1043186e43aa885ae990337f6f4f~mv2.jpg;339e71_2654b1629ebb486ab411c51d9d35ed3b~mv2.jpg	Decoración;Adornos			1790		true	PERCENT	0	OutOfStock																																							
product_fc3a4f29-55da-0f06-8553-787162587aa2	Product	Copón decorativo II	"<p>Copón de metal decorativo</p><p>Medidas:</p><p></p><p>Altura: 21,5cm</p><p>Diámetro: 16,5cm</p>"	339e71_3744a57bc7d147fb943fc3e046dc55af~mv2.jpg;339e71_97398b49188e45309fce4277a5e8b039~mv2.jpg	Decoración;Adornos	COP0045		1590		true	PERCENT	0	1																																							
product_34d9f0ad-d574-8a89-1d7f-5fea3429b227	Product	Copón decorativo I 	"<p>Copón de metal chico </p><p>Medidas: </p><p>Altura: 17,5cm</p><p>Diámetro: 13cm</p>"	339e71_47e032128cd649e39fe363bc2c924434~mv2.jpg;339e71_d963773ad9ce4aa8b6fbbd60d86f8a93~mv2.jpg	Decoración;Adornos			1290		true	PERCENT	0	OutOfStock																																							
product_1793d952-fc27-5bd2-96b1-dc6123a344f7	Product	Plantita decorativa 	<p>Plantita decorativa </p>	339e71_9e035c3b5b4f455298c5a945b1b20f62~mv2.png	Decoración;Adornos			100		true	PERCENT	0	0																																							
product_47da6742-616d-d174-b196-8da4fd1448a1	Product	Provoloneras	"<p>Provoloneras</p><p>Medidas: </p><p>25,5cm x 21,5cm </p><p>Altura: 2cm </p><p></p><p>Disponible:</p><p>Negro: 1 </p><p>Blancas: 1</p><p></p><p>*Especificar color*</p>"	339e71_6a513b6c14ac4a2494efb333336376da~mv2.jpg;339e71_de37a5669cb240938fcc26f5d93631e8~mv2.jpg;339e71_4d7c842ac7c5476db449409dd0ab3405~mv2.jpg;339e71_df84f788761d4ac7860d28ed261119c0~mv2.jpg;339e71_3b0fb39cdb9b4813a3105411dd52a038~mv2.jpg;339e71_430a51c9b6b140f79122a59425be52be~mv2.jpg;339e71_eb8116ffe9f04c16ba001896000c346c~mv2.jpg	Cocina;Varios	PRO0003		590		true	PERCENT	0	1																																							
product_a2bb8a57-0feb-008c-17f8-b395e6f3cde4	Product	Recibidor Flower 	<p>Recibidor en madera de mango. </p><p>Medidas: </p><p>1.40 x 0.35 x 0.70 </p>	339e71_b348fcef6a554c778b3c5476fb2f6355~mv2.jpg;339e71_2d34428c4af94a45b1478707de4bed23~mv2.jpg	Mobiliario;Mesas;Recibidores 	REC0007		25900		true	PERCENT	0	1																																							
product_3b106202-097e-57ba-a666-b124b6e6eb48	Product	Espejo black 	<p>Espejo redondo </p><p>Diámetro: 60cm</p>	339e71_a5ea28ba1e474733b5fa18b20b983b9d~mv2.jpg;339e71_8d340b27f1e6443fbdfc4e214ba7a77d~mv2.jpg;339e71_15e60c9fdb1647ec9dc21dcddcd51dcc~mv2.jpg	Espejos;Mobiliario	ESP0052		2890		true	PERCENT	0	1																																							
product_1eea0ca5-a192-e062-c746-c88658cc341f	Product	Alfombra de yute 60 x 90 	<p>Alfombra de yute chica </p><p>Medidas: </p><p>60cm x 90cm</p>	339e71_50e8783ffdf54e8d822e607ef05fc2f6~mv2.jpg	Alfombras;Adornos;Decoración	ALF0018		1790		true	PERCENT	0	OutOfStock																																							
product_18f31a39-9118-0437-8a00-84e2209b3073	Product	Alfombra de yute 1.20 x 1.60  	<p>Alfombra de yute grande </p><p>Medidas: </p><p>1.20cm x 1.60cm </p>	339e71_0fba50365dba4006b2b17ccd2242a4b5~mv2.jpg;339e71_32cdba84d0e2432d9775bb799b202467~mv2.jpg;339e71_8bf01e6ff7684035ae945c53cc88d222~mv2.jpg;339e71_2cc5eef4e2bd4ecd9cda6f510cdb9036~mv2.jpg	Adornos;Alfombras;Decoración			5900		true	PERCENT	0	OutOfStock																																							
product_89767d6d-a459-485a-b887-bb1dd76ad5f1	Product	Alfombra ovalada 	<p>Alfombra ovalada </p><p>Medidas: </p><p>60 x 40 cm </p>	339e71_cc914088cecb4aa29169ee5a32e83cc5~mv2.jpg;339e71_d5cebdabd8ad47dbb658cce465e88a29~mv2.jpg;339e71_08161387510548f9b4c61472c6c352f4~mv2.jpg	Decoración;Adornos;Alfombras	ALF0023		590		true	PERCENT	0	1																																							
product_386a880a-47b7-6148-c7b5-bc56fce4bf11	Product	Espejo Irregular 	"<p>Espejo irregular </p><p>Medidas: </p><p>• 70,05cm x 52cm </p>"	339e71_29a3b75d72f34a5db43eded63961d0b8~mv2.jpg;339e71_66e987e5dbfa4610972c7a5106b63ac8~mv2.jpg;339e71_db38f70ec7c4479495d691911367c779~mv2.jpg	Espejos;Mobiliario			2490		true	PERCENT	0	OutOfStock																																							
product_63c590de-5339-979f-76b7-aecf47edc92c	Product	Copas de vino 	"<p>Copas de vino </p><p>• set x 6 </p><p>• 400 mL </p><p></p><p>Medidas: </p><p>Altura: 21,5cm </p><p>Diámetro: 8cm aprox </p>"	339e71_16882af8faa049afa181cf9b2ffcfafb~mv2.jpg;339e71_f879ade02b7a4d98a621ce9bc9f184cf~mv2.jpg	Cocina;Vasos | copas | tazas 			1790		true	PERCENT	0	1																																							
product_7fd1a280-801c-0f94-e7e5-fa728aa7c3fa	Product	Copas Cristal 	"<p>Copas de cristal</p><p>• set x 6</p><p>• 470 mL </p><p></p><p>Medidas: </p><p>Altura: 21,5cm </p><p>Diámetro: 8cm aprox </p>"	339e71_cb6d931bcc3a43eba824f41691beb851~mv2.jpg	Cocina;Vasos | copas | tazas 	COP0042		2690		true	PERCENT	0	2																																							
product_8bd56b8e-baef-6fbc-9368-3b1f13269793	Product	Copas Blass	<p>Copas de cristal </p><p>• Set x 6 </p><p>• 520 ml</p><p></p><p>Medidas: </p><p>Altura: 22cm</p><p>Diámetro: 8cm aprox </p>	339e71_c0f33ae91a744b8fbfa4ec2d8bb14758~mv2.jpg	Cocina;Vasos | copas | tazas 			2690		true	PERCENT	0	OutOfStock																																							
product_8a6d0322-752a-7e42-4d25-6621631c1efb	Product	Comedero pajaritos 	<p>Medidas: </p><p>Prof: 8.5 cm </p><p>Altura: 17 cm </p><p>Ancho: 15 cm </p>	339e71_1d3b1fa41e5541a38105b3ae8354b449~mv2.jpg;339e71_80a2d668f2ea4559a12a754f8d89f50c~mv2.jpg	Plantas / Jardín;Decoración;Varios			1490		true	PERCENT	0	OutOfStock																																							
product_e3442981-3d5b-d7a3-bf0a-8851423225eb	Product	Recipiente redondo labrado 	<p>Recipientes redondos labrados con borde dorado </p><p>• set x 6 </p><p>Medidas:</p><p>Altura: 6cm </p><p>Diámetro: 12cm</p>	339e71_6c3e5fda59964d2a89ce3779540c891c~mv2.jpg;339e71_3164993bbcfa4dc1bf69b9864457d039~mv2.jpg;339e71_be40b12e59374678987b923b9385da5e~mv2.jpg	Cocina;Vasos | copas | tazas ;Varios			1590		true	PERCENT	0	OutOfStock																																							
product_84a9faa1-7e2c-0986-39d7-c94ea15afceb	Product	Lámpara | veladora touch II blanca 	<p>Medidas:</p><p>Altura: 20cm</p><p>Diámetro: 12cm</p>	339e71_6d92cdd3d75d4c0ebeca7b264e82d987~mv2.jpg;339e71_b58d52867ed94450a806979b733d9c03~mv2.jpg;339e71_b304099a24424f5fbe7de51402a7d09d~mv2.jpg	Decoración;Iluminacion	LAM0063		990		true	PERCENT	0	1																																							
product_11aa1572-0143-5cb9-600b-e5df7f6796e7	Product	Lámpara | veladora touch II gold 	<p>Medidas: </p><p>Altura: 20cm </p><p>Diámetro: 12cm</p>	339e71_435df29cda3f460d89d077d5371f0967~mv2.jpg;339e71_d99e9d77517a45b584aa07a3359f34ec~mv2.jpg;339e71_dd5a485807794169a012e1dbb89d5110~mv2.jpg	Decoración;Iluminacion			990		true	PERCENT	0	OutOfStock																																							
product_4cee6a34-40c2-2332-e982-989fa57767c3	Product	Recipiente cuadrado labrado 	<p>SET X6 </p><p>Medidas: 10 x 10 x 5 cm </p>	339e71_567456dcac9840879bb6960884cf6b33~mv2.jpg;339e71_50f7324b58da428ea1aeb5821f9fb6f4~mv2.jpg;339e71_38286f7b1b214f6598840c62ca1b4824~mv2.jpg;339e71_34cbf3cbaa2546d2a5b1cd638f7e65c1~mv2.jpg	Cocina;Vasos | copas | tazas ;Varios			1590		true	PERCENT	0	OutOfStock																																							
product_5c52d6ea-54ff-94ac-b680-40bc1e829ac9	Product	Vasos labrados altos 	"<p>Vasos labrados altos </p><p>•Set x 6 </p><p></p><p>Medidas:</p><p>Altura: 12,5cm </p><p>Diámetro: 7,5cm</p>"	339e71_79e094bbd40448868ce7eaea3d316b7e~mv2.jpg;339e71_be6e6ec1a2634de9a967eff90e8df67b~mv2.jpg;339e71_217a7eb6463c4708b8e237a63896c21d~mv2.jpg	Cocina;Vasos | copas | tazas 			1490		true	PERCENT	0	OutOfStock																																							
product_4d287925-cd0c-4ed7-b138-fd96e0b0655a	Product	Lámpara | veladora touch III blanca 	<p>Lampara touch recargable con usb. </p><p></p><p>Medidas: </p><p>Altura: 34 cm </p><p>Diámetro: 8 cm</p>	339e71_13ead2cb655a4150927c8cede578430d~mv2.jpg;339e71_84d3397fa86d428982e2cc828721bcb5~mv2.jpg;339e71_6fe7fafbd2104519b0eaaea824aaf681~mv2.jpg	Iluminacion;Decoración			990		true	PERCENT	0	OutOfStock																																							
product_07cf20ca-5f86-d56b-67ba-9f5c755777c5	Product	Lámpara touch III negra 	<p>Lampara touch recargable con usb. </p><p></p><p>Medidas: </p><p>Altura: 34 cm </p><p>Diámetro: 8 cm </p>	339e71_425da37c5dbc404a883814ac7548790d~mv2.jpg;339e71_e6d1c2c1401a4cba900ce12337c90ff5~mv2.jpg;339e71_2998d66b71604fea84d72958f6a98437~mv2.jpg	Decoración;Iluminacion			990		true	PERCENT	0	OutOfStock																																							
product_51a214b1-813e-9455-1e96-e14e7535494e	Product	Estantería Paz 	<p>Medidas:</p><p>Altura: 1.23cm </p><p>Profundidad: 37cm</p><p>Ancho: 1.04cm</p>	339e71_f4cec8147fdf4db9b4faccd720086ec1~mv2.jpg;339e71_b7445ae9d1854a35a26f55d19cdeb32a~mv2.jpg;339e71_582104e9efd94fb895f7db51f1bff7f9~mv2.jpg	Mobiliario;DESCUENTOS	EST0007		15900		true	PERCENT	20	1																																							
product_dfa0fd25-32af-d5c2-0936-bc7b1776394a	Product	Estantería blass 	"<p>Medidas:</p><p>Largo: 1.79cm</p><p>Altura: 1. 74,5cm</p><p>Profundidad: 47cm</p>"	339e71_8263a7c80e33464ea4ce65630e936ae3~mv2.jpg	Mobiliario			29500		true	PERCENT	0	OutOfStock																																							
product_34a91c4b-4860-e76b-ecf1-bda34b209307	Product	Mesa Pye 	<p>Medidas: 1.35 x 0.65 x 43 cm </p>	339e71_864b4a3a45f34e33831708de85220510~mv2.jpg;339e71_4be49337cfe74184853cb4e9c8b8ad15~mv2.jpg;339e71_8c773514e0ed45668af48aed491bc5ff~mv2.jpg;339e71_79bee90f93f94776890c744335227c6d~mv2.jpg;339e71_636881e5ad624d5b87f15a2fdd0469ce~mv2.jpg	Mesas;Mobiliario	MES0059		36500		true	PERCENT	0	1																																							
product_ddc59367-e8be-d81f-d1fd-e3404fde578f	Product	Centro Ovalado 	"<p>Centro ovalado de pasta piedra </p><p>Medidas: </p><p>Largo: 42,5cm </p><p>Ancho: 23cm </p><p>Altura: 6cm</p>"	339e71_69e475b556eb4b95865a5ff785db4587~mv2.jpg	Decoración;Adornos			2490		true	PERCENT	0	OutOfStock																																							
product_ead56d03-5fed-82b1-8c80-a8946dacbcca	Product	Estantería TIN 	<p>Estantería de madera con hierro </p><p>Medidas: </p><p>Altura: 1m 80cm </p><p>Profundidad: 39cm</p><p>Ancho: 90cm</p>	339e71_0d85c2eaf2fd43ea92a4b54be8696aa7~mv2.jpg;339e71_b83ac9b3d42d49e48c97be345c8b87a4~mv2.jpg;339e71_a9bcad2375304e32a9112befd5122679~mv2.jpg	Mobiliario	EST0028		27500		true	PERCENT	0	1																																							
product_8292565b-37fb-5639-ff87-c5f5ae22149e	Product	Mesa cuadrada 	"<p>Mesa de comedor cuadrada </p><p>Medidas:</p><p>90cm x 90cm </p><p>Altura: 76,5cm</p>"	339e71_d713781002c344b892cfbd6846fe40cc~mv2.jpg;339e71_3661127df6b941c1adcbae56995a1180~mv2.jpg;339e71_4017c00f6b2d42e0ba387b2f5a519552~mv2.jpg	Mesas;Mobiliario			16900		true	PERCENT	0	1																																							
product_1d81e8b2-5062-7180-7c82-afa8b962d00b	Product	Banco lana natural pelo corto 	<p>Diámetro: 38 cm </p><p>Altura: 35 cm </p>	339e71_c4c3649addc34eb6b6815ccd13c1757a~mv2.jpg;339e71_49f5a1fcd0764278991945956718a314~mv2.jpg;339e71_2d2f98627b254a1eb89aa251d4a91978~mv2.jpg;339e71_abcdc803f3984962b36c4a609bef2a9d~mv2.jpg;339e71_42bdf66aa7cc4606a5430ab3b954801b~mv2.jpg	Mobiliario;Sillones/bancos;Sillas	BAN0111		4900		true	PERCENT	0	3																																							
product_30c6c936-85c6-b015-4ab5-6c3d42bb3bca	Product	Espejo val 	<p>Espejo con marco de madera</p><p>Medidas: </p><p>Ancho: 1m </p><p>Largo: 1m 25cm</p>	339e71_714cec0b5a4b462986a2d8008e4b3f67~mv2.jpg;339e71_43d728de2e314b8d8b5915b657d603bb~mv2.jpg;339e71_2bcd651b769f45c6b3854e31588d06ec~mv2.jpg	Espejos;Decoración;Mobiliario			13500		true	PERCENT	0	OutOfStock																																							
product_f497f7e1-726d-03ac-1caa-cb4b829be9d1	Product	Banco Dyn 	"<p>Banco de madera</p><p>Medidas: </p><p></p><p>Altura total: 76cm</p><p>Largo total: 1m66cm</p><p>Profundidad total: 89cm</p><p></p><p>• Respaldo:</p><p>Largo: 1.60cm</p><p>Ancho: 45,5cm </p><p></p><p>• Asiento:</p><p>Largo: 1.60cm </p><p>Ancho: 51cm</p>"	339e71_4f71679f86884a1aad9bbc790acf5ffc~mv2.jpg;339e71_bb27b72cc3cf41599cc4a8bc76467c7a~mv2.jpg;339e71_f6737caf097e4837acbcfdbf7239afc2~mv2.jpg	Mobiliario;Sillones/bancos			35500		true	PERCENT	0	OutOfStock																																							
product_6e6d6fa7-7312-80eb-9c4e-17aa2c184708	Product	Butaca Madi	"<p>Butaca de madera </p><p>Medidas: </p><p>Ancho total: 65cm </p><p>Altura total: 77cm </p><p>Profundidad total: 88cm</p><p></p><p>• Respaldo: </p><p>Ancho: 60cm </p><p>Alto: 45,5cm </p><p></p><p>• Asiento</p><p>Ancho: 60cm </p><p>Largo: 51cm </p>"	339e71_c1a03e3b9380475bb9913935e82ad578~mv2.jpg;339e71_574b867cc4064f8dba8073564f945c61~mv2.jpg;339e71_20507858463b486f9d16a7f74433defb~mv2.jpg	Mobiliario;Sillas			17900		true	PERCENT	0	OutOfStock																																							
product_12fae350-1401-8ac5-9be9-b832b4438866	Product	Espejo Blass	"<p>Medidas: </p><p>Ancho: 81,5cm </p><p>Largo: 1.65,5cm</p>"	339e71_4019807889ff4ba9b372a0fb93eb0bdb~mv2.jpg;339e71_4615d337c7844fe596dbb887598d2664~mv2.jpg;339e71_fe9c37a1c49a4093a16defc016e57d82~mv2.jpg;339e71_7219408f6eb14dc2b63657cec62b0fff~mv2.jpg	Decoración;Espejos			12900		true	PERCENT	0	OutOfStock																																							
product_bd26da65-415d-d1bd-0c89-a00062f55ff5	Product	Mesa Rumba 	"<p>Mesa de madera </p><p>Medidas: </p><p>Largo: 1.14cm </p><p>Ancho: 79,5cm</p><p>Altura: 47,5cm</p>"	339e71_6799de175cd24da58d6b4abcfb1e2e6d~mv2.jpg;339e71_0edce0b4944c472c9b64de688ca8829d~mv2.jpg;339e71_dcacfc5b885a43dc85a356c66c9816e7~mv2.jpg;339e71_f545c98ba50a4df9a66499ee7994c83e~mv2.jpg;339e71_81afc530ef574d9392a38bd454001686~mv2.jpg	Mobiliario;Mesas			14500		true	PERCENT	0	OutOfStock																																							
product_e131e7ad-7d08-66f5-6380-a9b5b40388ad	Product	Reloj Wall	"<p>Reloj clásico de pared </p><p>Medidas: </p><p>Diámetro | 44,5cm</p>"	339e71_024179449405424694b54e9c2d2d5029~mv2.jpg;339e71_1aca06cf4c18456ca8eb4f1c5e558993~mv2.jpg	Decoración;Relojes			2790		true	PERCENT	0	OutOfStock																																							
product_76aeae40-a8da-cdf3-fe2b-4186a0ff0f4f	Product	Reloj Boris 	<p>Reloj de pared </p><p>Medidas: </p><p>Diámetro | 40cm</p>	339e71_9707ad61ec304badaeb870cf8e9d0e68~mv2.jpg;339e71_51786cbe36b246929ae2a23c535b0360~mv2.jpg	Decoración;Relojes			1890		true	PERCENT	0	OutOfStock																																							
product_1693ccdc-4278-480e-cb50-f7c07076bede	Product	Perchero Flower 	<p>Perchero de Chapa </p><p>Medidas: </p><p>Largo: 40cm | Ancho: 23cm</p>	339e71_88cb54a33e9a4e02b38526445dd2a2e2~mv2.jpg;339e71_29729950cfaa40fd833b95778a3af4bf~mv2.jpg;339e71_e0ea3c8f86fc4137bb0bad567a6c6dfe~mv2.jpg	Decoración;Percheros			2590		true	PERCENT	0	OutOfStock																																							
product_25b36601-da2d-bd59-642d-d71bddc43cbf	Product	Puff Pau 	<p>Puff de fibras naturales.</p><p>Medidas aprox: </p><p>70cm x 36cm</p>	339e71_3339bca4512247cf81ea2c341ca2b1dd~mv2.jpg;339e71_b9a7c40b7eeb4d9799ea900735cc5884~mv2.jpg;339e71_3b07d95b37464a56a4126b4db0c50b0a~mv2.jpg	Decoración;Sillones/bancos			8900		true	PERCENT	0	2																																							
product_fd5a4b38-6592-5025-b9e1-10f5bfc8a090	Product	Set accesorios para vino x2	<p>Set accesorios para vino x2</p><p>Medidas: </p><p>Largo: 13cm </p><p>Ancho: 8cm </p><p>Altura: 3cm</p><p></p>	339e71_e6b09e8a664d49d498ffa8c9028cfa81~mv2.jpg;339e71_359bd11bf99141cb8d8828273987f26d~mv2.jpg;339e71_e1ac835d13fc443ab3cc7ead4783ee71~mv2.jpg	Cocina			990		true	PERCENT	0	OutOfStock																																							
product_317c45fa-a4e6-c8b3-a288-2ac28227ed54	Product	Set accesorios para vino x4 	<p>Set de accesorios para vino x4 </p><p>Medidas:</p><p>Largo: 29cm </p><p>Ancho: 10cm </p><p>Altura: 4cm</p>	339e71_cea21c9fddac433cbbbea4432226f8d5~mv2.jpg;339e71_1e4a4e97555945908492455ec2b40127~mv2.jpg	Cocina	VIN0002		1190		true	PERCENT	0	1																																							
product_25506929-bee5-9f09-cb12-268601e7e44d	Product	Cesto bambú III	"<p>Cesto de bambú rectangular simple + funda </p><p>Medidas</p><p>Ancho: 41cm x 31cm </p><p>Alto: 59,5cm</p>"	339e71_4b9ab4921a114bd09880bc209bc89fab~mv2.jpg;339e71_71e64314f3644c199cd26cb9f4266e92~mv2.jpg;339e71_de52f9628f3e437f8aefcb229737342c~mv2.jpg	Canastos;Baño			1990		true	PERCENT	0	OutOfStock																																							
product_8e58ebb2-2356-b892-9ac7-1c3b76132304	Product	Cesto bambú II	"<p>Cesto esquinero de bambú + funda </p><p></p><p>Medidas: </p><p>43,5cm x 34,5cm x 34,5cm </p><p>Altura: 59,5cm</p><p></p>"	339e71_abb223f468e8463d9176823ebd4ad607~mv2.jpg;339e71_dc6328a3ecc64702854d9c5add3c2705~mv2.jpg;339e71_adf10c2aa36d430faf47c02e354f42c9~mv2.jpg	Canastos;Baño			1990		true	PERCENT	0	OutOfStock																																							
product_7ff13604-56cc-bcfb-8b87-26ee3c81ca43	Product	Bandeja Bee	"<p>Bandeja con vidrio </p><p>Medidas: </p><p>Largo: 32,5cm</p><p>Ancho: 22,5cm </p><p>Altura: 5cm</p><p></p>"	339e71_3386e6074e2d4ff587ba5b550e0884dc~mv2.jpg;339e71_053e047376fd4dbea1a673c3607d2a30~mv2.jpg;339e71_4ead8d780c8c4bb6877211ec52a5e853~mv2.jpg	Decoración;Bandejas;Adornos	BAN0126		2490		true	PERCENT	0	1																																							
product_b8173d5e-43e0-c9bc-527c-d4029cf07cb5	Product	Manta Adi 	<p>Medidas: </p><p>Ancho: 83cm </p><p>Largo: 1.88cm</p>	339e71_282ccc25eb5b4841951b18b73f89acde~mv2.jpg;339e71_f7cb646235734498b273853171af62ac~mv2.jpg	Mantas;Textiles			2100		true	PERCENT	0	1																																							
product_c7f350f8-f194-634e-5530-029a0902187c	Product	Manta kali	<p>Medidas: </p><p>Ancho: 98cm </p><p>Largo: 1m 93cm</p>	339e71_2e83fbcf6f134ee0be3858d1190db696~mv2.jpg;339e71_d257dc79741a4e73b8e6aa0905b6cecc~mv2.jpg	Mantas;Textiles			1990		true	PERCENT	0	2																																							
product_b4816424-b038-f100-9eb1-616944dbaab4	Product	Manta Gea 	<p>Medidas: </p><p>Ancho: 1m </p><p>Largo: 1.97cm</p>	339e71_49409b8cac814802bfce1a906b0c0254~mv2.jpg;339e71_6f4a8a01080c491a9a46a37aa233fc3b~mv2.jpg	Mantas;Textiles			1990		true	PERCENT	0	2																																							
product_68260b7f-bacb-2391-8610-b3304a91d6a2	Product	Cesto de bambú I	<p>Cesto plegable de bambú + funda </p><p>• Dos divisiones </p><p>• Medidas: </p><p>52cm x  32cm x 60cm</p><p></p>	339e71_560a6ee6e78844b4adcfe5420917afe7~mv2.jpg;339e71_14600bf4b03b43d78a95808cf4e4bdec~mv2.jpg;339e71_9a1a90ad880f48a7b44b940891cd2f59~mv2.jpg	Canastos;Baño	CES0016		2100		true	PERCENT	0	1																																							
product_71166c73-ae5a-84d4-7927-8b5a54928d70	Product	Estantería Madi	<p>Estantería de Madera de mango </p><p>Medidas: </p><p>Alto: 80cm </p><p>Profundidad: 35cm </p><p>Largo: 1.50cm</p>	339e71_c237f8fcee3040678dbad1d4072af7ef~mv2.jpg	Mesas de arrime / recibidores;Mobiliario			20100		true	PERCENT	0	OutOfStock																																							
product_d336bf8c-2237-1d05-8679-8b65c42c2202	Product	Cuadros Luz 	<p>* DISPONIBLE EL DE LA IZQUIERDA* </p><p></p><p>Medidas:</p><p>Ancho: 42cm </p><p>Alto: 62cm</p><p></p><p></p>	339e71_46d1f3b811ff48b6a2afe0170fb958fd~mv2.jpg	Decoración;Cuadros;Adornos	CUA0045		3400		true	PERCENT	0	1																																							
product_7709bbd4-0dfe-a889-229d-0ef37fdd3e5e	Product	Cuadro abstracto 	<p>Medidas:</p><p></p><p>Ancho: 51cm </p><p>Alto: 71cm</p>	339e71_354a71fc36ce47b59ad3404bf1ffa323~mv2.jpg	Decoración;Cuadros;Adornos	CUA0046		3900		true	PERCENT	0	1																																							
product_2e917567-a48c-ad79-b2e2-1a3f296a1d3f	Product	Cuadro Virgen con niño 	"<p>De pasta piedra con marco de madera</p><p>Medidas: </p><p></p><p>Ancho: 24cm </p><p>Alto: 34,5cm</p><p></p><p>* El soporte viene aparte* </p><p>$1360</p>"	339e71_d7ebad751ffa48d990c376d09d20364f~mv2.jpg;339e71_964baab68849498e942bc224e9ca5dde~mv2.jpg	Religiosos			3490		true	PERCENT	0	OutOfStock																																							
product_15bb3ae0-6545-e17f-5b6c-5583e7c8c144	Product	Cuadros doble 	"<p>Cuadros dobles de pasta piedra </p><p>Medidas </p><p></p><p>• cada uno </p><p>29,5 x 29,5cm </p><p>• Medida total:</p><p>Largo: 71,5cm </p><p>Ancho: 29,5cm</p>"	339e71_cc53a92d5fe741eb93b2424a77b0c801~mv2.jpg;339e71_a49c9605c79a43e3a3974e82855fdd05~mv2.jpg	Cuadros;Decoración;DESCUENTOS			6100		true	PERCENT	25	1																																							
product_9b7ee3eb-f724-b229-f236-5460dc0f6a10	Product	Reloj Charles 	<p>Medidas:</p><p>Diámetro: 68cm</p>	339e71_67a77bd33cee4967b2c9f2fb8d627d32~mv2.jpg;339e71_26200f7f145c49afa8148796239a45b9~mv2.jpg	Decoración;Relojes			3590		true	PERCENT	0	OutOfStock																																							
product_010735bd-2647-da24-8aef-88e8d6d34f26	Product	Manta Rut 	<p>Manta de lana </p><p>Medidas: </p><p>1m 27cm x 1m 76cm</p>	339e71_86efe78777d44bad8483d8d0e06ceede~mv2.jpg;339e71_51f8c8297a8b4888860fe49d9023a04d~mv2.jpg	Mantas;Textiles	MAN0046		1250		true	PERCENT	0	2																																							
product_d1275d9f-ee5a-7763-7477-62c18bd51ca3	Product	Manta Lis	<p>Manta de hilo </p><p>Medidas: </p><p>1m 40cm x 1m 80cm</p>	339e71_c95ab2efa0da43108d792983d2f4a35f~mv2.jpg;339e71_29146ccbac6d4ecab8c161402611df40~mv2.jpg;339e71_47fe37910a6b408db99adddca95c470d~mv2.jpg	Mantas;Textiles	MAN0047		1250		true	PERCENT	0	3																																							
product_8dbb7161-2272-8bd9-33ad-f84b63cbb61c	Product	Manta Vera	<p>Manta tejida gris </p><p>Medidas: </p><p>Ancho: 84cm </p><p>Largo: 1m 78cm</p>	339e71_d604131498574fd1a786fd08a995cf73~mv2.jpg;339e71_e231d903826c44088602ffb4f24720eb~mv2.jpg;339e71_5980bd87e9f44773a3453820651795e4~mv2.jpg	Mantas;Textiles	MAN0031		2490		true	PERCENT	0	1																																							
product_2fc7341d-ef70-ec7f-c148-586c6984b85a	Product	Manta Gala 	<p>Manta de algodón </p><p>Medidas: 1m 40cm x 1m 98cm</p>	339e71_efd4d3c31bf242f8bf8967fd6e7a0408~mv2.jpg;339e71_79712842a46d4dc2b047f21a524921e0~mv2.jpg;339e71_9c9b7abbfd1a495a90115fc5469073de~mv2.jpg	Mantas;Textiles	MAN0045		1390		true	PERCENT	0	2																																							
product_c593ee54-db58-c952-b133-1eeadcd96386	Product	Recibidor Capy 	<p>Recibidor en madera de mango. </p><p>Medidas: 1.50 x 0.40 x 77.5 </p>	339e71_abf38280329542ec8fdbd3ee3e71ed10~mv2.jpg;339e71_04403d8e25904d05b22d768aaec43288~mv2.jpg	Mobiliario;Mesas de arrime / recibidores;Recibidores 			25100		true	PERCENT	0	OutOfStock																																							
product_03d624e2-b9d3-a65c-2c92-35df2535742d	Product	Cuadro Virgen niña 	"<p>Virgen niña en pasta piedra </p><p>Medidas: </p><p>Altura: 24,5cm </p><p>Ancho: 18,5cm </p>"	339e71_fb3bbe53b127409491910d4c12fe6213~mv2.jpg	Religiosos			2100		true	PERCENT	0	OutOfStock																																							
product_ec150f8b-e966-41ce-b939-e04d21739704	Product	Copas King 	"<p>Copas con rayitas </p><p>• set x 6 </p><p>Medidas: </p><p>Altura: 11cm</p><p>Diámetro: 6,5cm</p>"	339e71_bb7a0aa016b34e2ea52f31fa8e983751~mv2.jpg;339e71_dcd3e9054ec542129fb221a5bab906ae~mv2.jpg;339e71_af0f08fafa274b32989f5c6050ab45e6~mv2.jpg;339e71_d2d836ce916242f2b752c0bb57119812~mv2.jpg	Cocina;Vasos | copas | tazas 			1390		true	PERCENT	0	1																																							
product_4e470e69-4205-d254-7687-31343194cca2	Product	Perchero de madera 	<p>Perchero de madera de mango </p><p>Medidas: </p><p>Largo: 53cm </p><p>Ancho: 10cm</p>	339e71_b1ced7e8ae6047b8b01bae4043f90be2~mv2.jpg;339e71_eaa0a717ef504203b147b784d69fd81f~mv2.jpg;339e71_9a871a1f2090493e9e86c4a7f2874990~mv2.jpg	Percheros	PER0037		1890		true	PERCENT	0	1																																							
product_33723be9-3560-1b3d-e2a7-856d7c464966	Product	Ventilador de techo 	"<p>Información ???????</p><p>• Incluye luz led </p><p>• Control remoto y distintas velocidades </p><p>Medidas: </p><p>Diámetro: 1, 32 cm</p><p></p><p>CONSULTAR MODELOS DISPONIBLES </p><p></p>"	339e71_46eb658ae7ef4aa3bc6848648c66005d~mv2.jpg;339e71_51cb263215094ab28ff9c1767b3f112b~mv2.jpg;339e71_55e4f373c87447ab841fb16f2622455c~mv2.png	Decoración;Varios;Mobiliario			12900		true	PERCENT	0	1																																							
product_6c714947-82ce-0880-baa3-2b8cc5132bf5	Product	Pantalla Palma II	<p>Pantalla chica </p><p>• Es de fibras naturales</p><p>Medidas:</p><p>Diámetro: 50 cm </p>	339e71_3e6c80657f9d4ddbbedc181fd2b522a8~mv2.jpg;339e71_d82e33ad30c146b89d8e80b597b5d2d1~mv2.jpg;339e71_b4056fd8761a4621b004eaa681948fad~mv2.jpg	Decoración;Iluminacion	LAM0053		3890		true	PERCENT	0	5																																							
product_65a7d787-419d-fd31-7002-e99376d7234a	Product	Pantalla palma I 	<p>Pantalla grande </p><p>• Son de fibras naturales </p><p>Medidas:</p><p>Diámetro: 60 cm </p>	339e71_68f900b0950c4099870f7cd94d402652~mv2.jpg;339e71_089344423e504cf49a261453119eefe3~mv2.jpg	Decoración;Iluminacion	LAM0052		4300		true	PERCENT	0	1																																							
product_dae2639f-92e9-a1a7-e49a-7a141dd0691a	Product	Maceta rotomoldeada cilíndricas 	"<p>Maceta rotomoldeada de plástico cilíndricas </p><p>Medidas:</p><p>Altura: 52cm</p><p>Diámetro: 26,5cm</p><p></p><p>* especificar color *</p><p>2 grises </p><p>2 beige </p><p></p>"	339e71_5ad37c91471d42cc98836f9ce570d7a4~mv2.jpg;339e71_525c57e87a534f7c92bcec24d1d2139c~mv2.jpg;339e71_017f00d52ef448deab4af821857a208e~mv2.jpg	Macetas	MAC0026		1690		true	PERCENT	0	4																																							
product_fab8602b-9631-9cc6-7b9e-01b0c0ebd52b	Product	Maceta rotomoldeada rectangular 	<p>Macetas de plástico </p><p>Medidas: </p><p>Altura: 42cm </p><p>Ancho: 23cm x 23cm</p><p></p><p>*Detallar color*</p><p>2 negras </p><p>2 gris claro </p>	339e71_5a26571bfeb84ea88dd3c5ae80189140~mv2.jpg;339e71_9e1759f25226475493dcf0d779f9342c~mv2.jpg	Macetas	MAC0025		1490		true	PERCENT	0	4																																							
product_fbc52343-4138-7158-8e27-4e43f31d8686	Product	Bowls flor 	"<p>Medidas: </p><p>Altura: 7,5cm </p><p>Diámetro: 20cm</p>"	339e71_44e61814ec9c4674814c00ff58d903b1~mv2.jpg;339e71_8575c14d7c424c40b747dd427715b6c4~mv2.jpg;339e71_c2752220a5464492a4398b1305f15a13~mv2.jpg	Cocina	BOW0017		380		true	PERCENT	0	2																																							
product_6ebc2d8c-2de9-1664-c9dc-dee63fe5be04	Product	Bowl rayitas 	"<p>Bowl </p><p>Medidas:</p><p>Altura: 7,5cm</p><p>Diámetro: 20cm</p>"	339e71_9755daca1ff14343a32cd6bf6c12b4e5~mv2.jpg;339e71_95123545106244deb3ad40c84965c267~mv2.jpg;339e71_3cceff61bbe6453aa6fe46693b823318~mv2.jpg;339e71_a74aeaddafaf42b898b7e907a346c948~mv2.jpg	Cocina			380		true	PERCENT	0	2																																							
product_226f35e9-82d6-4789-8981-37aac8261e9d	Product	Bowls green 	"<p>Bowls verdes </p><p>Medidas:</p><p>Altura: 7,5cm </p><p>Diámetro : 13cm</p>"	339e71_454325254ef448e2894bb44ee089b398~mv2.jpg;339e71_91113a1cda0e40da8730e7f1c28a860e~mv2.jpg	Cocina	BOW0011		340		true	PERCENT	0	1																																							
product_c440e9de-101b-03e2-0f94-5c3015f77cde	Product	Botella labrada 	<p>Botella de vidrio labrada</p><p>Medidas: </p><p>Altura: 26cm</p><p>Diámetro: 10cm</p>	339e71_4f98b3dd6bf94f5ca70ac5322ed06967~mv2.jpg;339e71_a76be95848a74779aa6ca4b6cc8e5b85~mv2.jpg;339e71_ddfb7b7c94b3449aa1a427849154558b~mv2.jpg	Cocina	BOT004		450		true	PERCENT	0	OutOfStock																																							
product_bc668972-5b22-e66f-08c7-ed06272f55f6	Product	Bowls grey 	<p>Bowls </p><p>Medidas: </p><p>Altura: 6cm</p><p>Diámetro: 13cm</p>	339e71_42efc74d8b2e43ee915c85a8029816fa~mv2.jpg	Cocina	BOW0006		320		true	PERCENT	0	3																																							
product_f9b22a4d-72ea-d776-f294-631dc84541d7	Product	Mini bowls grey 	"<p>Mini bowls </p><p>Medidas: </p><p>Altura: 5cm</p><p>Diámetro: 9,5cm </p>"	339e71_e06dc778cd7e417a80dfc8994c16676f~mv2.jpg	Cocina	BOW0012		110		true	PERCENT	0	1																																							
product_1c9de230-878a-8caf-82c6-d0288cfff152	Product	Platos | Bowls 	"<p>Plato | bowl </p><p>Medidas: </p><p>Diámetro: 20cm</p><p>Altura: 3,5cm</p>"	339e71_46efacda21c44800a65778ec0e2e3d42~mv2.jpg;339e71_a498725f45da40d3bac89f501c2af11a~mv2.jpg	Cocina	BOW0016		280		true	PERCENT	0	2																																							
product_e2f06afc-7f91-06c0-333d-15f0c420627f	Product	Plato cazuela 	"<p>Medidas:</p><p>Altura: 6cm</p><p>Diámetro: 15,5cm </p><p>Ancho total: 20cm</p>"	339e71_1fc6595b5e554de4a9ec83e4b3f7dd6b~mv2.jpg;339e71_06668d021c6a4ca99bd53a355c67db93~mv2.jpg	Cocina	PLA0028		550		true	PERCENT	0	6																																							
product_0494447d-84a5-d29d-38b0-d4aeb686d448	Product	Fanal Flor II	<p>Fanal Grande</p><p>Medidas: </p><p>Altura: 47cm </p><p>Ancho:  19cm x 19cm</p>	339e71_29a2c2c9fca24f24a1b12efe9fa8d93d~mv2.jpg;339e71_655b74dc1c2d4ae2a3f79db02278bd33~mv2.jpg	Decoración;Candelabros / Fanales	FAN0021		2990		true	PERCENT	0	1																																							
product_16e54673-a0b4-d4d5-3dbe-849eed50df4b	Product	Fanal Flor I	<p>Fanal chico </p><p>Medidas: </p><p>Altura: 31cm</p><p>Ancho: 13cm x 13cm</p>	339e71_cd31138d7c20488a8e9bee1954ea3eb1~mv2.jpg;339e71_6e11e763b1c949cca436fb8a9aa5e8a4~mv2.jpg	Decoración;Candelabros / Fanales	FAN0022		1980		true	PERCENT	0	1																																							
product_3cdb508e-ae98-dc01-16dc-d303c49254f7	Product	Silla | poltrona Mau 	<p>Medidas: </p><p></p><p>Profundidad total: 73 cm </p><p>Prof solo asiento: 48 cm </p><p>Altura total: 86 cm </p><p>Frente total: 76 cm</p><p></p><p>Medidas del asiento: </p><p>50cm x 50cm </p><p></p><p>Medida del respaldo: </p><p>Ancho: 64cm  (angosto más abajo 50cm)</p><p>Altura: 50cm</p><p></p>	339e71_64dadde97bdc4574b14efb5bc1dda42f~mv2.jpg;339e71_bc530bdb48214c97a902b09d30d5fb85~mv2.jpg;339e71_46dd41bc32894563ada7099f1a72ec0a~mv2.jpg;339e71_ac2e864369204cafbed189ca540481de~mv2.jpg	Mobiliario;Sillas;Sillones/bancos	Sil0020		24500		true	PERCENT	0	2																																							
product_49e5213e-02fa-9546-899f-430c7ab732e3	Product	Escritorio | Mesa	<p>Madera de álamo </p><p></p><p>Medidas: </p><p>Altura: 1 mt </p><p>Prof: 50 cm </p><p>Ancho: 80 cm</p>	339e71_66c3be20f49b4264995816c2383f2b87~mv2.jpg;339e71_0dc2e6ef66dd41c987a19101808c2a29~mv2.jpg;339e71_1127498a6ac04c40ad7ccb5a0902ad24~mv2.jpg;339e71_17d70b865c924e2a810344e34e19888c~mv2.jpg	Mesas;Mobiliario			19900		true	PERCENT	0	1																																							
product_54763cf2-cd49-7ba4-fa18-3785a8074b0d	Product	Vasos licuado 	"<p>Copas para café de 400mL</p><p>SET X6 </p><p>Medidas:</p><p>Altura: 14,5cm</p><p>Diámetro: 8cm</p>"	339e71_8e41a83aa3ff484b9806643c0b53e802~mv2.jpg;339e71_a2fa8b6fabe749caaa1600ac2cd85d06~mv2.jpg	Cocina;Vasos | copas | tazas 	COP0035		1190		true	PERCENT	0	3																																							
product_4b2cefe3-9eef-ad1b-ca7d-7b10578616b9	Product	Reloj Old town 	<p>Medidas: </p><p>Diámetro: 60cm</p>	339e71_3f451753eecb40d292c9532abc36190b~mv2.jpg	Decoración;Relojes			2470		true	PERCENT	0	OutOfStock																																							
product_1bfc9094-6b5a-427f-193e-8f7a35603ef9	Product	Mesita | Banco rústico II	"<p>Mesa | Banco de madera </p><p>Medidas: </p><p>Altura: 45cm</p><p>Diámetro: 37,5cm</p>"	339e71_d5b5c32c9cb6464a934149c3def4f89e~mv2.jpg;339e71_6e6bffb299f04de985220607db6ebe4c~mv2.jpg	Mobiliario	TAB0023		5900		true	PERCENT	0	1																																							
product_6f02d564-0b5d-1a90-87d6-6f514b5fa0e7	Product	Vasos Blax	<p>Vasos de vidrio dorados </p><p>• Set x 6 </p><p>• 380mL</p><p></p><p>Medidas:</p><p>Altura: 13cm </p><p>Diámetro: 8cm </p><p></p>	339e71_09074cba47fb46158d09731ae3d81c1e~mv2.jpg;339e71_40bffab0a1d7471a85f88dd03b4b99b2~mv2.jpg	Cocina;Vasos | copas | tazas 			1490		true	PERCENT	0	OutOfStock																																							
product_832d26c6-79e1-0257-b50d-dcf0708d2117	Product	Copas Blax  	"<p>Copas de vidrio doradas </p><p>• Set x 6 </p><p>• 260 mL </p><p></p><p>Medidas: </p><p>Altura: 14,5cm </p><p>Diámetro: 8cm</p>"	339e71_f409f23c4fb44bd49cd98c1d87ae369b~mv2.jpg;339e71_1dad0a6918b940448227336091a29de8~mv2.jpg	Cocina;Vasos | copas | tazas 	COP0037		1690		true	PERCENT	0	2																																							
product_d5cab0e4-2ad0-5b01-c67a-3d0c2f251afe	Product	Mesita | Banco rústico 	"<p>Mesa | banco rústico </p><p>Medidas:</p><p>Altura: 39cm </p><p>Diámetro: 38,5cm</p>"	339e71_17804a62c80e44729205c761978c60c8~mv2.jpg;339e71_aaabd837aabf45929fd6a40186fa5237~mv2.jpg	Mobiliario			5900		true	PERCENT	0	1																																							
product_02c7864b-7d1b-fb88-e55e-c4181c460d58	Product	Planta hojas gruesas 	<p>Planta chica de hojas gruesas </p><p>Medidas: </p><p>Altura: 53cm</p>	339e71_8dde4b9d5a4b494089f677b70ba0ca0e~mv2.jpg;339e71_c26f1264b6584a94a6131bf242041e05~mv2.jpg;339e71_2a825f55550b4654b174aa14946fede3~mv2.jpg	Plantas ;Plantas / Jardín	FLO825		2290		true	PERCENT	0	1																																							
product_472fc936-d429-e1d3-9fc6-68e79787688e	Product	Fanal jaulita Paz 	"<p>Jaulita con plato de vidrio </p><p>Medidas: </p><p>Diámetro: 19,5cm</p><p>Altura desde el aro hacia abajo: 32cm</p>"	339e71_c1a5ba8444b9498db1f9617fabc0d734~mv2.jpg;339e71_9de55ab789b44d0180e089c6bbbedc2d~mv2.jpg;339e71_b322cc35171745779406d5cf2066cb93~mv2.jpg	Decoración;Adornos			1390		true	PERCENT	0	OutOfStock																																							
product_f98cb9f6-feec-ad4e-2eb2-ed2ceb18398e	Product	Cuadros PALY 	<p>Cuadros con vidrio </p><p>Medidas: 42cm x 32cm</p><p>*precio por unidad* </p>	339e71_5f7fcc3a93b045f690661f8cc634eda9~mv2.jpg;339e71_6fc365bffe98459e913b70a9552e3837~mv2.jpg;339e71_3271f24438b74195b231b342060a7540~mv2.jpg	Decoración;Cuadros	CUA0042		3600		true	PERCENT	0	2																																							
product_1bfe4cf0-606d-2686-3a3c-70724517eb4b	Product	Silla de living 	"<p>Sillas de living de madera con trenzado de cuero </p><p>Medidas: </p><p>Altura total: 79,5cm</p><p>Altura hasta el asiento: 42cm </p><p>Ancho total: 45,5cm</p><p>Profundidad: 51cm </p><p>Ancho del asiento: 45,5 x 40,5cm</p>"	339e71_4665fca418eb4d0fb3d77703ba4ebb1f~mv2.jpg;339e71_6c31182bca9a4e8a8fcd2c5ae7865811~mv2.jpg;339e71_a899bb1558e947a7a23ffbada9e031ac~mv2.jpg;339e71_80cfd1445e6043d9a9dc9ef91e1dbf56~mv2.jpg;339e71_54d99a8870c34781a6195424c5f43d3f~mv2.jpg	Sillas;Mobiliario			10500		true	PERCENT	0	OutOfStock																																							
product_da5b67ed-6a28-8b7b-296d-44d5cab0e052	Product	Planta Dietes 	<p>Dietes </p><p>Medida: </p><p>Aproximadamente 1M</p>	339e71_312146681eef4ff2b2303bc4a1bbc766~mv2.jpg;339e71_fd170a98ddab4e27ba8adaef95d436b1~mv2.jpg	Plantas / Jardín;Plantas 	FLO834		1790		true	PERCENT	0	2																																							
product_9d569f48-4fad-1200-315d-929e8ba7e01b	Product	Planta Olivo 	<p>Planta olivo </p><p>Medidas: </p><p>Altura: 1.27cm</p><p></p><p>Medida de la maceta: </p><p>16cm</p>	339e71_a52caf13cc154c0abce74caf26c023ea~mv2.jpg;339e71_64dcca4fde5140cd93bab1bd711ca71a~mv2.jpg;339e71_b4983172d13741bab849b7e4bc33a384~mv2.jpg	Plantas ;Plantas / Jardín	FLO828		3290		true	PERCENT	0	1																																							
product_d0b9c4fb-58e6-89e1-2c77-fa988e0130ed	Product	Palmera 	<p>Palmera </p><p>Medidas: </p><p>Altura: 1.60cm</p><p></p><p>Medida de la maceta: </p><p>17cm</p>	339e71_87f11e6ddac248d2b43c7381c4d70eed~mv2.jpg;339e71_76576a217d2248c9985e555fcad1300b~mv2.jpg;339e71_e9835c1de5c94110aeb9d71350d7bb6b~mv2.jpg	Plantas / Jardín;Plantas 	FLO885		4400		true	PERCENT	0	1																																							
product_a743dfc1-0e86-73a2-4c22-7d13ef6fc380	Product	Reloj  Boho 	<p>Reloj de pared </p><p>Medidas: 68cm</p>	339e71_49965a8c8649456f83bfdcce01c31fac~mv2.jpg	Decoración;Relojes			4990		true	PERCENT	0	OutOfStock																																							
product_79c82f22-2b4d-d205-c7dd-ebfce8abf27e	Product	Mesa Clau elevable 	"<p>Mesa de living elevable, de madera de mango </p><p>Medidas:</p><p>Ancho: 60 cm </p><p>Largo: 1. 10 mt </p><p>Altura: 45 cm </p><p>Altura abierta: 70.5 cm</p>"	339e71_2cbe0123061145ecaad984e8b7f19b2c~mv2.jpg;339e71_2712dabab2184f7caa490c82c3584dd7~mv2.jpg;339e71_7b6742a6817a4e99b7ea3f4262b2c8c6~mv2.jpg;339e71_97fb43ea62154382a663e3313ada32ca~mv2.jpg	Mobiliario;Mesas	MES0057		28900		true	PERCENT	0	OutOfStock																																							
product_7e21e37a-11bf-ac33-e41a-e03c56c89a2c	Product	Pantalla Paz 	<p>Incluyen la parte eléctrica. </p><p>Medidas: </p><p>Diámetro 22cm</p><p>Altura: 17cm</p><p></p><p>*En color verde 2 disponibles* </p>	339e71_50638e7c4e68492eb4006c52df3c0a87~mv2.jpg;339e71_c7900d3bccbd468d9cb838ab620561be~mv2.jpg	Decoración;Iluminacion	COL0028		2790		true	PERCENT	0	2																																							
product_68f537c1-2847-d590-007b-9f5ebfd6d593	Product	Juego de estufa x3 Geo 	"<p>Juego de estufa x3 </p><p>De hierro, con mango de madera en las piezas.</p><p>Medidas:</p><p>Ancho: 45,5cm</p><p>Profundidad: 30cm </p><p>Altura total: 85,5cm</p><p></p>"	339e71_38ea4408907e4d2e9722fd186d0b49b9~mv2.jpg;339e71_8f710ae4187b4ccbb3ba164ed8f93739~mv2.jpg;339e71_234284b449294116bd4a1f532e350a42~mv2.jpg	Estufa ;Decoración			3290		true	PERCENT	0	1																																							
product_348b70e2-2403-2cc8-7172-b41410f25f45	Product	Borlas | Sujeta cortina flor 	"<p>Borlas | sujeta cortina con flor de cerámica </p><p>Medidas: </p><p>Largo total: 53cm </p><p>Largo desde la flor para abajo: 29cm</p><p></p><p>Especificar qué color, hay dos de cada color</p>"	339e71_85dd92290b5a42db8bdc14190747a015~mv2.jpg	Decoración;Adornos	BOR0050		1100		true	PERCENT	0	8																																							
product_7cc3e471-15cb-21cb-1ad4-63293bf5041b	Product	Fanal flor 	<p>Fanal de chapa con diseño de flores </p><p>Medidas: </p><p>Altura: 15cm </p><p>Ancho: 15cm x 15cm</p>	339e71_cbbcc28841924936a566a4e784c9fb0a~mv2.jpg;339e71_8bba6d36357543b094b95d7dc475b053~mv2.jpg;339e71_a4cfb47c25854791b831a0905f307cdc~mv2.jpg	Candelabros / Fanales			1690		true	PERCENT	0	OutOfStock																																							
product_8fe84d53-cf8d-697a-0b0c-16d976407218	Product	Mesas Bari 	"<p>Mesas nido, madera de álamo </p><p></p><p>Grande $17.900</p><p>Medidas:</p><p>Diámetro: 79,5cm</p><p>Altura: 47cm</p><p></p><p>Chica: $14.500</p><p>Medidas:</p><p>Diámetro: 70cm</p><p>Altura: 42,5cm</p><p></p><p></p>"	339e71_65c6c0bc17284e18857c7230cd03921d~mv2.jpg;339e71_a3e14b039a684a1ea807899289d0990c~mv2.jpg;339e71_0914a266bed942bebf80b15fdfba3d5a~mv2.jpg;339e71_1022a4e51e70457a9a50a90925f72ce6~mv2.jpg	Mobiliario;Mesas			29900		true	PERCENT	0	OutOfStock																																							
product_316b477b-f6c2-93bd-68d2-1a5840f23a0f	Product	Espejo Bali Grande XL 	"<p>Espejo redondo, de madera de mango </p><p>Medidas: </p><p>Diámetro: 80cm </p>"	339e71_6f3aca20915e4865b3980757d2a07234~mv2.jpg;339e71_bedb08838d7840ca821d7d1643ac2683~mv2.jpg	Espejos			7500		true	PERCENT	0	OutOfStock																																							
product_e716762d-1981-2c92-5706-d660b3cb08ad	Product	Aplique flower 	"<p>Aplique de metal en forma de flor </p><p>Medidas:</p><p>Ancho: 46,5cm </p><p>Altura: 43cm</p>"	339e71_c9c5b60614c749cd91307f51ec51e77e~mv2.jpg	Cuadros;Decoración			1790		true	PERCENT	0	1																																							
product_a9761b1c-ecbf-3665-0ea2-d45c101c129b	Product	Exhibidor cake 	"<p>Exhibidor de cupcakes </p><p>Medidas: </p><p>Ancho: 38,5cm</p><p>Altura: 32cm</p><p>Profundidad: 27cm</p>"	339e71_c6c8a623a88541f79555b6ad092178e3~mv2.jpg;339e71_29d4a54ab58e4871a02c4b84539d4682~mv2.jpg;339e71_25aa7f8822cd4082bdf5250eb5de891e~mv2.jpg	Varios;Cocina	BAN0119		1100		true	PERCENT	0	1																																							
product_5310b9ce-2fc6-ff62-c519-cd7958f07d08	Product	Elefante Petit 	"<p>Elefante chico </p><p>Medidas: </p><p>Altura: 18,5cm</p><p>Ancho: 20cm</p><p>Profundidad: 8,5cm</p>"	339e71_1c2aa303fddd4c8e881f9acc4e357c94~mv2.jpg;339e71_7b1e9785c8d8412abcd1c80f6e98049a~mv2.jpg	Adornos;Decoración	ELE1420		1290		true	PERCENT	0	3																																							
product_7a10c499-f30b-e37b-95d9-ea4af25ea521	Product	Búho 	<p>Búho </p><p>Medidas: </p><p>Altura: 18cm </p><p>Diámetro: 10cm</p>	339e71_7e8795ca5f474cd5ac9d0bb268623c40~mv2.jpg;339e71_49d788aff80247f1867090e5bee57402~mv2.jpg	Decoración;Adornos	BUH1419		990		true	PERCENT	0	2																																							
product_8f10a71a-12cb-40e8-d9c5-4548f3b04a70	Product	Vaso térmico 	"<p>Vaso térmico, marca la temperatura </p><p>Medidas: </p><p>Altura: 16cm </p><p>Diámetro: 7cm</p>"	339e71_4af835773a0243e4bc62e0c8b4881c18~mv2.jpg;339e71_9edf6f3866274f55ba442b4ab216b233~mv2.jpg;339e71_efdb959e2b9c4b82b0d4f681c1deb08f~mv2.jpg;339e71_61c2243c25224d56ae3df68825e23a62~mv2.jpg	Vasos | copas | tazas ;Cocina			650		true	PERCENT	0	OutOfStock																																							
product_243b2e26-3ee3-c6dd-7f36-4194ae68df13	Product	Fanal White III	<p>Fanal de metal chico </p><p>Medidas:</p><p>Altura: 27cm</p><p>Ancho: 14cm x 14cm</p>	339e71_12b675ac891c42c5bb47cd6ec6120da1~mv2.jpg;339e71_2589999341de4473b30124a9862dea7b~mv2.jpg	Decoración;Candelabros / Fanales			1690		true	PERCENT	0	1																																							
product_fd2ca874-6101-60c6-f033-8e0cbc54c499	Product	Despojador LIA 	"<p>Despojador de madera de mango</p><p>*Incluye almohadón* </p><p>Medidas: </p><p>Altura: 1m. 80cm </p><p>Ancho: 89cm </p><p>Profundidad: 42,5cm</p>"	339e71_74a430f463eb49928af3f3716136fb67~mv2.jpg;339e71_ce6f69169abc4800947ebd7bd0d9a549~mv2.jpg	Mobiliario	DES0003		25900		true	PERCENT	0	1																																							
product_f34405f7-4ade-e2bf-b9bb-bcb65f3f4b04	Product	Tazas doble pared set x2	"<p>Tazas doble pared Set x 2. </p><p>350ml </p><p>Medida:</p><p>Altura: 11cm </p><p>Diámetro con manija: 12,5cm </p><p>Diámetro: 8,5cm</p>"	339e71_32fc280be8bf4795a033bd1472474187~mv2.jpg;339e71_bddd2ca821c341ed818ea3d4e1ebfdb7~mv2.jpg	Cocina;Vasos | copas | tazas 	TAZ0020		890		true	PERCENT	0	2																																							
product_0a324608-e197-51fd-3eb6-93afcf85e25f	Product	Reloj London 	"<p>Reloj de metal vintage </p><p>Medidas: </p><p>Diámetro: 60cm </p><p>Ancho del borde: 6,5cm</p>"	339e71_4faa800e0e7a488a8ebe8dacc1f3478d~mv2.jpg;339e71_675f510f26a843cf8227174e6dd49b15~mv2.jpg	Relojes;Decoración	REL0039		5290		true	PERCENT	0	2																																							
product_c2f40da0-a151-7ff2-896a-6442f65df65b	Product	Tabla copetinera quesos 	<p>Tabla de quesos </p><p>Medidas: </p><p>Diámetro: 22cm</p><p>Altura: 4cm</p>	339e71_7e4086c61a40464eba9ed5151fcfcf67~mv2.jpg;339e71_3e6f858049b54dbe98b8878c03864c8e~mv2.jpg;339e71_2a9bf00a7ed04673aa9e675ffc2f9cff~mv2.jpg	Cocina;Tablas | Copetineros 			1290		true	PERCENT	0	OutOfStock																																							
product_d326b67e-8203-39cb-361a-12dd6ed113d8	Product	Fanal white II	<p>Fanal mediano de Metal </p><p>Medidas:</p><p>Altura: 37cm</p><p>Ancho: 18cm x 18cm</p>	339e71_cd82e863da1343c89038891bdb3177d2~mv2.jpg	Decoración;Candelabros / Fanales			2290		true	PERCENT	0	1																																							
product_6e4b7cd4-5891-8bef-9570-13463eede9ad	Product	Fanal white I	<p>Fanal de Metal grande </p><p>Medidas: </p><p>Altura: 46cm </p><p>Ancho: 23 cm x 23cm</p>	339e71_940eac0dd6354b30960dcdf7226f654f~mv2.jpg;339e71_8decdb837d09473f90e91ff18fff70f8~mv2.jpg	Candelabros / Fanales;Decoración			3290		true	PERCENT	0	1																																							
product_0b9feee4-b904-f0f4-f4ab-04c2ebce3bc5	Product	Fanal Syn II	<p>Fanal de metal chico </p><p>Medidas: </p><p>Altura: 35cm</p><p>Ancho: 22cm </p><p>Profundidad: 15cm</p>	339e71_c03f4409ec104f1e9bdbca4b5fb5f411~mv2.jpg	Decoración;Candelabros / Fanales			2490		true	PERCENT	0	OutOfStock																																							
product_91db4252-0322-ac10-1225-e06f941e36f1	Product	Fanal Syn I 	"<p>Fanal de metal grande </p><p>Medidas:</p><p>Ancho: 26cm</p><p>Altura: 43,5cm </p><p>Profundidad: 19cm</p>"	339e71_dd6c6de93d0e4ff69e78197bab13a6c2~mv2.jpg;339e71_ce8385efa125486dafd51af49f04e75a~mv2.jpg	Decoración;Candelabros / Fanales			3290		true	PERCENT	0	OutOfStock																																							
product_bcfd3786-5c89-54fe-9297-a00acfb1fba1	Product	Mesa Paz	"<p>Mesa de madera de mango </p><p>Medidas: </p><p>Profundidad: 74,5cm</p><p>Ancho: 1M 30cm</p><p>Altura: 46cm</p>"	339e71_1421bc2b19aa4011b35e2e47f9649425~mv2.jpg;339e71_b941c219682340baadcc73bb5d8da29b~mv2.jpg;339e71_aa37bad4d3ef448b84c161bef881ca06~mv2.jpg	Mesas;Mobiliario			22900		true	PERCENT	0	OutOfStock																																							
product_677043cd-5b23-512f-bae5-d6308e79284a	Product	Bancos Billy 	<p>Bancos de madera de mango</p><p>Medidas: </p><p>Altura: 27cm </p><p>Ancho: 29cm x 29cm</p>	339e71_d3aedeca6df44dd78e5106cbc2d886dc~mv2.jpg;339e71_39d7ebb050bf47d29851769df13ecb8b~mv2.jpg;339e71_1aecdc1bc78a4692a1dbd2c86e1d6e0c~mv2.jpg;339e71_4ce1302f92534afa8b7c0c9e7917d473~mv2.jpg	Sillones/bancos			2590		true	PERCENT	0	OutOfStock																																							
product_5aab2340-2eb8-d00e-d048-1cf1e545710b	Product	Centro pasta piedra 	"<p>Centro rectangular pasta piedra </p><p>Medidas:</p><p>Largo: 52cm</p><p>Ancho: 23,5cm</p><p>Alto: 3,5cm</p>"	339e71_47549040d872426aa04d872c03162e72~mv2.jpg;339e71_e273982cdd15403082916b8b720027ab~mv2.jpg	Decoración;Adornos			2290		true	PERCENT	0	OutOfStock																																							
product_a64d8f20-6be6-1ef5-21b7-886c0250ba06	Product	Olla cerámica Tib 	<p>Olla de cerámica </p><p>Medida:</p><p>Altura; 24.5cm</p><p>Diámetro: 16cm</p>	339e71_a00bc3e13a2245369206d026e120b6b0~mv2.jpg;339e71_f6de520dd43f468d95424830f6882c66~mv2.jpg	Adornos;Decoración			2100		true	PERCENT	0	OutOfStock																																							
product_c1b6bf1c-8d9f-2147-dc4c-8e997c8511c1	Product	Olla de cerámica Jar 	<p>Olla de cerámica </p><p>Medidas: </p><p>Altura: 22cm</p><p>Diámetro: 27cm</p>	339e71_7564cad8538d4926b3f4e740a6c8ee24~mv2.jpg;339e71_809a38da63fa44db8ebfef96c99a033c~mv2.jpg	Decoración;Adornos	JAR0054		1790		true	PERCENT	0	2																																							
product_694fe43a-bfd6-a058-7992-b2e4228c5097	Product	Lámpara | Veladora touch I 	"<p>Lámpara touch </p><p>Medidas: </p><p>Altura: 36,5cm</p><p>Ancho: 10cm x 10cm</p><p></p><p>*solo blanca*</p>"	339e71_b246d71f40164582a6d73d29eb0bab07~mv2.jpg	Iluminacion;Decoración	LAM0066		990		true	PERCENT	0	2																																							
product_c147bc3a-ac41-da2a-f57e-ce6024b17b9c	Product	Tazas gold 	<p>Tazas labradas con borde dorado </p><p>Medidas: </p><p>Altura:  7cm </p><p>Diámetro: 10cm</p>	339e71_1fe0b5d0fa0a45a296ca8e28c0db78c6~mv2.jpg;339e71_653672ff682a4ed285877d362b9b6f7a~mv2.jpg	Cocina;Vasos | copas | tazas 	TAZ0018		550		true	PERCENT	0	2																																							
product_16836056-d5cc-9153-d491-e1156273fe56	Product	Florero Anhi 	<p>Cuenco de papel maché </p><p>Medidas:</p><p>Altura: 25cm</p><p>Diámetro: 27cm</p>	339e71_e3cf0e6ada67492b87f495f8e8e9fae1~mv2.jpg	Decoración;Adornos	JAR0057		1490		true	PERCENT	0	2																																							
product_08a44229-8873-9189-e454-de361a7c85b8	Product	Florero Guhl 	<p>Cuenco de papel maché </p><p>Medidas: </p><p>Altura: 21cm</p><p>Diámetro mayor: 33cm</p>	339e71_fbee65b3b6c948f48abce317ecd66a1e~mv2.jpg	Decoración;Adornos	JAR0058		1390		true	PERCENT	0	1																																							
product_987ec61a-888f-a237-a140-ec25c496187a	Product	Florero Tahua 	<p>Cuenco de papel maché </p><p>Medidas:</p><p>Altura: 33cm </p><p>Ancho: 20cm aprox </p>	339e71_e269864d14bb48eb82bf0ce7844b97b3~mv2.jpg	Decoración;Adornos	JAR0056		1790		true	PERCENT	0	2																																							
product_f95db989-4b16-746d-ac9f-fde8b383805c	Product	Vasos labrados con borde dorado 	<p>Set x6 </p><p>Medidas:</p><p>Altura: 10cm</p><p>Diámetro: 8cm</p>	339e71_4161890672fb4a718429514d111d582a~mv2.jpg;339e71_db88ab6a090141f89b7b359921fbfc0e~mv2.jpg;339e71_e4222a903b9646178bed972284713ad1~mv2.jpg	Cocina;Vasos | copas | tazas 	VAS0022		1390		true	PERCENT	0	1																																							
product_d39879ed-c0a7-46d4-d543-3b04993697f7	Product	Virgen con niño 	<p>Placa de yeso de maría y niño </p><p>Medidas:</p><p>13cm x 18cm</p>	339e71_d0e531c5c7394f958ac2fbffe7c853cb~mv2.jpg	Religiosos	VIR0021		1790		true	PERCENT	0	1																																							
product_c1e1b6cc-d574-c46d-0b81-d8bad5ade909	Product	Virgen niña sobre base ovalada 	"<p>Medidas:</p><p>18cm x 12,5cm</p>"	339e71_a0f557af79a042268b7435885a4fb449~mv2.jpg	Religiosos	VIR0015		1890		true	PERCENT	0	1																																							
product_1feb688c-e02e-5584-696a-95aafb0db323	Product	Virgen Milagrosa 	"<p>Virgen milagrosa </p><p>Medidas:</p><p>Altura: 32,5cm</p><p>Ancho: 13,5cm</p>"	339e71_2de0e05f19b34671846b66830014f97b~mv2.jpg	Religiosos			2990		true	PERCENT	0	OutOfStock																																							
product_5aaa8cf5-b105-0667-0b7d-4d5e2a768cdc	Product	Lámpara de Lonja 	<p>Lámpara de lonja </p><p>Medida: </p><p>Altura: 46cm </p><p>Diámetro de la pantalla: 34cm</p><p></p>	339e71_021b2ca5b0944664a88c3e3f16916144~mv2.jpg;339e71_5abe7f05489b475f950fe9fad9b0712e~mv2.jpg;339e71_d90944e8956a4b59a9391e6b295dc08c~mv2.jpg;339e71_61cc81b1e47249caad52d2ecb43bd052~mv2.jpg	Decoración;Iluminacion	VEL0092		8900		true	PERCENT	0	1																																							
product_c70858c5-7e4b-d9e8-8966-84b5fccc6fed	Product	Ángel de la guarda 	"<p>Medallón ángel de la guarda </p><p>Medidas: </p><p>16,5cm x 16,5cm</p>"	339e71_f406bf803b2d4136b30d88ff1db70124~mv2.jpg	Religiosos			1690		true	PERCENT	0	OutOfStock																																							
product_51e5f6ad-4a7b-c472-d76d-28cf63312aec	Product	Silla estufera de lonja 	<p>Sillas en madera y lonja trenzada. </p><p>Medidas: </p><p>Asiento: 35 x 34</p><p>Altura al asiento: 27 cm </p><p>Altura total: 71.5 cm</p><p></p><p>*Precio x unidad* </p>	339e71_a761da8469294518bd338def464a742f~mv2.jpg;339e71_00410fa60de54cab8afcb055e7db38b9~mv2.jpg;339e71_9b19cfbb4cd04abb94aa1869958d0188~mv2.jpg	Mobiliario;Sillas			6700		true	PERCENT	0	0																																							
product_9382243e-2964-17a5-42b3-1e9babf19edf	Product	Portarretratos con tachas y cuero chico 	"<p>Medidas: </p><p>Ancho: 30,5cm | alto: 25,5cm</p><p></p><p>Medida de la foto:</p><p>Ancho: 18cm | alto: 13cm</p>"	339e71_d0e414d8d64b41459654e175ad255267~mv2.jpg	Decoración;Portarretratos	POR0085		1490		true	PERCENT	0	1																																							
product_fda15ea6-0939-8e60-e14b-3129f63d3bee	Product	Portarretratos Grande White 	"<p>Medidas: </p><p>36cm x 36cm</p><p></p><p>Medida de la foto:</p><p>20,5cm x 20,5cm</p>"	339e71_09ceabc210d540ceb32dfe9eedaaeb41~mv2.jpg	Decoración;Portarretratos			1790		true	PERCENT	0	0																																							
product_5c117ed5-257d-9ade-e6e4-6310ca3a4a71	Product	Portarretratos con cuero y tachas Grande 	"<p>Portarretratos Grande de madera con tachas y cuero </p><p>Medidas:  </p><p>36,5 x 36,5cm</p><p></p><p>Medida de la foto: </p><p>20,5cm x 20,5cm</p>"	339e71_e8e442496cbe45fab899c88a5d305c03~mv2.jpg;339e71_46f3ad67f4a84606a6a4ad5cc99015ff~mv2.jpg	Decoración;Portarretratos			2290		true	PERCENT	0	OutOfStock																																							
product_9a715657-acb9-6518-cf20-adeaa0590ce9	Product	Portarretratos maderitas clásicos 	<p>Portarretratos de madera combinados </p><p>Medidas: </p><p>Alto: 25cm | ancho: 30cm </p><p></p><p>Medida de la foto:</p><p>Ancho: 20cm | alto: 15cm</p>	339e71_8508f58e4d6648b4a01dd8fb9b25cf9d~mv2.jpg;339e71_f6c7ceb877594512b5389356e6b98eac~mv2.jpg;339e71_9680b133d45e4e6c8b4366df7ba938ea~mv2.jpg;339e71_5787c0df436a48999bd889a3f6ee9fa4~mv2.jpg;339e71_e955599043e04b26952bfe085bc2f8cd~mv2.jpg	Decoración;Adornos;Portarretratos	POR0084		1490		true	PERCENT	0	4																																							
product_815cab00-77c9-b356-35da-1d062054a0db	Product	Portarretratos madera vik 	<p>Portarretratos de madera lisos </p><p>Medidas:</p><p>Ancho: 30cm </p><p>Alto: 25cm </p><p></p><p>Medida de la foto: ancho: 18cm | alto: 13cm</p>	339e71_07c57648a3644216952286f521a412da~mv2.jpg;339e71_390c0483bbb84855b06ea090aea922d7~mv2.jpg	Decoración;Adornos;Portarretratos	POR0001		1290		true	PERCENT	0	5																																							
product_23eadfe5-fed6-ce0a-6d85-63a46dd13208	Product	Pantalla Beat 	<p>Pantalla en papel asedado y aluminio.</p><p>Medidas: 50 cm diámetro | 23 cm altura </p><p></p><p></p><p>*Incluye parte eléctrica* </p>	339e71_7e4c4f60d156434c8c13c3263a58acc9~mv2.jpg;339e71_63983e9d7ee04fe589d5da276ae7b33c~mv2.jpg;339e71_60e9d665be344b5d81627fb660afd0e4~mv2.jpg	Decoración;Iluminacion	COL0027		9200		true	PERCENT	0	2																																							
product_91224fa2-2d02-4f83-c92b-69d5df62d1e8	Product	Set tetera + tazas 	"<p>Juego de té completo </p><p>Medida total: </p><p>Altura: 26cm </p><p>Ancho: 18 x 21cm </p><p></p><p>Medida de la tetera: </p><p>Altura: 16cm</p><p>Ancho: 23cm</p><p></p><p>Medida de tazas: </p><p>Altura: 7,5cm </p><p>Ancho: 10,5cm </p><p></p>"	339e71_87b63f9be0ee44bfa02707a1af6f8b45~mv2.jpg;339e71_09b0bfc3611f4a17a1fde18927cb6f55~mv2.jpg	Cocina	TAZ0019		990		true	PERCENT	0	1																																							
product_4ebbffcf-6b76-a0bc-4074-e2ca494304c2	Product	Pantalla Emma 	<p>Medida: 35 x 35cm </p><p>Incluyen la parte eléctrica </p>	339e71_f84bc9149ff0407ba61e1059da1e8b59~mv2.jpg;339e71_b2996e809de2467093cb4beb7bd28e9d~mv2.jpg;339e71_3ad10211aecd4c6eafe0a5dbc9755153~mv2.jpg	Iluminacion;Decoración	COL0029		3790		true	PERCENT	0	2																																							
product_c833c100-24b5-c5b3-3a5b-bc8669e4354f	Product	Servilletero caballo 	"<p>Servilletero de Chapa </p><p>Medidas: </p><p>Altura: 15cm</p><p>ancho: 18cm </p><p>Profundidad: 5,5cm</p>"	339e71_25f479a2e2f6434b84a28e7b8c7d8914~mv2.jpg;339e71_62f6384bcf864e1099974c1fa0e38893~mv2.jpg	Cocina;Decoración	SER0021		990		true	PERCENT	0	1																																							
product_a17dd48c-26f1-f7ba-7d59-a7d485633362	Product	Bandeja Peltrina II	"<p>Medidas:</p><p></p><p>Altura: 2cm </p><p>Largo: 20,5cm </p><p>Ancho: 12,5cm</p>"	339e71_91cc5f79ab934c36b9c4aba07f38c618~mv2.jpg	Decoración;Bandejas	BAN0109		1690		true	PERCENT	0	1																																							
product_4e666b52-7290-f04d-7f7f-40d7b1ab1ff0	Product	Bandeja Peltrina I 	"<p>Bandeja de peltrina </p><p>Medidas: </p><p>Altura: 2,5cm</p><p>Largo: 28,5cm</p><p>Ancho: 17cm</p>"	339e71_1b0bdf95bf64492aae40355f1d754a17~mv2.jpg	Decoración;Bandejas			1990		true	PERCENT	0	0																																							
product_32bc87e2-d2e8-1bba-87d4-6f6f225a9436	Product	Jaulitas White 	"<p>Set x 2 jaulitas blancas </p><p>Medidas: </p><p>Grande: </p><p>Altura: 23,5cm</p><p>Diámetro: 15cm </p><p></p><p>Chica: </p><p>Altura: 17cm</p><p>Diámetro: 12cm</p>"	339e71_ce185096717045c59a18aa2d5e7b591d~mv2.jpg	Decoración;Adornos	JAU0014		990		true	PERCENT	0	1																																							
product_c7bef0d2-21cb-4184-3f10-381f94517a19	Product	Copetinero de madera 	"<p>Medidas: </p><p>Ancho: 20cm</p><p>Largo: 30,5cm</p><p>Alto: 3,5cm </p>"	339e71_e6081cd4db204ffe9c7a574ac2fe7663~mv2.jpg	Cocina;Tablas | Copetineros 	COP0014		990		true	PERCENT	0	1																																							
product_fbcbaf1b-04ed-2a4e-4c2a-7fd05c3f6ecb	Product	Espejo MAD 	<p>Espejo con marco de madera</p><p>Medidas:  </p><p>Altura: 80cm</p><p>Ancho: 60cm</p>	339e71_0fc510367ab34920a22bb6bf4d3182e7~mv2.jpg	Espejos;Mobiliario			5900		true	PERCENT	0	OutOfStock																																							
product_b41e90ef-e3dd-ed03-a8f5-23342128e8af	Product	Set estrellas 	"<p>Set x 3 estrellas </p><p>Medidas: </p><p>Grande: largo 26cm | ancho 24cm </p><p>Mediana: largo  21cm  | ancho 20cm </p><p>Chica: largo 18cm | ancho: 17,5cm</p>"	339e71_938d16190b6e440ab06756ed7cef0403~mv2.jpg	Decoración;Adornos	EST0025		990		true	PERCENT	0	1																																							
product_ec436026-3623-c8bf-f0cb-c73ae2f7a4cd	Product	Cuadro bordado 	<p>Cuadro bordado </p><p>Medidas:</p><p>Altura: 39cm</p><p>Ancho: 29cm</p>	339e71_241459b7099747439d6705e6639386b7~mv2.jpg	Decoración;Cuadros	CUA0089		2890		true	PERCENT	0	1																																							
product_6bad6ace-bf57-7e81-f2ac-1e88d92726fe	Product	Vasos de Whisky 	"<p>Set x 6 vasos de whisky </p><p>Medida: </p><p>Altura: 9,5cm</p><p>Diámetro: 9cm</p>"	339e71_99c35b1f5ce1472db1dc904f98409524~mv2.jpg;339e71_659c8be991f54906aeb3e4e0328e6e42~mv2.jpg;339e71_a960d8d41fbd46f4bc6f868a41c8e4dc~mv2.jpg	Cocina;Vasos | copas | tazas 			2490		true	PERCENT	0	OutOfStock																																							
product_b54dc3e5-b4fc-f69c-5ac4-ffb249235695	Product	Mesa Pali 	<p>Mesa de madera </p><p>Medidas: </p><p>Altura:  45cm </p><p>Ancho: 1M 40cm</p><p>Profundidad: 61cm</p>	339e71_941ddbac563f426399af61a9365268cd~mv2.jpg;339e71_9d8bbc7e2d9b40b79b9cb824e58942d0~mv2.jpg;339e71_b4779b0d3e6d41a1bf035813bff44b88~mv2.jpg;339e71_03886b2566be4392a81e9e3e5e0e1ea8~mv2.jpg	Mobiliario;Mesas	MES0049		26900		true	PERCENT	0	1																																							
product_911e5fca-e1e9-25e6-14e6-7c3cff17bbfa	Product	Recibidor Blas 	"<p>Recibidor con cajón, de madera de mango </p><p>Medidas: </p><p>Altura: 76,5cm</p><p>Ancho: 1m 05cm</p><p>Profundidad: 30,5cm </p>"	339e71_24a05e1a791d4706b8d9c992d48d1434~mv2.jpg;339e71_ada421d50d394e9e8ad0ad271121027d~mv2.jpg;339e71_bea359487ff347d1846596915f3c3c02~mv2.jpg;339e71_bc32cf9a2f274d6599b6e127548f9453~mv2.jpg;339e71_7df942ee66354dd78d7a7827590edeeb~mv2.jpg	Mobiliario;Mesas de arrime / recibidores;Recibidores 			16900		true	PERCENT	0	OutOfStock																																							
product_266ad05b-ad9c-911f-9aae-a58fbac1ec98	Product	Botella borde dorado 	"<p>Botella de vidrio con borde dorado </p><p>Medidas: </p><p>Altura: 25cm </p><p>Diámetro: 8,5cm</p>"	339e71_534245591794466c81c6b9d78e190f22~mv2.jpg;339e71_73b34a0740c54f7c8b53949ef28508a0~mv2.jpg;339e71_13c2574871fc45989a6d8bef3fbb4867~mv2.jpg	Cocina;Varios	BOT0007		990		true	PERCENT	0	4																																							
product_32a310c6-f7f3-2fc6-88f2-63abe022dc26	Product	Vasos doble pared x2	"<p>Medidas: </p><p>Altura: 11,5cm</p><p>Diámetro: 8,5cm</p>"	339e71_0d0b2fdc42ef42108a6ec247a018daa5~mv2.jpg;339e71_1aaf8aa85a194aa9bcae0ea176435911~mv2.jpg	Vasos | copas | tazas ;Cocina	VAS0019		790		true	PERCENT	0	2																																							
product_aea1ed2b-b799-754c-9b8c-51668f60fbcf	Product	Cuenco madera teka	"<p>Cuenco de madera </p><p>Medidas: </p><p>Altura: 10cm </p><p>Ancho: 40,5cm </p><p>Profundidad: 20,5cm</p>"	339e71_02bca1b750464ef695ed1d86ca8e3af7~mv2.jpg;339e71_a8b8f0b36fb0482997cd823f2cd232d1~mv2.jpg	Decoración;Adornos	CEN0017		2390		true	PERCENT	0	1																																							
product_b8215061-c209-6c50-71f7-5175b4b8c3e9	Product	Porta Pañuelos 	<p>Porta pañuelos </p><p>Medidas: </p><p>Largo: 24cm </p><p>Ancho: 18cm</p>	339e71_ba71c7e2681e4cd990ef193731300f3d~mv2.jpg;339e71_dd9f05c3715046eba1219f3afdf93676~mv2.jpg	Decoración	POR0074		590		true	PERCENT	0	2																																							
product_fef17833-e3d0-e25c-78f4-5ee3c7ddbb20	Product	Recibidor Dina 	"<p>Recibidor de madera de mango con esterilla </p><p>Medidas: </p><p>Altura: 76,5cm</p><p>Ancho:1m 22cm </p><p>Profundidad: 38cm</p><p></p>"	339e71_ffc069ad9e5d40069c99b361a0dfe1be~mv2.jpg;339e71_992592b013b7406892feae75f55743a3~mv2.jpg;339e71_bfa6739acb6b431380cbfe2f55c03d9d~mv2.jpg	Mesas de arrime / recibidores;Mobiliario;Recibidores 			21900		true	PERCENT	0	OutOfStock																																							
product_2e36cb4f-39d3-dadf-a848-41a0907c2812	Product	Bandeja green chica 	"<p>Bandeja decorativa </p><p>Medidas: </p><p>20,5cm x 20,5cm</p><p>Altura: 4cm </p>"	339e71_c6647a4b5bed4226a50cb648600a9a33~mv2.jpg	Bandejas;Decoración	BAN0113		1290		true	PERCENT	0	3																																							
product_76a109d5-789b-7699-c819-538d87252e58	Product	Bandeja green 	"<p>Bandeja decorativa </p><p>Medidas:</p><p>Altura: 4cm </p><p>Ancho: 23cm </p><p>Largo: 36,5cm</p>"	339e71_c93b346d5a0b4cd1aaea6ecc301290f4~mv2.jpg	Bandejas;Decoración	BAN0114		1590		true	PERCENT	0	1																																							
product_37c8950f-4ed0-cc05-14d2-a4e6891d787a	Product	Reloj Yute	<p>Reloj de pared </p><p>Medidas: 60cm</p>	339e71_9de7ead6240a4be785626e8fcdbc3b68~mv2.jpg	Decoración;Relojes			3190		true	PERCENT	0	OutOfStock																																							
product_267b6409-c15c-fd6d-f353-2b7e9d36686d	Product	Cuadro Bali	<p>Cuadro tallado de madera </p><p>Medidas:</p><p>70cm x 70cm </p>	339e71_54a7543bc6094352acebd0d1bc6a4599~mv2.jpg	Decoración;Adornos;Cuadros			8900		true	PERCENT	0	OutOfStock																																							
product_00b0a395-62df-bb52-2494-a09f0abcabf4	Product	Perchero Rusty 	<p>Medidas: </p><p>Altura: 32cm</p><p>Ancho: 90cm</p>	339e71_471c3955475e43468755c0b0269313ac~mv2.jpg;339e71_5fa5a47fdb644ffbb3b8310a263547e4~mv2.jpg;339e71_412dc6cb54954f4fa393e5ee029d61fb~mv2.jpg	Decoración;Percheros			5900		true	PERCENT	0	OutOfStock																																							
product_c31dd039-f63c-8b95-20ad-e55f7b003735	Product	Carro bar | estanteria 	"<p>Bar con rueditas,  madera de mango </p><p>Medidas: </p><p></p><p>Altura: 78cm </p><p>Ancho: 70cm </p><p>Profundidad: 40,5cm </p>"	339e71_22b015d4890443cb8e2f75e65ebfd476~mv2.jpg;339e71_18bea570891041bf8614e9a38d681768~mv2.jpg;339e71_74d3db5239494a1b9f7521a1fb12c5e5~mv2.jpg	Mobiliario;Mesas de arrime / recibidores;Mesas	MES0056		12900		true	PERCENT	0	1																																							
product_6bf5bb51-1efb-1214-47d1-e86e1f9d1e0c	Product	Puff de cuero 	<p>Puff de cuero color camel</p><p>Medidas: </p><p></p><p>Altura: 40cm</p><p>Ancho: 37cm x 37cm</p>	339e71_f3de0c1db3ba4f12a5811fcec836a6d5~mv2.jpg;339e71_e63d4ffc22704bb38190560a6c15b5a2~mv2.jpg;339e71_78795c57afa74672a405156049d6d917~mv2.jpg	Decoración;Sillones/bancos			6900		true	PERCENT	0	OutOfStock																																							
product_c6b42c1f-7eef-c300-994e-4882612ec99c	Product	Espejo Amy 	<p>Medidas: 1.80 x 0.80 </p>	339e71_c072f0305ddf46a2954afe656db669cd~mv2.jpg;339e71_6839d8192d29489e8ad743b472c3e4e9~mv2.jpg	Adornos;Decoración;Espejos;Mobiliario	ESP0044		20900		true	PERCENT	0	1																																							
product_e3746fc2-5b72-abb9-8127-d41aef926ae5	Product	Cuadro Tiny 	<p>*Precio por unidad*</p><p>Cuadros pintados. </p><p>Medida: 62 x 92 cm </p><p></p>	339e71_824087ea83a0441bab867deaaef5f73f~mv2.jpg;339e71_0940a4f7ac5849b6a5cf2f01c60814ce~mv2.jpg;339e71_81805d9f3410486891995a350289e78e~mv2.jpg	Adornos;Cuadros;Decoración	CUA0043		5400		true	PERCENT	0	1																																							
product_5df09418-db59-f491-2c57-72a6ad87d241	Product	Almohadón Hello 	<p>Medidas: </p><p>Largo: 46cm </p><p>Ancho: 28cm</p>	339e71_bc3298de8dc840f78d7f782c39d93cb9~mv2.jpg	Decoración;Textiles	ALM0033		1100		true	PERCENT	0	2																																							
product_32a07d45-0c49-9cd0-839f-6bf968519c6c	Product	Espejo SUN 	"<p>Espejo redondo </p><p></p><p>Medidas: </p><p>Diámetro: 90,5cm</p>"	339e71_2c5375cc778e4f68bb48bf180d5ed35f~mv2.jpg;339e71_f0cb0f1f43034e6b913888cc1fc0fed5~mv2.jpg;339e71_15442a4f5fff4125b8061409b395e012~mv2.jpg	Decoración;Espejos			10500		true	PERCENT	0	OutOfStock																																							
product_2004c337-729d-a0ee-0376-d16f6bd7a329	Product	Maceta Boni Black III	<p>Maceta con patas de madera chica </p><p>Medidas:</p><p></p><p>Altura: 31cm </p><p>Ancho: 18cm</p><p>Diámetro: 17cm</p>	339e71_b5bf4d6a51794a7c978b3719a9a66d09~mv2.jpg;339e71_b09135e8239a4812b62fbd211863b1e7~mv2.jpg	Macetas;Plantas / Jardín			1100		true	PERCENT	0	OutOfStock																																							
product_7cb8a098-d70f-576b-881a-92446ef4af62	Product	Maceta Boni Black II	"<p>Maceta con patas de madera Mediana </p><p></p><p>Medidas: </p><p>Altura: 41cm</p><p>Ancho: 22cm </p><p>Diámetro: 19,5cm</p>"	339e71_104e880a92b84875a71bbf5a4e1e6a88~mv2.jpg	Macetas;Plantas / Jardín			1500		true	PERCENT	0	1																																							
product_1d23ebf7-c042-d425-d758-d16cd80ac35b	Product	Maceta Boni black I	<p>Maceta con patas de madera Grande </p><p></p><p>Medidas: </p><p>Altura: 53cm </p><p>Ancho: 30cm </p><p>Diámetro: 23cm</p>	339e71_2057ec5acb6740dca3cae76ac20c73e1~mv2.jpg	Macetas;Plantas / Jardín			1800		true	PERCENT	0	OutOfStock																																							
product_8d6386e3-465e-5b2e-0207-1ff1d9573bea	Product	Aparador | Bar Chicago 	"<p>Aparador | bar con puerta corrediza, madera de mango </p><p></p><p>Medidas: </p><p>Altura: 90cm </p><p>Ancho: 89,5cm </p><p>Profundidad: 38cm</p>"	339e71_4899c650bf684b23bed634ab6ebb5388~mv2.jpg;339e71_18069a3df491468993bc15dcbcf5e9f9~mv2.jpg;339e71_fc5270c730284913a76dff108dfdd5fa~mv2.jpg;339e71_f44a474362bd4513b649ec1e49f391bc~mv2.jpg	Mobiliario;Mesas de arrime / recibidores	MUE0002		30900		true	PERCENT	0	1																																							
product_9e06a63f-5e71-8b06-7356-8ff11f06950d	Product	Estantería Luz 	"<p>Estantería de madera de mango </p><p>Medidas: </p><p>Largo: 1m. 81,5cm </p><p>Ancho: 80cm</p><p>Profundidad: 40cm</p>"	339e71_19495ac7b76b430991f464fcec20dd47~mv2.jpg;339e71_03d23107120f4be6bea2b27a9187efda~mv2.jpg;339e71_a59fe7b34ba8415b82030761adc055e2~mv2.jpg;339e71_250eecdb759e4e8ba110b7e0fbe067b2~mv2.jpg	Mobiliario	EST0030		26900		true	PERCENT	0	1																																							
product_85d397d1-2937-18da-5ca4-3ebbf3e4d58c	Product	Planta Yuca 	"<p>Medidas: </p><p>Altura: 69cm </p><p>Diámetro de la maceta: 13,5cm</p>"	339e71_c6f116bb78884559af0c6da26397cdbd~mv2.jpg	Plantas ;Plantas / Jardín			2490		true	PERCENT	0	OutOfStock																																							
product_9f4a4361-a83f-c40d-3444-c4e8da7cdfd2	Product	Cubiertos Gold 	"<p>Set x 24 piezas: </p><p>- 6 cuchillos </p><p>- 6 cucharas </p><p>- 6 cucharas postre </p><p>- 6 tenedores </p><p></p><p>Medidas: </p><p>Tenedor: Largo: 21,5cm  | ancho: 3cm</p><p>Cuchillo: largo 22cm | ancho: 2cm </p><p>Cuchara: largo: 20,5cm | ancho: 5cm</p><p>Cuchara de postre: largo: 13cm | ancho 3cm</p>"	339e71_ac0b8bb20cbe4195976a17e0470d72de~mv2.jpg		CUB0013		2190		true	PERCENT	0	3																																							
product_36dd1f20-514a-a11c-b8c8-1f18ca3f93f9	Product	Vasos rayitas gold 	<p>SET X6 </p><p></p><p>Medidas:</p><p>Altura: 9cm </p><p>Diámetro: 7cm</p>	339e71_2d464a78c8c64467a9a4e7a0133fb4fc~mv2.jpg;339e71_9a992693d2974cd39e06345b7827849a~mv2.jpg;339e71_ddb6e93e1d144b2784360209baeffa95~mv2.jpg	Cocina;Vasos | copas | tazas 	VAS0024		1390		true	PERCENT	0	1																																							
product_9110c4bc-2f17-8b14-2430-855adabf6685	Product	Cucharas medidoras set x4	"<p>Medidas: </p><p></p><p>• 15mL largo: 15cm | diámetro 3,5cm</p><p></p><p>•5mL largo: 13,5cm | diámetro: 2,5cm </p><p></p><p>• 2.5mL largo: 13cm | diámetro: 2cm </p><p></p><p>• 1.25mL largo: 13cm | diámetro: 1cm</p>"	339e71_397426fb46824bdebe68f0d09caffef5~mv2.jpg;339e71_cf836fd3b5fe49e6ae0b571677363262~mv2.jpg	Cocina	CUC0006		990		true	PERCENT	0	1																																							
product_4029c889-3e3d-4678-6f12-9eb4076a62ab	Product	Tazas medidoras set x4	"<p>• 250ml : largo: 20cm | diámetro: 8cm</p><p></p><p>• 125ml largo: 18cm | diámetro: 7cm</p><p></p><p>•80ml largo: 17,5cm | diámetro: 6cm </p><p></p><p>• 60ml largo: 17cm | diámetro: 5,5cm </p>"	339e71_d57c0aa5cce644e38652d4a99b3c0165~mv2.jpg;339e71_b6fe46b9bd94455ebcdf66aef966d070~mv2.jpg;339e71_5f341f04fefe41ff91e740ceff500133~mv2.jpg;339e71_11df4fd7dc0344288688631814fb64cf~mv2.jpg	Cocina			1290		true	PERCENT	0	OutOfStock																																							
product_ccde78fa-3638-07d8-34f8-d67cbd94c60d	Product	Ficus Lyrata 80 cm 	<p>Medidas: </p><p>Altura: 80 cm  </p><p></p>	339e71_09632fc914ab4a65a93202ec5ad3c1e1~mv2.jpg;339e71_3e5397dabc934e0695e78470bd04379a~mv2.jpg	Plantas / Jardín;Plantas ;Decoración	FLO817		1890		true	PERCENT	0	1																																							
product_2633c213-3861-0c8d-d8da-8c5c47ed6463	Product	Eucalyptus chico 	<p>Medidas:</p><p>Altura: 1.30cm </p><p>Diámetro maceta: 16cm</p>	339e71_d31bb824c52643a69ef571e1849bad6d~mv2.jpg	Plantas / Jardín;Plantas 	FLO829		3290		true	PERCENT	0	2																																							
product_dcb4b80f-a617-a9ec-fee4-10fc1ab3f972	Product	Copas borde dorado Set x 6	<p>Copas de vino con borde dorado | SET X6</p><p>Capacidad: 580 cc </p><p>Medidas: </p><p>Altura: 24 cm </p><p>Diámetro boca: 6.5 cm </p><p>Diámetro mayor: 9 cm</p>	339e71_197ab4204f474bfd96088cbd8aedba6c~mv2.jpg;339e71_c26def5d542040d1a9badda05c56fb78~mv2.jpg;339e71_418ba473c37d4e9baf7017c729a0a8bd~mv2.jpg;339e71_fce741506b3c44bc8fc85aa4f28c2446~mv2.jpg	Cocina;Vasos | copas | tazas 	COP0049		2990		true	PERCENT	0	1																																							
product_b7632fbd-00e7-09bf-1869-8b5fa545749a	Product	Sillón Malibu 	<p>Sofá de tres cuerpos de espuma de alta resiliencia y estructura de madera de pino.</p><p></p><p>Medidas: </p><p>Largo: 2.20 mt</p><p>Prof: 1 mt </p><p>Alto total (con almohadón): 85 cm </p>	339e71_a69835a3716642bc93e9bc14a159ab9d~mv2.jpg;339e71_1b8358b05f7b4b4c924d57c82512a40b~mv2.jpg;339e71_c4c9b5a2a8564be0909c82e5b249ac39~mv2.jpg;339e71_b22865a3fbc749559c1b60764b886a5b~mv2.jpg	Mobiliario;Sillones/bancos			72800		true	PERCENT	0	OutOfStock																																							
product_f050d433-7292-6d90-81c6-4d8eee914365	Product	Eucalyptus Grande 	<p>Medidas: </p><p>Altura: 1m 65cm</p>	339e71_06118d14485e44be80ec05df32cdce02~mv2.jpg	Plantas / Jardín;Plantas 	FLO826		5590		true	PERCENT	0	OutOfStock																																							
product_493cd9ea-3cb7-d8b9-b852-4f33a3ebea89	Product	Planta dracena 2 gajos	<p>Medidas: </p><p>Altura: 1m30cm </p><p>Diámetro: 20cm</p>	339e71_f1c48f47741344d895d592bb1de05686~mv2.jpg	Plantas / Jardín;Plantas 	PLA0021		6690		true	PERCENT	0	2																																							
product_fe212a02-2fdd-8766-15a6-b51a03cd5dcc	Product	Rack Rávena 	<p>Rack de madera de mango con esterilla </p><p>Medidas:</p><p></p><p>Ancho: 1.60cm </p><p>Altura: 65cm</p><p>Profundidad: 40cm</p>	339e71_a4703f2206894ceaa32cc767d83bc5d6~mv2.jpg;339e71_db33ad51ddd54dd79b5e50ce23091ed6~mv2.jpg;339e71_8b8a5f34771c43b3a7fa8168b4243c51~mv2.jpg;339e71_3ff8087bddb24610a02e996c11020a73~mv2.jpg	Mobiliario	RAC0001		37900		true	PERCENT	0	OutOfStock																																							
product_1d25d09b-3d49-4d9e-aef2-1bd829c75e04	Product	Planta Dracena 3 gajos 	"<p>Medidas: </p><p>Altura: 1m 30cm</p><p>Diámetro: 18,5cm</p>"	339e71_ee19237768a9464690ce053a97cd211b~mv2.jpg;339e71_0e7b0dd04de24c389da06e4599da37fe~mv2.jpg	Plantas ;Plantas / Jardín			6490		true	PERCENT	0	OutOfStock																																							
product_4b819128-1468-abef-508d-9d3e11882d41	Product	Fanal Jaulita con cerámica 	<p>Medidas desde el aro para abajo </p><p>Largo: 30cm </p><p></p>	339e71_d36d3782e92e46ca9c785e3560be1506~mv2.jpg	Decoración;Adornos	JAU0016		1100		true	PERCENT	0	2																																							
product_76dc3e3a-4e33-f0e3-ad53-c0740da43934	Product	Borla | Sujeta Cortina Flower 	<p>Borlas de cerámica </p><p></p><p>Medidas: 64cm de largo total </p><p>Largo desde el aro: 41cm</p>	339e71_f8fc3ca6d3e4431db85831e5f5fdce2c~mv2.jpg	Adornos;Decoración	BOR0027		790		true	PERCENT	0	1																																							
product_4433f451-84eb-2b59-160e-34780184cbba	Product	Aromatizador de varillas PREMIUM   	"<p>Difusores + varillas </p><p>Contiene 1Lt, pero se recomienda ponerle 250ml </p><p></p><p>Medidas : </p><p>Altura: 23cm (sin los palitos) | con: 28cm</p><p>Ancho: 8,5cm x 8,5cm</p><p></p><p>*especificar modelo* </p>"	339e71_3ad0682ab6ca4309ab29e9e1eeb35e25~mv2.jpg;339e71_75f72b3b00f2462baf5c1cfcfab999d2~mv2.jpg;339e71_dfe13f1c472c457fad200cf5c04d8a9f~mv2.jpg;339e71_b50a8c8cf7634fb4a97e68b07fb225c3~mv2.jpg	Decoración	DIF0005		1390		true	PERCENT	0	6																																							
product_14d55fb1-26bd-e922-7e75-f9ec05ffb239	Product	Bancos Lodi 	"<p>Bancos de madera </p><p>Medidas:</p><p></p><p>Altura: 30cm </p><p>Ancho: 40cm </p><p>Profundidad: 25,5cm</p>"	339e71_813eb5d933c443cca342f208abfb3184~mv2.jpg;339e71_60eaf9415cf2411a9a7f8e1262446702~mv2.jpg	Sillones/bancos;Mobiliario	BAN0112		3290		true	PERCENT	0	4																																							
product_14f7b12b-9c8f-7d52-4c0f-2da17e103668	Product	Silla parís 	<p>Medidas: </p><p></p><p>Altura total: 84cm</p><p>Ancho total: 64cm </p><p>Profundidad total: 71cm</p><p></p><p>Medidas del asiento: </p><p>Ancho: 59cm </p><p>Largo: 52cm</p><p></p><p>Respaldo: </p><p>Ancho: 56cm </p><p>Altura: 49cm</p>	339e71_92d721efa167428285c5d88044590822~mv2.jpg;339e71_6b009a8b3d5b4cb1823e69219a76068b~mv2.jpg;339e71_899056c28f354646912f117837521911~mv2.jpg	Mobiliario;Sillas			16900		true	PERCENT	0	OutOfStock																																							
product_388594f1-3e96-6cf0-5f5a-54c36b4c5449	Product	Espejo Sicilia 	"<p>Espejo de madera de mango </p><p>Medidas: </p><p>Ancho: 70,5cm</p><p>Altura: 1.21cm</p>"	339e71_04fd737906004b4683a0c71a962c3594~mv2.jpg;339e71_bdc9cb6808504bb2a860f22735878158~mv2.jpg;339e71_0aa29d62479d433b905a0d9aad435226~mv2.jpg	Espejos;Mobiliario			11900		true	PERCENT	0	OutOfStock																																							
product_b8ad9782-1780-f299-36a1-99f852d1c7cd	Product	Cómoda Ancona 	"<p>Cómoda de madera de mango </p><p></p><p>Medidas:</p><p>Ancho: 1m.30cm </p><p>Profundidad: 42cm</p><p>Altura: 75,5cm</p>"	339e71_94185d1305be4e4b907def5f6d9595e1~mv2.jpg;339e71_513c1c06ed5f4661b3e84f7d36d243da~mv2.jpg;339e71_b13340578c2044fb887545b6a661fe8d~mv2.jpg;339e71_29f74e378d72496d9de0bc1d7a6b28fb~mv2.jpg;339e71_d63c55129df848f6a2c2ecbe5e72b222~mv2.jpg	Mobiliario			39800		true	PERCENT	0	OutOfStock																																							
product_15ae0916-4757-b22a-38e1-7c43d2013122	Product	Copetinero de madera y peltrina x4 	"<p>Medidas: </p><p>Base: 28,5cm x 3,5cm </p><p></p><p>Copetineros: </p><p>17.5cm x 12,5cm </p><p>Altura: 3,5cm </p><p></p><p>Altura total: 5cm</p>"	339e71_db3e30d466b2433fbd11e176de28c52f~mv2.jpg;339e71_cc1ac86830684de58c3cb631ee73efd8~mv2.jpg	Cocina;Tablas | Copetineros 			3790		true	PERCENT	0	OutOfStock																																							
product_cb104d5a-7358-6755-4ca7-30d669bcb85e	Product	Copetinero de madera y peltrina x5	"<p>Medidas: </p><p></p><p>Medida de la base: </p><p>Diámetro: 28,5</p><p>Altura: 3cm</p><p></p><p>Medida de los Copetineros </p><p>15cm x 8,5cm </p><p>Altura: 3,5cm </p><p></p><p>Copetinero del medio: 9,5cm x 3cm </p><p></p><p>Altura total: 5cm</p>"	339e71_7156da5b99964f1cbade3d217867ec47~mv2.jpg;339e71_2fdb64e7168a4c13b98a418ddfa4d893~mv2.jpg	Cocina;Tablas | Copetineros 			3990		true	PERCENT	0	OutOfStock																																							
product_c4d64663-4470-b6a0-7346-e4bd48fe0770	Product	Perchero caballo 	<p>Perchero de madera y peltrina </p><p>Medidas:</p><p></p><p>Altura: 29cm </p><p>Ancho: 38cm </p><p>Profundidad: 12cm</p>	339e71_dfddfa79905749ea9c466839a6b690d0~mv2.jpg;339e71_c5109cac28db44f7a3dd1c6cbfc8f670~mv2.jpg	Decoración;Percheros			3750		true	PERCENT	0	OutOfStock																																							
product_39621254-8ec8-f433-1605-30516dfbe0cd	Product	Perchero herradura  	<p>Perchero de madera y peltrina </p><p>Medidas: </p><p>Altura: 29cm </p><p>Ancho: 39cm </p><p>Profundidad: 11cm</p>	339e71_53ba60a8308a46ea8116af4913bd3476~mv2.jpg;339e71_461b97964f4a4203b09bd1bed15e44ea~mv2.jpg	Decoración;Percheros	PER0035		3750		true	PERCENT	0	1																																							
product_3a494665-8073-1896-1dbe-fedd70c3e819	Product	Reloj vintage 	<p>Reloj vintage </p><p>Medidas: </p><p>Altura: 18.5cm </p><p>Ancho: 16cm </p><p>Profundidad: 7cm</p>	339e71_3790ae223fff40a5852efbe363026f4c~mv2.jpg	Decoración;Relojes	REL0027		1290		true	PERCENT	0	2																																							
product_4e9fcfbf-ccf2-042e-ef3e-9f5fbdac86fc	Product	Barra Verona 	<p>Barra de madera de mango </p><p></p><p>Medidas: </p><p>Altura: 1m. 05cm </p><p>Ancho: 1m 16cm</p><p>Profundidad: 58cm</p>	339e71_293fec9240744e09a4918832e1c8c9e8~mv2.jpg;339e71_c236d9f62cb84f2caaf939d783f1a1b1~mv2.jpg;339e71_38f0b88b72334ce2acde10cd43582be2~mv2.jpg	Mobiliario;Mesas de arrime / recibidores	BAR0002		28900		true	PERCENT	0	1																																							
product_c125413a-5af4-8059-ea1c-d85d6551d72a	Product	Reloj de mesa gold 	"<p>Reloj de mesa,  negro y dorado </p><p>Medidas: </p><p>Altura: 20cm</p><p>Diámetro: 15cm </p><p>Base: 12cm x 8cm</p>"	339e71_19ffba32f067442b818c32aeb98569c4~mv2.jpg;339e71_81c6d6892f66409c87dc9fd981430127~mv2.jpg	Decoración;Relojes			1190		true	PERCENT	0	OutOfStock																																							
product_55cda642-a562-11d2-c69f-eb3f7d1ec759	Product	Reloj Bobble 	<p>Reloj </p><p>Medidas:</p><p>Diámetro: 60cm</p>	339e71_b57de4a963d14a1a89aed44b3e7968e6~mv2.jpg	Decoración;Relojes			3290		true	PERCENT	0	OutOfStock																																							
product_b80175f8-8712-bdc0-f673-50725ec24323	Product	Reloj Mundi 	<p>Reloj mapa </p><p>Medidas: </p><p>Diámetro: 60cm</p>	339e71_173158a57b5e4a1bacb4674192d2d501~mv2.jpg	Decoración;Relojes	REL0037		3190		true	PERCENT	0	1																																							
product_6b63b2f5-8eab-1621-a3c9-3a1c59ed5743	Product	Reloj swiss 	<p>Reloj de Colores  minimalista </p><p>Medida: Diámetro: 60cm</p>	339e71_8a6b1b11d66f4bb5bf8f8e7de6c5faa4~mv2.jpg	Decoración;Relojes			2690		true	PERCENT	0	OutOfStock																																							
product_33030007-86af-4ed1-f06e-86ab143f068f	Product	Reloj Clement	<p>Reloj </p><p>Medidas:</p><p>Diámetro: 68cm</p>	339e71_0d4d03b103b0493b9ef161258179f9cb~mv2.jpg	Decoración;Relojes			4990		true	PERCENT	0	OutOfStock																																							
product_f01fd92a-827f-1c63-0c4d-59903d7aa15e	Product	Reloj black 	"<p>Reloj negro de chapa </p><p>Medidas:</p><p>Diámetro 71,5cm</p>"	339e71_abda1eef6c84453ebbeab3b78b76072c~mv2.jpg	Decoración;Relojes			3790		true	PERCENT	0	OutOfStock																																							
product_b82f37a2-14fc-0e24-2523-01994df90c68	Product	Espejo Bali grande 	<p>Espejo con marco de madera de mango </p><p>Medida: </p><p>Diámetro: 70cm</p>	339e71_6a8def7685414afb8d1b1fdb5984dcc2~mv2.jpg;339e71_207fc8e5ab15478796553a6d4cd8f166~mv2.jpg	Decoración;Espejos			6900		true	PERCENT	0	OutOfStock																																							
product_5d928d16-f0ed-6832-5d70-589b7c8eaaf3	Product	Centro redondo pasta piedra 	<p>Centro redondo en pasta piedra </p><p>Medidas: 39cm x 39xm </p>	339e71_6e68d6f742e34a7c8c7da0f03739a3e0~mv2.jpg	Adornos;Decoración			2390		true	PERCENT	0	OutOfStock																																							
product_630ec78f-978e-f660-8c22-9209e1335ed9	Product	Lámpara | Veladora Paty  	<p>Lámpara de mesa de luz </p><p>Medidas: </p><p>Altura: 45cm </p><p>Diámetro: 25cm</p>	339e71_cb4661fb8bb7438c887a71ea9fd3876f~mv2.jpg;339e71_df31956f026b4df38dae1d99994428ab~mv2.jpg;339e71_73062875105a44e6953d2e906350386c~mv2.jpg	Decoración;Iluminacion	LAM0068		2990		true	PERCENT	0	1																																							
product_9eae0ab6-4203-194a-fee7-213f69b8458e	Product	Bandeja de cama 	"<p>Bandeja de cama de madera de mango </p><p>Medidas:</p><p>Largo: 61cm</p><p>Ancho: 35,5cm</p><p>Altura: 22cm</p>"	339e71_64a19d0c3a954e50a6a7cb29bcfbf86d~mv2.jpg;339e71_874accef7519481d8b735ad0c09bd0b5~mv2.jpg;339e71_1f4a9f4460de43beab0f9055fc8b1efa~mv2.jpg;339e71_52c8655421bf4033a9f36fbd3f5104a8~mv2.jpg;339e71_10b7a910a7d8420499af7a83f90885d6~mv2.jpg;339e71_60aa641167124aa09c8f749dbb653716~mv2.jpg	Mesas;Decoración	BAN0105		3500		true	PERCENT	0	OutOfStock																																							
product_725c7a79-d154-87f3-23a2-3cc92c9035aa	Product	Servilleteros hoja 	<p>Servilleteros forma de hoja </p><p></p><p>Color plata y color cobre * especificar qué color* </p><p>4 unidades de color plata </p><p>2 color cobre </p><p></p><p>Medidas: </p><p>Altura: 9cm</p><p>Ancho: 5cm</p><p>Profundidad: 4cm</p>	339e71_45566f7dac4f45c1a95d672257fb636e~mv2.jpg;339e71_ede9697fde654a8797569b3bd3081537~mv2.jpg	Decoración;Cocina	POR0071		490		true	PERCENT	0	6																																							
product_ba9960e0-6100-c9bf-0182-e4e67912796b	Product	Servilleteros flor 	"<p>Servilleteros con forma de flor</p><p>Color plata (solo 1) </p><p>Medidas:</p><p>Altura: 9cm </p><p>Ancho: 8,5cm </p><p>Profundidad: 3,5cm</p>"	339e71_518c034111a440a4adab05a76b6f862a~mv2.jpg	Decoración;Cocina	POR0068		490		true	PERCENT	0	2																																							
product_b6faa84f-b2fe-89f4-18a5-e0e9b792d9c5	Product	Dispensador 500ML	<p>Dispensador </p><p>Medidas: </p><p>Altura: 19cm </p><p>Diámetro: 7cm </p><p></p><p>*contáctate para personalizar el tuyo*</p>	339e71_8f19e725d305428a9ae03539475b9b93~mv2.jpg	Cocina	FRA0015		450		true	PERCENT	0	InStock																																							
product_87927196-b943-5240-6efc-a16623527bc0	Product	Espejo Bali mediano 	<p>Espejo redondo con marco de madera de mango </p><p>Medida: </p><p>Diámetro: 60cm</p>	339e71_f1710b39e5234c0fa3631105f21eb646~mv2.jpg	Decoración;Espejos;Mobiliario	ESP0038		5900		true	PERCENT	0	1																																							
product_b6c29878-a708-a5e0-a7c4-bdbe8d1920a1	Product	Espejo Bali chico 	<p>Espejo redondo con marco de madera de mango </p><p>Medidas:</p><p>Diámetro: 50cm</p>	339e71_0ff515aadcf24880915c2d5c8503779d~mv2.jpg	Decoración;Espejos;Mobiliario	ESP0041		4900		true	PERCENT	0	1																																							
product_1b32a7e3-ee2d-bd41-8dfc-767e070ab718	Product	Espejo Mai 	<p>Espejo con marco de madera </p><p>Medidas: </p><p>Altura: 1M 80cm </p><p>Ancho: 70cm</p>	339e71_d5097f5573a049008fdcc0c4464d5847~mv2.jpg	Decoración;Espejos			13500		true	PERCENT	0	OutOfStock																																							
product_19252e53-e8d6-5da4-ff70-d8c965c884e2	Product	Dispensador 250 ml 	"<p>Medidas: </p><p>Altura: 16cm</p><p>Diámetro: 5,5cm</p><p></p><p>Contáctate para poder personalizar el tuyo </p>"	339e71_8fde7197575a48ce8e79aca547521ed0~mv2.jpg	Baño;Decoración			350		true	PERCENT	0	InStock																																							
product_dff99893-f4c8-16b5-7127-6f95ab630c6b	Product	Aparador Génova 	"<p>Aparador Génova, de madera de mango </p><p>Medidas: </p><p>Altura: 90cm </p><p>Ancho: 90cm </p><p>Profundidad: 38cm</p>"	339e71_0f90b740d73648eea98ec6c90666ec39~mv2.jpg;339e71_cd7b0981bcc84813b4523d4ce7a0bbf2~mv2.jpg	Aparadores;Mobiliario			25900		true	PERCENT	0	OutOfStock																																							
product_97ffd74f-c11a-d0eb-d354-c575e9d47d94	Product	Frascos 3000ml 	<p>Frascos de vidrio de 3000ml</p><p> Medidas:</p><p>Altura: 22cm </p><p>Diámetro: 14cm </p><p></p><p>*Contáctate para poder personalizar el tuyo*</p>	339e71_c42ad279a93343828275e9763f3ab820~mv2.jpg;339e71_8b1b5f721ab64d34a925488dde576e3d~mv2.jpg;339e71_26005b38c48b482284e65d8c8e09cd4a~mv2.jpg;339e71_398fae502d4b427fbb704083472a2144~mv2.jpg;339e71_9bbb7ca557c443c28bf4ca16e672c9de~mv2.jpg	Cocina			550		true	PERCENT	0	InStock																																							
product_a3a407dd-6c1f-d276-944a-84b45d86ed19	Product	Aparador Milán 	<p>Aparador de madera de mango</p><p>Medidas:</p><p></p><p>Altura: 84.5cm</p><p>Ancho: 1m 59cm </p><p>Profundidad: 38cm</p>	339e71_3891db1132d540d4b9fc31080c9da12e~mv2.jpg;339e71_8a9e5304e5ab4fce8ba725f21d1a74bb~mv2.jpg;339e71_069e66b0bb584f5ea3bfff9ac7f118ca~mv2.jpg;339e71_d257a75658de4f59ba7fcf4ca5792499~mv2.jpg	Mobiliario;Aparadores	APA0011		49900		true	PERCENT	0	1																																							
product_01f92779-a623-e5b6-8de2-966ce2208def	Product	Recibidor Capri 	"<p>Recibidor de madera de mango </p><p>Medidas:</p><p></p><p>Altura: 76,5cm </p><p>Ancho: 1.20cm </p><p>Profundidad: 36cm</p>"	339e71_e525e36267a74403b5f3347b8d7cab4a~mv2.jpg;339e71_743c11ffc346454f867290a7efbaa29a~mv2.jpg;339e71_0b3e5328eb9f4704aa9d658ebb35b059~mv2.jpg;339e71_202c68db08654accb181c6d824418500~mv2.jpg	Mesas de arrime / recibidores;Mobiliario;Recibidores 			24900		true	PERCENT	0	OutOfStock																																							
product_437ce588-bce5-6595-c1e7-a8e726da7dc9	Product	Set aceite | vinagre 	<p>Medidas: altura: 10cm | diámetro: 5cm</p><p></p><p> PRECIO POR UNIDAD $210</p><p>Set x 3: $600 </p><p>*contáctate para poder personalizar los tuyos*</p>	339e71_ad8bd101816d4a34a2e9990054c2f5bc~mv2.jpg	Cocina			600		true	PERCENT	0	OutOfStock																																							
product_8e443d9b-1f6f-6f52-3f8c-b74e19544821	Product	Especieros ámbar 	<p>Medidas: </p><p>Altura: 7cm | diámetro: 5cm</p><p>PRECIO POR UNIDAD $190</p><p>Set x 6: $990 </p><p>*contáctate para poder personalizar los tuyos*</p>	339e71_687c0f860e7e4594904f299997beec95~mv2.jpg;339e71_bc7cd29e6d544a0d8c5155f03861544e~mv2.jpg	Cocina	FRA0019		190		true	PERCENT	0	6																																							
product_e39055c3-b922-2cf9-6a29-aeac5b49b222	Product	Especieros negros 	<p>Medidas: </p><p>Altura: 7cm | diámetro: 5cm</p><p></p><p>PRECIO POR UNIDAD $190</p><p>Set x 6: $990 </p><p>*contáctate para poder personalizar los tuyos*</p>	339e71_8160332241be4aa187d572360ee70f7b~mv2.jpg;339e71_9c510c723e104fa2bf10c7fb59012cc3~mv2.jpg	Cocina			190		true	PERCENT	0	OutOfStock																																							
product_92e4851d-32d9-e114-2030-2a6ee2824e5e	Product	Especieros transparentes 	<p>Medidas: </p><p>Altura: 7cm | diámetro: 5cm</p><p></p><p>PRECIO POR UNIDAD $190</p><p>Set x 6: $990 </p><p>*contáctate para poder personalizar los tuyos*</p>	339e71_9798ec8a1a034a728d160ce85313600d~mv2.jpg	Cocina			190		true	PERCENT	0	6																																							
product_b10e3f77-166b-4037-8adc-5c645eae8c8b	Product	Botellón 1900ML	"<p>Botellón de vidrio de 1900 ML </p><p>Medidas: </p><p>Altura: 28cm</p><p>Diámetro: 11,5cm</p>"	339e71_8fedb6d2ead546719df4262cce014acc~mv2.jpg	Baño			550		true	PERCENT	0	InStock																																							
product_582b7c5d-bb07-ecce-7d74-4a998dcb5f35	Product	Botellas 910 ML 	"<p>Botella de vidrio de 910 mL </p><p>Medidas:</p><p>Altura: 24,5cm </p><p>Diámetro: 8cm</p>"	339e71_876590a83e5e4964bc72180337f5065d~mv2.jpg	Cocina	BOT0006		260		true	PERCENT	0	InStock																																							
product_c473231f-7199-9af0-a444-4ef3fe7c0602	Product	Comedero alto 	<p>Comedero de hierro </p><p>Medidas:</p><p></p><p>Altura: 96cm </p><p>Diámetro: 25cm</p>	339e71_5b3530f1cefc437f8b11b339b0767c26~mv2.jpg;339e71_7e5ebfd104ad455aae957f427d79f4d1~mv2.jpg	Decoración;Plantas / Jardín	COM0003		2390		true	PERCENT	0	1																																							
product_f0026201-2fcd-79cf-a0bd-c8b8116699db	Product	Silla BAI	"<p>Sillas de comedor de roble y ratan </p><p>Medidas:</p><p></p><p>Altura: 87cm</p><p>Altura hasta el asiento: 45,5cm </p><p></p><p>Ancho del asiento: 45cm </p><p>Ancho de las patas: 42cm </p><p></p><p>Profundidad: 41cm </p><p>Ancho del respaldo: 36cm</p>"	339e71_393e89c654024f458175e486df25659e~mv2.jpg;339e71_2b67d87a538942318ecdd2a23da24f24~mv2.jpg;339e71_35dfd19902d54aa7a5f4defe38991e9c~mv2.jpg;339e71_ea28c4c22a2a4139b638b1fa0eb6a394~mv2.jpg;339e71_9a4b153736a74ba9b49378272afe6879~mv2.jpg;339e71_2553634579064f4a92bdd873cd9f192c~mv2.jpg	Sillas	SIL0017		11500		true	PERCENT	0	6																																							
product_dd2cf312-dd5c-5b7f-4b06-aa560b9890c6	Product	Espejo LAB	<p>Medidas: </p><p></p><p>Altura: 1.30cm </p><p>Ancho: 65cm</p>	339e71_7c7afebf1d304212baadf65f1a933799~mv2.jpg;339e71_c55d6283245c4cbcbe274515c9d29f19~mv2.jpg;339e71_bf92cae1f4e846149f09aca9b7027da9~mv2.jpg;339e71_06d550e61da644dbb022fc298e47d617~mv2.jpg	Espejos;Mobiliario			10500		true	PERCENT	0	OutOfStock																																							
product_a94ed633-80db-9fed-3a59-d023f88f5e2d	Product	Frasco 1500 ml 	"<p>Frascos de 1500mL, con boca ancha </p><p>Medidas:</p><p></p><p>Altura: 14,5cm </p><p>Diámetro: 13cm</p><p></p><p>*contáctate para poder personalizar los tuyos*</p>"	339e71_3f52eb2106424af7bf63a0f610d9137a~mv2.jpg;339e71_b7d4feb01b4447bc862e90acdc046656~mv2.jpg;339e71_bee7196e089b43999d2757847953830d~mv2.jpg;339e71_57152650fd714f54833e93ebfaaf0561~mv2.jpg;339e71_9588c3df5bdd424f9658195d5b51a26c~mv2.jpg;339e71_782388c008d74169bb6366e7aa8b5623~mv2.jpg;339e71_a74b4aaaea1044d9815c9f2c4640289a~mv2.jpg;339e71_2ec6ace0976445f9858683422229c0d5~mv2.jpg	Cocina			450		true	PERCENT	0	InStock																																							
product_a6a54066-aeda-4041-2923-a4bc14432a3b	Product	Florero Cop 	<p>Florero de vidrio </p><p>Medidas: </p><p>Altura: 25cm</p><p>Diámetro: 19cm</p>	339e71_f80f806ac9c948e988b4485c53734629~mv2.jpg;339e71_417845459a7743288f08f9479e9b8ea6~mv2.jpg	Decoración;Adornos			2290		true	PERCENT	0	OutOfStock																																							
product_f97a7386-c1a6-131f-5e48-5e1f4a77d9a9	Product	Florero espiga 	<p>Florero de vidrio </p><p>Medidas:</p><p>Altura: 27cm </p><p>Diámetro: 9cm</p>	339e71_c75fa94bcde54634b3cec00a4a6ac3ff~mv2.jpg	Decoración;Adornos	FLO0060		1490		true	PERCENT	0	1																																							
product_7cffc246-3267-a40b-064e-a5558d7685ed	Product	Florero glo 	<p>Florero de vidrio </p><p>Medidas:</p><p>altura: 25cm </p><p>Diámetro: 17cm</p>	339e71_35093dcee98f45d7a2750619d472eb27~mv2.jpg;339e71_49747879df864874a899c8afa772aa10~mv2.jpg	Decoración;Adornos			1990		true	PERCENT	0	OutOfStock																																							
product_361107a6-0c13-11a2-76a0-a2a2b8cd70f1	Product	Pajarito de Resina 	<p>Pajarito de resina </p><p>Medidas: </p><p>Altura: 20cm </p><p>Diámetro: 11cm</p>	339e71_bdab33b0079d4cfb883b4029b2ab7081~mv2.jpg	Decoración;Plantas / Jardín	PAJ0001		790		true	PERCENT	0	3																																							
product_5a0c2f8b-1d4c-91e3-ed69-085366be11a4	Product	Contenedor/ maceta grey	<p>Contenedores maceta de cerámica </p><p>Medidas:</p><p></p><p>Altura: 11.5cm</p><p>Diámetro: 14cm</p>	339e71_952b87d29f474ee59a74221e8a6c010c~mv2.jpg	Decoración;Macetas;Plantas / Jardín	CON0006		690		true	PERCENT	0	InStock																																							
product_b4ef0488-ae0c-f085-9627-7c366175eaa5	Product	Canasto de metal 	"<p>Canasto de metal con mango de madera </p><p>Medidas:</p><p></p><p>Altura: 18cm </p><p>Altura con la manija: 30cm </p><p>Ancho: 20,5cm x 20,5cm</p>"	339e71_2e54bfd33ee04a7c897c01177d7ad6f8~mv2.jpg;339e71_88ffe98f807047bd9968b9f82b3f6449~mv2.jpg;339e71_42be5cdb2aa34f468abaa957eb6db758~mv2.jpg	Canastos	CAN0097		890		true	PERCENT	0	4																																							
product_5a4c9ba5-6db2-e556-c073-762cb7f63c3d	Product	Pelota decorativa 	<p>Pelota decorativa de metal </p><p>Medidas:</p><p>20cm x 20cm</p>	339e71_75796f4c768446e5bdd1746127059913~mv2.jpg	Adornos;Decoración	PEL0002		990		true	PERCENT	0	2																																							
product_ff1de928-afdc-47d9-ebce-05565092dadb	Product	Juego de vajilla white 	"<p>Juego de vajilla banco de 16 piezas </p><p>Medidas: </p><p></p><p>4 Platos llanos: 27cm diámetro </p><p>4 Bowl: diámetro: 16,5 | altura: 7cm </p><p>4 Plato de postre: 21cm diámetro </p><p>4 Taza: altura: 10,5cm | diámetro: 10cm | ancho con mango: 14cm</p>"	339e71_ff91bdd5a8234815ba0558c2a75a7dc1~mv2.jpg;339e71_98af869fbd0b47899aa3682ac1a51bd4~mv2.jpg;339e71_2a89eab26185411d961afbb2ffc5926b~mv2.jpg;339e71_ab50ddc393f14c8f83f292d0c103a826~mv2.jpg;339e71_19d4b2eac3dd4e829cc5d85f85e5bb25~mv2.jpg	Cocina			3390		true	PERCENT	0	1																																							
product_5520dfc0-5fc8-2f46-3708-ec51d8ecffd6	Product	Copas labradas FLO	"<p>Copas labradas set x6 </p><p>Medidas:</p><p></p><p>Altura: 16cm </p><p>Diámetro: 8,5cm</p>"	339e71_e531cfcb2946443f81b0ae5a37a42d45~mv2.jpg;339e71_6da12dfd9cee4253ab9f0c8245a226e4~mv2.jpg	Baño;Vasos | copas | tazas 			1590		true	PERCENT	0	OutOfStock																																							
product_a55a08e8-dbda-93ab-67c7-2ce133788186	Product	Copas Gin 	"<p>Copas gin Tonic, set x 4 </p><p>Medidas:</p><p></p><p>Altura: 20cm </p><p>Diámetro: 10cm</p>"	339e71_fee8f20f0b094ef28258fca35ba7089d~mv2.jpg	Cocina;Vasos | copas | tazas 	COP0023		2590		true	PERCENT	0	1																																							
product_9d9c4f29-8b94-a90f-c1cc-ec5faa5c6734	Product	Copas de helado labradas 	<p>Set x 6 copas de helado </p><p>Medidas:</p><p></p><p>Altura: 11cm</p><p>Diámetro: 12cm</p>	339e71_b4a0eea8b0734ec383ab781cc5161905~mv2.jpg;339e71_f7aba43f5975484396f4276a49b6dace~mv2.jpg	Cocina;Vasos | copas | tazas 			1100		true	PERCENT	0	1																																							
product_cac458df-950c-6f50-b2fe-d9b002860957	Product	Copas de licor mini  	<p>Set x 6 copas mini de licor </p><p>Medidas: </p><p>Altura: 10cm </p><p>Diámetro: 5cm </p>	339e71_1cb4109eca3f4c1a8b38e000bd3b1e4d~mv2.jpg;339e71_ca920dc3e0a549fba8b2f7d0004480e0~mv2.jpg	Cocina;Vasos | copas | tazas 	COP0030		690		true	PERCENT	0	2																																							
product_f64b175f-a626-db54-bdde-761c499bdf8d	Product	Lámpara | Veladora Cony 	<p>Lámpara de mesa grande </p><p>Medidas:</p><p></p><p>Altura: 61cm</p><p>Ancho: 31cm</p>	339e71_74d739fc202c47ba864550a09104c98c~mv2.jpg	Decoración;Iluminacion	LAM0067		4850		true	PERCENT	0	2																																							
product_7e405d3a-3410-3c3d-32c7-06bc9e3563b7	Product	Bancos white 	<p>Bancos blancos de madera </p><p>Medidas:</p><p></p><p>Altura: 30cm </p><p>Diámetro: 29cm </p><p></p>	339e71_527bc18643a04c3e8a5c88aa27a8c0ff~mv2.jpg;339e71_6f08751cfca94ed293342aeed60fdba8~mv2.jpg	Decoración;Sillones/bancos			3390		true	PERCENT	0	OutOfStock																																							
product_44fd7c62-30a3-ae09-4784-f82753fcbf0f	Product	Pantalla HOLLY chica 	<p>Pantalla de fibras naturales chica </p><p>Medidas:</p><p></p><p>Diámetro: 40cm</p><p>Altura: 35cm</p>	339e71_8245b650e8a344aa8b1ff4d109b0c29e~mv2.jpg;339e71_0938388003414dbab872bce82da0e35c~mv2.jpg	Iluminacion;Decoración	LAM0048		3800		true	PERCENT	0	2																																							
product_65b3a654-59fd-8ff6-c06c-8b3ff03a8629	Product	Pantalla HOLLY mediana 	<p>Pantalla de fibras naturales mediana </p><p>Medidas:</p><p></p><p>Diámetro: 61cm</p><p>Altura: 50cm</p><p></p><p></p>	339e71_869d1af3f1e14250999053b9061a0497~mv2.jpg;339e71_72d6b933b03a4d0b834ac7eccfeed81b~mv2.jpg	Decoración;Iluminacion	LAM0047		4900		true	PERCENT	0	3																																							
product_fce3f817-eefd-855b-0fc7-5b7158d7746a	Product	Pantalla HOLLY grande 	<p>Pantalla grande de fibras naturales </p><p>Medidas: </p><p></p><p>Diámetro: 79cm</p><p>Altura: 60cm</p>	339e71_2367f2a7079147bfb9a0be9a62628fc2~mv2.jpg;339e71_a951096215944ec59543d02cbaa682e4~mv2.jpg	Decoración;Iluminacion	CAM0046		5800		true	PERCENT	0	2																																							
product_e59761f9-4f5c-4713-e8a1-b6c6be0aa4e6	Product	Mesa + Sillas Roma 	<p>Mesa de comedor rectangular extensible en madera de olmo. </p><p></p><p>Mesa sola: $69.500</p><p>Sillas de madera de olmo: $14.200</p><p></p><p>Dimensiones cerrada: Altura: 76 cm. </p><p>Profundidad: 90 cm. </p><p>Largo: 180 cm.</p><p></p><p>Dimensiones extendida: Altura: 76 cm </p><p>Profundidad: 90 cm. </p><p>Largo: 220 cm.</p><p></p><p>Medidas de las sillas:</p><p>Altura total: 85cm </p><p>Ancho total: 46cm </p><p>Profundidad: 51cm </p><p></p><p>Medidas del asiento:</p><p>Ancho: 46cm </p><p>Profundidad: 42cm</p><p>Altura hasta el asiento: 48cm</p>	339e71_5506768ebea14eb7a839dcde35bb0566~mv2.jpg;339e71_ebd61fd6c3564b78a163ce4ec3b7b026~mv2.jpg;339e71_c10e1f02980c4fbf980572f1db1c6ea2~mv2.jpg	Mesas;Mobiliario			148500		true	PERCENT	0	InStock																																							
product_80170b9f-cb38-e85d-9494-2b79c23127f9	Product	Canasto colgante 	"<p>Canasto con base colgante, de fibras naturales </p><p>Medidas: </p><p></p><p>Altura: 47cm</p><p>Diámetro: 30cm</p>"	339e71_9406a6ac3a974cef921d8c08e216724c~mv2.jpg;339e71_cce3a13cf6e649838f8bc196c26462c8~mv2.jpg				660		true	PERCENT	15	1																																							
product_bf3c9f2b-cbf3-cae3-b78b-02c2e866a66b	Product	Lona Summer 	<p>Medidas: 1.60 x 1.30 mt </p><p>Incluye bolsita </p>	339e71_519f40b2102043348b4b30e9cd2229be~mv2.jpg	DESCUENTOS;Varios;Plantas / Jardín;Textiles	LON0001		1990		true	PERCENT	25	1																																							
product_e4da8135-dc28-060e-f5d9-2eb6299cada1	Product	Copetinero 6 conos 	"<p>Copetinero con 6 conos forma de corazón, base de madre y conos de cerámica </p><p></p><p>Medida de la base:</p><p>Ancho : 26cm </p><p>Profundidad: 16cm </p><p>Altura: 11,5cm</p><p></p><p>Medida de los conos:</p><p>Altura: 15cm </p><p>Ancho de arriba: 8cm</p><p></p>"	339e71_e4739ad3476742cdae700b594386cab4~mv2.jpg;339e71_9958a1bad45e4dfdb4133e0619547243~mv2.jpg;339e71_dcf44e0fda6c4216bb21126c3334288f~mv2.jpg	Cocina;Tablas | Copetineros 	COP0029		1990		true	PERCENT	0	1																																							
product_637b9318-9084-3662-1250-b5dc3fd107f6	Product	Bandeja grey II	"<p>Bandeja de metal con detalles </p><p>Medidas</p><p>Largo: 47,5cm </p><p>Ancho: 17cm</p>"	339e71_7be14c2a02df44869105309186051fa3~mv2.jpg;339e71_a3c6c5a098e34070b6e4ba5110faa6e5~mv2.jpg	Bandejas;Decoración			1190		true	PERCENT	0	OutOfStock																																							
product_550591e6-85e2-6b7f-dd2a-d97d2424d4b6	Product	Bandeja grey I	"<p>Bandeja de metal con detalles </p><p>Medidas </p><p>Largo: 42,5cm </p><p>Ancho: 13cm</p>"	339e71_19c4585561d840ec987b3324de0b0210~mv2.jpg;339e71_a0b9cea3a7184c4384327ca107f2ec71~mv2.jpg	Bandejas			990		true	PERCENT	0	OutOfStock																																							
product_b1e00a51-0a6f-5191-f7ee-e1471f2f1cca	Product	Farol a pilas 	<p>Medidas: </p><p>10 x 10 x 22 cm </p>	339e71_dc2af143af3c40bb920fa3b10dddcd17~mv2.jpg;339e71_89ce71e2f8354d6dad38b05ecb534744~mv2.jpg	Candelabros / Fanales;Decoración;DESCUENTOS			720		true	PERCENT	20	1																																							
product_3e7073fd-2a46-b8b5-0faf-6b45c0115eee	Product	Banqueta de Bar en cuero	<p>Banqueta de Bar en cuero</p><p>Medidas: </p><p>Altura hasta el asiento: 76cm </p><p>Altura total: 1m.13cm </p><p>Ancho: 44cm </p><p>Profundidad: 52.5 cm </p>	339e71_f68e2566de0141bf883f7fc26fc688f6~mv2.jpg;339e71_d2eb962ded004df4ad28ba3433c39184~mv2.jpg;339e71_9eb1cd13de4e483ba207f87805cb35f9~mv2.jpg	Mobiliario;Sillas			17500		true	PERCENT	0	6																																							
product_28ea6580-6452-58e6-7283-7cbadc708c06	Product	Gallo de resina 	<p></p><p>Medidas:</p><p>Altura 20cm </p><p>Ancho 14cm </p><p>Profundidad: 21cm</p>	339e71_ddbf3d3b80ef42ca8acfd523f87dd2ca~mv2.jpg	Cocina;Decoración;Adornos	GAL0001		1590		true	PERCENT	0	2																																							
product_276d1515-ec5c-1833-2fe5-ad09a8c5151f	Product	Canasta con flores de jabón 	"<p>Canasta con flores hechas de jabón </p><p>Medida: </p><p>Altura: 24cm </p><p>Ancho:  18cm </p><p>Profundidad: 13,5cm</p>"	339e71_11e70a925f994195963d716572314df8~mv2.jpg	Decoración	FLO0073		1290		true	PERCENT	0	3																																							
product_d1797374-02f5-c91c-affb-74cd113988f5	Product	Lámpara | Veladora cemento 	"<p>Lámpara cemento</p><p>Medidas:</p><p>Altura: 49cm</p><p>Diámetro de la  pantalla: 40cm</p><p>Ancho de la base: 23,5 x 23,5cm</p>"	339e71_ad2f4fa0499d436984409d6c3c788e67~mv2.jpg;339e71_aa3d1962badc46adbfac3179089538da~mv2.jpg;339e71_8906964259484df189a6ed3b7d5ee88d~mv2.jpg	Decoración;Iluminacion	LAM0054		8390		true	PERCENT	0	1																																							
product_a490d51d-ceca-fbb5-6fb7-8939a8eeeefb	Product	Florero green grande 	"<p>Florero de vidrio grande </p><p>Medidas </p><p>Altura: 26cm</p><p>Ancho :19,5cm </p><p>Profundidad: 10cm</p>"	339e71_5dabe03cb72a41ae8e3a4608fe816de6~mv2.jpg;339e71_1f3c8866da2443ed84aef9236c03d40e~mv2.jpg	Decoración;Adornos			1990		true	PERCENT	0	OutOfStock																																							
product_9f8ab55a-9afd-761d-0b05-94b01dd78b99	Product	Florero green chico 	<p>Florero de vidrio chico </p><p>Medidas:</p><p>Altura 20cm</p><p>Ancho 15cm </p><p>Profundidad 7cm</p>	339e71_233d0d333eb34db0b1c4cdb952f065ca~mv2.jpg;339e71_cf969435277e4731bd76c8b3a7e88b63~mv2.jpg	Decoración;Adornos	FLO0068		1590		true	PERCENT	0	1																																							
product_5d4c2b23-e855-9519-bd9d-498ba56bb6c3	Product	Sujeta Libro Caballo White 	<p>Sujeta libro caballo </p><p>Medidas:</p><p>Altura 23cm</p><p>Ancho 10cm </p><p>Profundidad 10cm</p>	339e71_e603c69a542f4eb3a1352a8d54a9782d~mv2.jpg;339e71_4af353acb1794e90ada7dc5e0fd33158~mv2.jpg	Decoración	SUJ0022		2690		true	PERCENT	0	1																																							
product_e24cd4e6-c1a8-3fa1-5ff0-a6a5e5bc538a	Product	Vasos labrados Gold 	"<p>Vasos labrados dorados </p><p>Set x 6 </p><p>Medidas: </p><p>Altura: 10cm </p><p>Diámetro: 7,5cm</p>"	339e71_a0570992776c46ee8d20ca7be2cbd41e~mv2.jpg	Cocina;Vasos | copas | tazas 			1190		true	PERCENT	0	OutOfStock																																							
product_ac034429-e609-3bba-84f5-e9984b8f4ecf	Product	Florero lazo grande 	<p>Florero marrón lazo de vidrio </p><p>Medidas: </p><p>Altura 34cm </p><p>Ancho 15cm</p>	339e71_79ace42f30af4c5cabd4983c2509a22a~mv2.jpg	Decoración;Adornos	FLO0067		2690		true	PERCENT	0	1																																							
product_bd007ace-2f4b-8f6f-4700-6dd4c5cf03ea	Product	Florero lazo I 	<p>Florero lazo marrón de vidrio </p><p>Medidas:</p><p>Altura 23cm </p><p>Ancho 15cm</p>	339e71_79ace42f30af4c5cabd4983c2509a22a~mv2.jpg	Decoración;Adornos			2190		true	PERCENT	0	OutOfStock																																							
product_1a6d69be-9130-0431-d744-61103d0cf3ea	Product	Tazas Labradas 	"<p>Tazas labradas de vidrio </p><p>Medidas:</p><p>Altura 9cm </p><p>Diámetro de la boca 11cm </p><p>Ancho total 14,5cm</p>"	339e71_b56c8b9e235448e083bb624fa22eb877~mv2.jpg;339e71_b4ce9ce7eccc416f81156c920a19105a~mv2.jpg	Cocina;Vasos | copas | tazas 			390		true	PERCENT	0	OutOfStock																																							
product_a456d438-2491-cccd-abbe-10c1fca2941c	Product	Porta torta redondo chico 	<p>Medidas: </p><p>Altura 50cm </p><p>Diámetro 23cm</p>	339e71_79fdfc2f2e4b4d9bb203842693f52e43~mv2.jpg;339e71_6fde7e1adf224330986bd2e755903f50~mv2.jpg	Decoración;Cocina	POR0064		2600		true	PERCENT	0	1																																							
product_dcc88ede-cb23-e134-f84e-7eefa7e27c9a	Product	Porta Torta redondo grande 	"<p>Porta torta grande redondo </p><p>Medidas: </p><p>Altura 67cm </p><p>Ancho 23,5</p>"	339e71_8a88cbef4a3c416f8b0f4379cd454a40~mv2.jpg;339e71_8263220618e84cab83211f9d33b39c46~mv2.jpg	Decoración;Cocina			2990		true	PERCENT	0	OutOfStock																																							
product_655bff03-0c7f-aadd-90d9-14a8f3737463	Product	Florero Irregular chico 	<p>Florero irregular de vidrio Chico </p><p>Medidas: </p><p>Altura 26cm </p><p>Diámetro 19cm</p>	339e71_d5275ab2af864ff68a84ae3eabf3fb03~mv2.jpg	Decoración;Adornos	FLO0070		4150		true	PERCENT	0	1																																							
product_cb567cd6-0611-abed-98a9-9036bcd83c30	Product	Florero Irregular Grande 	<p>Florero de vidrio irregular Grande </p><p>Medidas: </p><p>Altura 34cm </p><p>Diámetro 20cm</p>	339e71_24f97d4fe2274fb58c93db5bed05f883~mv2.jpg	Adornos;Decoración;Candelabros / Fanales	FLO0071		4750		true	PERCENT	0	1																																							
product_070adc46-5536-db14-6ca4-cf690f22a606	Product	Sujeta Libro Caballo Black   	"<p>Porta libro caballo </p><p>Son de resina </p><p>Medidas: </p><p>Altura 16cm </p><p>Ancho 8,5cm </p><p>Profundidad 13cm</p>"	339e71_918a521644ef4f538c227e18dd1f2335~mv2.jpg;339e71_f779e15bd93e4884ba7c2f573af9a39d~mv2.jpg;339e71_7fc8afe9117b4be58495d5b7fc9a39ab~mv2.jpg	Decoración;Adornos	SUJ0020		2390		true	PERCENT	0	1																																							
product_d4ae5876-f319-d769-c5db-6a71c674a577	Product	Candelabros Gold x 6	"<p>Set x 6 candelabros dorados </p><p>Medidas de cada uno:</p><p></p><p>Más alto: 38cm altura | 6cm ancho </p><p></p><p>Con vela grande: 28cm altura | 7cm alto </p><p></p><p>Mediano con vela fina: 28cm altura | 7cm altura</p><p></p><p>Más chicos: </p><p>1- 26,5cm | ancho 6,5cm </p><p>2- 25,5cm | 5cm </p><p></p><p>Más bajito: 20cm altura | 7cm ancho  </p><p></p><p></p>"	339e71_59c5a51332d04a5aac20416975b0e323~mv2.jpg;339e71_107d27933b574af584bcd432487974c6~mv2.jpg	Decoración;Candelabros / Fanales			3890		true	PERCENT	0	OutOfStock																																							
product_53c4ad1d-fb88-50a9-9930-62c31bf72c05	Product	Butaca Mali 	<p>Butaca Mali </p><p>Medidas: </p><p>Altura total: 75cm </p><p>Ancho total 74cm </p><p>Profundidad total 78cm</p><p></p><p>Respaldo 65cm ancho | 25cm alto </p><p>Asiento: ancho 60cm | profundidad 55cm</p>	339e71_4b9980a9904b408299d2db03ff3813d2~mv2.jpg;339e71_eddd1b423e2844769e71cdab0e4e4130~mv2.jpg;339e71_394ee5714253495eb48b08cef31cd70d~mv2.jpg	Mobiliario;Sillas			25900		true	PERCENT	20	1																																							
product_0d525255-f522-f11b-8dd0-badd553d51c4	Product	Porta torta rectangular Grande 	<p>Porta torta rectangular Grande </p><p>Medidas:</p><p>Altura 56cm</p><p>Ancho 30cm</p><p>Profundidad 20cm</p>	339e71_dcd20f1bbacd4fa9b206a45946037442~mv2.jpg;339e71_206e264de497482d87c734e0609de275~mv2.jpg	Decoración;Cocina	POR0063		3190		true	PERCENT	0	1																																							
product_981fa5cb-8347-aef7-4541-52d242050119	Product	Porta torta rectangular Pequeño 	<p>Porta torta rectangular chico </p><p>Medidas: </p><p>Altura 46cm </p><p>Ancho 26cm</p><p>Profundidad 16cm</p>	339e71_86f0ce86394b4d978b6841207d0368bb~mv2.jpg;339e71_3b3dc28674bb4c2ba1db04a5b900c2c1~mv2.jpg	Decoración;Cocina			2890		true	PERCENT	0	OutOfStock																																							
product_5d00fb25-7567-1bfb-aed7-e579114c2a42	Product	Cuadros blancos 3D 	"<p>Cuadros de chapa en color blanco con hojas </p><p>Medidas:</p><p>98,5cm x 42,4cm</p><p></p><p>*Precio por unidad* </p>"	339e71_3240ec2e87764bdca7e47a4bc9982246~mv2.jpg;339e71_e5589a0d0dfc4fbabf74d0a4550c53e2~mv2.jpg	Cuadros;Decoración			4190		true	PERCENT	0	0																																							
product_9ec3fdb1-53e6-dbc8-ccd4-9f627ae1760d	Product	Bancos de cuero 	"<p>Bancos de madera con asiento de cuero </p><p>Medidas: </p><p>Altura 34cm </p><p>Ancho 33,5cm </p>"	339e71_a8729cc36eb3456c98b1aedc6cf653f4~mv2.jpg;339e71_84ee1d9b0b5849529f08a151f139e36c~mv2.jpg	Sillones/bancos			4590		true	PERCENT	0	OutOfStock																																							
product_2a08fe24-a3d0-43d2-67a9-2c90b5584578	Product	Sujeta Libro flor de liz 	<p>Sujeta libros de resina </p><p>Medidas: </p><p>Altura 16cm </p><p>Profundidad 15cm </p><p>Ancho 9cm</p>	339e71_0c3d444d7f01432f86cf0b742e0b5337~mv2.jpg;339e71_7b40a5fdfe6d4c7ab9e8e0a2859995c4~mv2.jpg	Decoración;Adornos			2390		true	PERCENT	0	OutOfStock																																							
product_357385ed-0050-345b-f7f2-980963021730	Product	Perchero de hierro 	<p>Perchero de hierro </p><p>Ancho 32cm </p><p>Alto 20cm</p>	339e71_5f55abb8cd40477ea5f2a9ad50b6c6fe~mv2.jpg	Percheros			1790		true	PERCENT	0	OutOfStock																																							
product_01873789-7ca5-6ed1-cb2d-156dea1b5434	Product	Perchero Jardín 	"<p>Perchero con detalles, de hierro </p><p>Medidas:</p><p>Altura 20cm</p><p>Ancho 28cm</p>"	339e71_1c80d592af074c85887267ac05c577b5~mv2.jpg	Percheros			1790		true	PERCENT	0	OutOfStock																																							
product_1098db0f-d7e4-1ca1-aed6-62a51dd75a03	Product	Colgante papa Noel 	<p>Colgante feliz navidad </p><p>Medidas: </p><p>Altura 35cm </p><p>Ancho 28cm</p>	339e71_0e519aa2908f420eadeb89a4f98fd0ea~mv2.jpg	Navidad;Decoración			550		true	PERCENT	0	OutOfStock																																							
product_c853e031-741e-2836-94fd-5dd599786004	Product	Sagrada Familia 	<p>Sagrada Familia en chapa </p><p>Medidas:</p><p>30cm x 30cm</p>	339e71_6b43a7cda28c430384a43a40f6a8c2d4~mv2.jpg	Decoración;Religiosos			1950		true	PERCENT	0	OutOfStock																																							
product_b8574c70-dfc4-edea-ed82-0408966f62eb	Product	Hada de navidad 	<p>Medidas:</p><p>Altura 44cm </p><p>Ancho 16cm</p>	339e71_463bce3169f24b0a97fe30786fda4062~mv2.jpg	Decoración;Navidad			590		true	PERCENT	0	OutOfStock																																							
product_9055c075-7362-0550-ec92-357e06c483ba	Product	Pino de tela grande 	<p>Árboles de tela grandes </p><p>Medidas: </p><p>Altura 43cm </p><p>Diámetro 23cm</p><p></p><p>*especificar diseño* </p>	339e71_d50e836e17f742f384e3093069125fbc~mv2.jpg;339e71_ed31880831e84b838281e8309d69d10b~mv2.jpg;339e71_10cd1b7156e043fca868e97f21ea6cf9~mv2.jpg;339e71_9a4f817c9543444387163e7908f494f0~mv2.jpg	Decoración;Navidad			950		true	PERCENT	0	OutOfStock																																							
product_251b9b13-1cd4-4992-da2a-6ca45a30506c	Product	Vela + Packaging 	"<p>Vela con aroma y flores secas </p><p>Medidas: </p><p>Altura: 15cm</p><p>Diámetro: 9,5cm</p>"	339e71_710764521aad45fd9f4635fac1383c4c~mv2.jpg;339e71_df87294becce45219e7a184badd29234~mv2.jpg	Decoración;Adornos			1290		true	PERCENT	0	OutOfStock																																							
product_61d147e7-581a-b295-4881-6fa4f27de87a	Product	Pesebre Clásico 	"<p>Pesebre clásico de cerámica </p><p>Medidas Jose: </p><p>Altura 22,5cm </p><p>Ancho 7cm </p><p></p><p>Medidas Maria </p><p>Altura 14,5cm </p><p>Ancho 5,5cm </p><p>Profundidad 9cm</p>"	339e71_fa048f8ca2324fa6a5087b0c13d7ca2c~mv2.jpg	Navidad;Religiosos			2600		true	PERCENT	0	OutOfStock																																							
product_a498801f-e845-aaea-ed78-77ed9d5e0985	Product	Pesebre con fondo 	<p>Pesebre de cerámica con fondo </p><p>Medidas: </p><p>Altura: 23cm </p><p>Ancho: 16cm</p>	339e71_c59993515a6b4500978e258155cf401c~mv2.jpg	Navidad;Religiosos			4190		true	PERCENT	0	OutOfStock																																							
product_b1086526-c7c1-62c6-7872-eb5358cd4d19	Product	Pesebre grande 	"<p>Pesebre clásico dos piezas de cerámica </p><p>Medidas: </p><p>Altura Jose:  26cm</p><p>Ancho jose: 8cm </p><p></p><p>Medidas Maria </p><p>Altura 25cm </p><p>Ancho 7,5cm</p>"	339e71_0d0beaded3c443e3b4e89b4cb1cf0d52~mv2.jpg	Religiosos;Navidad	PES0061		4190		true	PERCENT	0	1																																							
product_93d36640-c4ee-f867-5805-2ab28017e60a	Product	Pesebre Luna 	<p>Pesebre luna para colgar </p><p>Medidas: </p><p>Alto: 20cm </p><p>Ancho: 18cm</p>	339e71_785ac7bf380940b093a82da16f80293c~mv2.jpg	Navidad;Religiosos	PES0060		2590		true	PERCENT	0	1																																							
product_bbdca97c-26b3-c084-2bc4-f9764913bdc5	Product	Pesebre estrella 	"<p>Pesebre estrella de cerámica </p><p>Medidas:</p><p>19,5cm x 19,5cm</p>"	339e71_bd08ce286d664d57a24d670e17b6f9f1~mv2.jpg	Navidad;Religiosos	PES0059		2590		true	PERCENT	0	1																																							
product_8a01df26-20eb-a85d-0c9a-d8e626e84641	Product	Chirimbolo navideño II	<p>Regalos de resina para colgar en el árbol </p><p>Medidas</p><p>17cm largo total </p><p>Ancho 4cm</p>	339e71_94d13c610dbf49d593451e7d3a7b20fb~mv2.jpg	Decoración;Navidad			90		true	PERCENT	0	InStock																																							
product_984cf49b-83fb-dc11-7d7c-812e5e05b722	Product	Chirimbolo navideño I	<p>Accesorios para el árbol de resina </p><p>Medidas </p><p>17cm de largo total </p><p>5cm de ancho </p><p></p>	339e71_d794a34e02864cc8884ff7c46602ddae~mv2.jpg	Decoración;Navidad			90		true	PERCENT	0	OutOfStock																																							
product_0aecf7b4-b803-db40-8d2f-5c5f15b3b66b	Product	Colgante rojo navidad 	<p>Colgante navideño con 3 muñequitos colgando </p><p>Medidas: </p><p>Largo: 44cm </p><p>Ancho: 20cm</p>	339e71_ecab6a5d219f4d7faeb4129291621684~mv2.jpg	Decoración;Navidad			320		true	PERCENT	0	InStock																																							
product_2cd1b1c4-7e80-83dd-e41a-fb77a30fd467	Product	Pinos de madera 	<p>Pinos en madera x3 en tronco </p><p>Medidas: </p><p>Largo 22cm</p><p>Alto 23cm </p><p>Ancho 5cm</p><p></p>	339e71_6a323c5fac094c34b7dd00e77c6094af~mv2.jpg;339e71_0640e734a7b04ef7b2597f90129c9689~mv2.jpg	Decoración;Navidad			390		true	PERCENT	0	OutOfStock																																							
product_55b11779-e20c-57d0-1268-3fcb4c1f8ccd	Product	Duende navideño 	<p>Duende rosa </p><p>Medidas </p><p>20cm de altura </p><p>16cm de ancho </p>	339e71_a34a693263f24574a908718f90c4977b~mv2.jpg	Decoración;Navidad			390		true	PERCENT	0	OutOfStock																																							
product_8ed7d498-ad34-51d0-39d4-3801488e90cd	Product	Colgante Feliz navidad 	<p>Medidas: </p><p>Largo 34cm </p><p>Ancho 28cm</p>	339e71_7f33ed37e71c423380858de5839c3d71~mv2.jpg	Decoración;Navidad			550		true	PERCENT	0	OutOfStock																																							
product_55534a3f-c6e2-8b87-8160-fc22c1f9f08f	Product	Luces vintage 	<p>X 10 unidades </p><p>5mts </p>	339e71_b439889522024af993c8946cf25db85f~mv2.jpg	Iluminacion;Navidad;Decoración			1150		true	PERCENT	0	2																																							
product_819086be-88d7-b0ad-6581-1356ca8fcae3	Product	Luces led blancas 	<p>Medidas </p><p>3mt.  </p><p>x 10 </p>	339e71_f5e4409e3b8844679fd342fd0329db7c~mv2.jpg;339e71_bf822dd4206b43248e8adc9753718a2f~mv2.jpg	Iluminacion;Navidad;Decoración			550		true	PERCENT	0	2																																							
product_7464a5e9-079e-881c-58cf-bc49e57e82bb	Product	Luces led cuadros 	"<p>Medidas</p><p>1,9mt</p><p>X 4 unidades </p>"	339e71_a85cf792f52e4561ab6833f1ea67b341~mv2.jpg;339e71_a8803b67b25a40af9f951110ba27b013~mv2.jpg	Iluminacion;Navidad;Decoración			550		true	PERCENT	0	OutOfStock																																							
product_921570f8-0cc3-5ef3-d176-55728246d5a6	Product	Luces led rojas 	<p>Medida </p><p>2.5mt.  x 5 unidades </p><p>Medida del globo 10cm</p>	339e71_f03b9973a9da42c3995a5f4dc60476de~mv2.jpg;339e71_f7f5f324c42d43e8975bbf98a4ddbcc5~mv2.jpg	Iluminacion;Navidad;Decoración			550		true	PERCENT	0	OutOfStock																																							
product_d2b2b20b-211e-6057-b6e6-70a6929b7a44	Product	Plato navideño pino 	<p>Plato navideño forma de pino en cerámica </p><p>Medidas: </p><p>Largo 30cm </p><p>Ancho 23cm</p>	339e71_4b28a0ac8518485da3ebfff8ac5f82cb~mv2.jpg;339e71_671d94abddbf480b9aff1184510e425c~mv2.jpg;339e71_86aaaca9ebe847b6a6f26524390a5f85~mv2.jpg	Decoración;Navidad			490		true	PERCENT	0	OutOfStock																																							
product_e45535af-f300-e320-a4d9-72a939e75a23	Product	Calendario de adviento ||	<p>Calendario papá Noel de adviento </p><p>Medidas: </p><p>Largo 58cm </p><p>Ancho 43cm</p>	339e71_f1259236ac9945ac8dc636d1dc66e831~mv2.jpg	Decoración;Navidad			550		true	PERCENT	0	InStock																																							
product_caee9ece-bec1-cb49-c152-6f6b7de68c4e	Product	Mandalas en chapa  	<p>Mándalas de chapa con caireles </p><p>Medidas: </p><p>Largo 67cm</p><p>Diámetro 18cm </p>	339e71_8535bf77ad5c404fb079688de9a45b84~mv2.jpg;339e71_69c7f01a3be048e8b2d1f94d6956190a~mv2.jpg;339e71_c7a0cb22188c450080536e271a440ab0~mv2.jpg;339e71_688ff59b684c48b1bdc2a93ebf0ebbf2~mv2.jpg;339e71_a092ab7521b2422b848d3ab1adc9eab6~mv2.jpg;339e71_db25ac136bf245daa4ff3f3db95005da~mv2.jpg;339e71_d23f4c5a98ef4d36bc76b581ec3056a5~mv2.jpg	Adornos;Decoración	MAN0064		1100		true	PERCENT	0	6																																							
product_1de1babb-8297-2fb1-46b7-88c2b217edb3	Product	Santa grande 	<p>Santa alto con barba </p><p>Medidas: </p><p>Altura 60cm </p><p>Ancho 27cm</p>	339e71_6b66e2cdc5794daeb55e67dfcd90c192~mv2.jpg	Decoración;Navidad			1100		true	PERCENT	0	InStock																																							
product_a93814fb-3c3c-49ef-8614-3ad816e60f49	Product	Santa con barba 	<p>Santa parado con barba </p><p>Medidas:</p><p>Altura 30cm </p><p>Ancho 18cm</p>	339e71_7aad2bffe8414d7780e9ce490bf684d4~mv2.jpg	Decoración;Navidad			650		true	PERCENT	0	OutOfStock																																							
product_1c90bc70-e35c-b97e-41af-d7c5118ebef2	Product	Santa con pelo 	<p>Santa sentado </p><p>Medidas: </p><p>Altura 30cm </p><p>Ancho 22cm</p><p></p><p>*Detallar cuál de los dos*</p>	339e71_2a3e46de86ba49e1b655ef0981cb3276~mv2.jpg	Decoración;Navidad			590		true	PERCENT	0	InStock																																							
product_34b64c2f-c9f2-d632-bdb9-18066bff3ba7	Product	Santa pata larga 	<p>Medidas:</p><p>Largo total 46cm </p><p>Alto sentado 24cm</p><p>Ancho 18cm</p>	339e71_aef76e77fb994687a2ceed6522efe82f~mv2.jpg	Decoración;Navidad			590		true	PERCENT	0	OutOfStock																																							
product_1d971439-090c-322c-ba2d-6e1a7038b6fd	Product	Plato duende navideño 	<p>Plato con forma de duende navideño de cerámica </p><p>Medida: </p><p>Largo 24cm </p><p>Ancho 19cm </p>	339e71_88ab2e626649434991cdcf4e00a5f4bc~mv2.jpg	Navidad;Bandejas			420		true	PERCENT	0	InStock																																							
product_27f1b54e-1b59-b9e9-b99a-331a66c52051	Product	Calendario de adviento |	<p>Medidas: 53 x 43 cm. </p><p></p>	339e71_6622c2ddc10648f1b43009e860cdd961~mv2.jpg	Navidad			990		true	PERCENT	0	InStock																																							
product_4f6dd740-19ae-f0c2-7219-eab6e846ffb6	Product	Tutores Hoja 	<p>Tutores de hierro </p><p>Medidas: </p><p>Largo 77cm </p><p>Ancho 14cm</p><p></p><p>*aclarar cuál de los dos*</p>	339e71_b8e05cc5f6d64ec4951b8e4cb4b33665~mv2.jpg	Decoración;Plantas / Jardín	TUT0013		1350		true	PERCENT	0	1																																							
product_8fd44a15-6a97-60d8-adad-bec05bbced06	Product	Termómetro de pared 	<p>Termómetro de hierro con un gallo </p><p>Medidas: </p><p>Largo 27cm </p><p>Ancho 5cm </p>	339e71_dbbe2dd416724d3e837a4e79fe711cd9~mv2.jpg	Decoración;Plantas / Jardín	TER0001		1990		true	PERCENT	0	7																																							
product_b2baf4c2-db69-9a51-2312-c8a36815ee8b	Product	Rama de algodón 	<p>Medida </p><p>59 cm de largo </p>	339e71_f7a92190f2b24dc190b7ca84c4237ac8~mv2.jpg	Decoración;Adornos	FLO1092		190		true	PERCENT	0	InStock																																							
product_8afb13c9-7e59-b0c1-1762-b42253f291e9	Product	Jardinera Black II	"<p>Jardinera chica </p><p>Medidas: </p><p>Altura 36cm</p><p>Ancho 53,5cm </p><p>Profundidad 23cm</p>"	339e71_21623b69f0c240bb93623de6c744c944~mv2.jpg;339e71_3ad274ccd9c74e7a935672cb7783e63b~mv2.jpg	Decoración;Plantas / Jardín			2980		true	PERCENT	0	OutOfStock																																							
product_38361dca-3648-8135-a0e6-5805a656688f	Product	Jardinera Black I 	<p>Medidas:</p><p>Altura 38cm </p><p>Ancho 65cm </p><p>Profundidad 29cm</p>	339e71_5e557f42283040a2adee5fce2b959ef5~mv2.jpg;339e71_44140d5a5c3a4ca18ce873fb8fddcd63~mv2.jpg	Decoración;Plantas / Jardín			3690		true	PERCENT	0	OutOfStock																																							
product_403d4151-a9c1-e57a-77bb-09c9865c35b2	Product	Jardinera Green 	<p>Medidas:</p><p>Altura 57cm </p><p>Ancho 43cm </p><p>Profundidad 17cm</p>	339e71_fbf170ee74ed4bf1a91a5cc9a93abaee~mv2.jpg;339e71_50fc33152b5a4563b9dc897b3d8ab4f5~mv2.jpg;339e71_08368739fb484f1ca3a7699f31e9826f~mv2.jpg	Plantas / Jardín			2190		true	PERCENT	0	OutOfStock																																							
product_496b2c17-3397-2a81-f5bf-f452814a0e33	Product	Mesas Black set x2	<p>Set de mesas x2 $26.700</p><p>Por separado</p><p>Grande $16.700 </p><p>Medidas: altura 46cm | diámetro 79cm </p><p></p><p>Chica $11.900</p><p>Medidas: altura 41cm | diámetro 70cm </p><p></p>	339e71_9a7563a471904ebfbaeec4b11b242160~mv2.jpg	Mesas;Mobiliario	MES0099		26700		true	PERCENT	0	1																																							
product_ce4c610c-b4ab-b6dc-7331-72477d153d8b	Product	Candelabros Sol	<p>Candelabros </p><p>Medidas: </p><p>Altura 14cm </p><p>Diámetro 12cm </p><p>Altura con la vela 22cm</p>	339e71_a00bd07f0e654f1889ea5955da4dc8ce~mv2.jpg;339e71_a0cbc4f239184adcaf256b82578d44d5~mv2.jpg	Candelabros / Fanales;Decoración			1190		true	PERCENT	0	OutOfStock																																							
product_65f7f693-23a8-011d-4e75-60c067a1fe37	Product	Plantita Thyme 	<p>Medidas </p><p>Altura 19cm </p><p>Diámetro 9cm</p>	339e71_f20506ebfde1478983fc72d9c0cccf09~mv2.jpg	Decoración;Plantas / Jardín	PLA0023		590		true	PERCENT	0	3																																							
product_a04b1516-1064-3b80-c2a9-25a8f853ef39	Product	Borla | Sujeta Cortina Hindú 	<p>Medidas:</p><p>Largo total 91cm </p><p>Largo desde la mándala hacia abajo: 50cm</p>	339e71_ee4af4b9449c4df0b0f6ea479942e50a~mv2.jpg	Decoración;Adornos			790		true	PERCENT	0	OutOfStock																																							
product_97b0b94c-4759-a659-8991-4f0ddc2e3fbf	Product	Fresia blanca 	<p>Medidas:</p><p>75cm de largo</p><p></p>	339e71_4d509a1c6817427ebcebe33d18f4c305~mv2.jpg	Decoración;Plantas / Jardín	FLO0041		390		true	PERCENT	0	InStock																																							
product_c7953b75-41d2-35c6-4c78-14a4daa43749	Product	Maceta Boni III	"<p>Maceta de metal con patas de madera, grande </p><p></p><p>Medidas: </p><p>53cm de altura </p><p>23cm de diámetro </p><p></p><p>Set x las 3 $4000</p>"	339e71_29f5b58baf0c46c3ae6bb41a2aea71f6~mv2.jpg;339e71_a6a8593f61f44fbdaea4350df176cc15~mv2.jpg	Macetas;Plantas / Jardín			1800		true	PERCENT	0	1																																							
product_de443b28-6e03-19eb-d53c-2788682d9f8b	Product	Maceta  Boni II	"<p>Maceta de metal con patas de madera, mediana</p><p>Medidas: </p><p>40cm de altura </p><p>19cm de diámetro </p><p></p><p>Set x 3 $4000</p>"	339e71_d0766ab33663430bb32a691d707c51ab~mv2.jpg;339e71_6e9407a9a6a543ed84974778fdd7bf5c~mv2.jpg	Macetas;Plantas / Jardín			1500		true	PERCENT	0	1																																							
product_5f3f5d03-7419-8f24-1781-4eb9522f13d4	Product	Maceta Boni I	"<p>Macetas de metal con patas de madera, chica </p><p>Medidas</p><p>31cm de altura </p><p>17cm de diámetro</p><p></p><p>Set x las 3 $4000</p>"	339e71_d461d954931a49a78c3fc40b61d73fd7~mv2.jpg;339e71_4f4da443e7584d448736f4f01a2da902~mv2.jpg	Macetas;Plantas / Jardín			1100		true	PERCENT	0	1																																							
product_1f41538d-0536-d042-d830-ab99923d427f	Product	Borla | Sujeta Cortina Pajarito 	<p>Medidas: </p><p>largo total |56cm</p><p>Largo desde el aro hacia abajo 29cm</p>	339e71_919714f35fac4557b0d61e2aea396d30~mv2.jpg;339e71_ef4cdadb4dc24f0c88d79a6513711b98~mv2.jpg	Adornos;Decoración	BOR0029		790		true	PERCENT	0	2																																							
product_ca010e12-0b7c-421e-8f08-3ee8a64b7997	Product	Borla | Sujeta Cortina Pajarito pompón 	<p>Medidas: </p><p>Largo total 54cm</p><p>Largo desde el aro 29cm</p>	339e71_021bc99e178f4a24baf73a75dc522d4a~mv2.jpg;339e71_e2ba844104b444e0a84813cf3dea6d73~mv2.jpg	Adornos;Decoración			690		true	PERCENT	0	OutOfStock																																							
product_5795841f-9f89-ad47-7d08-5fdef52d2bf6	Product	Borla | Sujeta Cortina Cali	<p>Medida: </p><p>Largo total 42cm</p><p>Largo desde la esfera hacia abajo 26cm</p>	339e71_db18238baec149d89e0f6bc1e7505b32~mv2.jpg;339e71_ba9fd0b81a154804a2868a7454928f3d~mv2.jpg	Adornos;Decoración			690		true	PERCENT	0	OutOfStock																																							
product_a9561690-30dc-464a-53b0-588d56bdbc1f	Product	Borla | Sujeta Cortina Campana 	<p>Medidas : </p><p>57cm de largo total</p><p>28 cm largo desde el aro hacia abajo </p>	339e71_8b4df7f8dfbe48ae99eac31396063184~mv2.jpg	Adornos;Decoración			790		true	PERCENT	0	OutOfStock																																							
product_f9dd916f-cf12-1e94-e038-940b30b03b80	Product	Borla | Sujeta Cortina Pompón 	<p>Medidas: </p><p>Largo total: 54cm</p><p>Largo desde el aro hasta abajo 29cm</p>	339e71_c1b0cea37af54d7ba8ff35f35e2030ed~mv2.jpg;339e71_9f4546eab2c546eb91e49613ff029f2d~mv2.jpg;339e71_71a3a07800c843a3b4334491e726dd16~mv2.jpg;339e71_0c17a9d229524e17b8d3a7207ed8e94a~mv2.jpg	Decoración;Adornos			790		true	PERCENT	0	OutOfStock																																							
product_90c4fd87-8691-43d8-061a-2115f48ab215	Product	Borla | Sujeta Cortina Cal 	<p>Borla de cerámica </p><p></p><p>Medidas: </p><p>77cm largo total </p><p>47cm del aro hacia abajo </p>	339e71_8183ed0c412341939b35463ab318abf9~mv2.jpg	Adornos;Decoración			1100		true	PERCENT	0	OutOfStock																																							
product_90e9feda-39ce-320b-ef23-9eb5b5d44489	Product	Borla | Sujeta Cortina Mandala 	<p>Medidas : 75cm largo </p>	339e71_5d89a977f32d498a81c1c5f870e1037f~mv2.jpg	Decoración;Adornos	BOR0016		920		true	PERCENT	0	1																																							
product_a854a178-07ec-fff6-63b0-23ca83a94f19	Product	Borla | Sujeta Cortina cristal grande 	<p>Medida: 66cm largo </p>	339e71_d7f8cf510c4d4444a13b194e51c386f1~mv2.jpg	Adornos;Decoración			790		true	PERCENT	0	OutOfStock																																							
product_20daac76-738e-91e3-1c12-68529221f4ae	Product	Borla | Sujeta cortina cristal chica 	<p>Medidas: </p><p>52cm de largo total </p><p>26cm desde la borla hasta abajo </p>	339e71_1c70f9a50b5f44dc85612ee4255dd475~mv2.jpg;339e71_27bce8b6dd9c4e48826ab6828d06c6f8~mv2.jpg	Adornos;Decoración			750		true	PERCENT	0	OutOfStock																																							
product_a0a65f92-6e52-51c3-60af-8fa1b5612baf	Product	Borlas | Sujeta cortina Paint 	<p>Borlas de cerámica </p><p></p><p>Medidas: 64cm de largo </p>	339e71_b3d49a58a0f74af699f823f196bd21ce~mv2.jpg;339e71_4710fbeeee27471c82560af0884e6900~mv2.jpg;339e71_cc4495d802e847eea8d6a57da92050e0~mv2.jpg	Decoración;Adornos			790		true	PERCENT	0	OutOfStock																																							
product_fd2ba796-24cf-e3a3-83f9-85c66f87d64d	Product	Mesa Cony 	<p>Mesa de madera </p><p></p><p>Medidas: </p><p>Altura 45cm </p><p>90cm x 90cm </p>	339e71_d1de75fcd53d4d7e936a3d544971e181~mv2.jpg;339e71_f67145c84eab4c728eb91d67ce743ac7~mv2.jpg;339e71_c798e15c880b44af86b20b450b376fe8~mv2.jpg	Mobiliario;Mesas			19800		true	PERCENT	0	OutOfStock																																							
product_bcdba40d-33d2-207c-4796-96a692f815e6	Product	Florero Paz 	<p>Medidas : 30cm x 10cm </p>	339e71_21e5de24098b4bb1bf0d5d28d4fefb13~mv2.jpg	Decoración	FLO0039		750		true	PERCENT	0	1																																							
product_96254a82-ff76-b791-4384-68993e6a4702	Product	Guía de luces	<p>Guía de luces 7 mt + una lamparita de repuesto</p>	339e71_bcd1c983611d4a51aa661b02e725dde2~mv2.jpg;339e71_f717b21e111042d8b41ba801a1930476~mv2.jpg	Decoración;Iluminacion			1190		true	PERCENT	0	8																																							
product_1ec0dc84-aecc-60b4-150e-f2f732f6ff55	Product	Butaca Pizca	<p>Butaca de cuero con posa brazos </p><p></p><p>&nbsp;</p><p>Medidas: </p><p>Respaldo: 60cm x 30cm </p><p>Altura total: 80cm</p><p>Asiento: 63cm x 50cm </p><p>Profundidad: (de las patas de atrás al frente) 71cm</p><p>Ancho total: 62cm</p>	339e71_49ac123d5d3341afab429750c27c0afb~mv2.jpg;339e71_e73e25b1383c4acdbc4054d448c3ffc0~mv2.jpg;339e71_0caffc7d7d3e4d05b44958b547dcdafd~mv2.jpg	Sillas;Mobiliario	SIL0016		28900		true	PERCENT	0	2																																							
product_f06063be-578e-ffe3-e88a-116fc9d3904d	Product	Casita Antique grande 	<p>Medidas: </p><p>Altura 28cm </p><p>Ancho 14cm </p><p>Profundidad 30cm </p>	339e71_bd97c0e644384cf385c49fc58b889f14~mv2.jpg	Plantas / Jardín			1390		true	PERCENT	0	OutOfStock																																							
product_46a765e7-4621-9432-5ac5-15076e76f8ce	Product	Casita Antique mediana 	<p>Medidas </p><p>Altura 31cm </p><p>Ancho 18cm </p><p>Profundidad 12cm</p>	339e71_1595eb0af6e648b0a72e1d2da079d0f0~mv2.jpg	Plantas / Jardín	CAS0003		1290		true	PERCENT	0	1																																							
product_f4ddb2f7-b245-87f0-75e0-6b92b6b3aa2b	Product	Casita Antique chica	<p>Casita de madera </p><p>Medidas: </p><p>Altura 23cm </p><p>Ancho 28cm </p><p>Profundidad 12cm</p>	339e71_2e3ebe8c202e411296fc462710228c8d~mv2.jpg	Plantas / Jardín	CAS0005		1190		true	PERCENT	0	1																																							
product_5a19ff16-5b90-5ed1-d2a5-2bd6ffa05b2b	Product	Comedero de hierro	<p>Medidas: </p><p>Profundidad 10cm </p><p>Ancho 18cm </p><p>Altura 17cm</p>	339e71_c259567b0efc4f619cdf8c333528825b~mv2.jpg;339e71_5a921a29e00145f09d46465e002bbbb8~mv2.jpg	Plantas / Jardín			1690		true	PERCENT	0	OutOfStock																																							
product_39183111-6722-ab28-1b3c-4837b2fefe6f	Product	Jarrón vintage II	<p>Jarrón de barro </p><p>Medidas: 29cm de altura | 11cm de diámetro </p>	339e71_995e7e4d680741cd8369c30ddba20710~mv2.jpg;339e71_308386495ed54898af71b0434cffbf16~mv2.jpg	Decoración;Adornos			1750		true	PERCENT	0	OutOfStock																																							
product_f4d006ea-99dd-8f53-8e89-c2d238ef5fb5	Product	Jarrón vintage 	<p>Jarrón de barro </p><p>Medidas 26cm de altura | 23cm diámetro </p>	339e71_498dd2e200b34187bbbb82ea80bcf6b4~mv2.jpg	Adornos;Decoración			1590		true	PERCENT	0	1																																							
product_361b3a8b-f380-f052-0db0-8122f58f4c43	Product	Mesa de Luz LUA	<p>Mesa de Luz </p><p>Medidas: </p><p>Ancho 60cm </p><p>Profundidad 40cm </p><p>Altura 66cm</p>	339e71_1758764246aa40008dd3c5034c29cf0c~mv2.jpg;339e71_729e73a993fa4913beb456733e7a9083~mv2.jpg;339e71_d6843b4375d644609551be34ff11cbe6~mv2.jpg;339e71_746444d3a42048d0af2122fa6fb81e7d~mv2.jpg	Mesas;Mobiliario			15900		true	PERCENT	0	OutOfStock																																							
product_baa68c15-0ee3-43fe-e684-d990c7b90d01	Product	Jaula Pajarito II	<p>Jaula grande </p><p>Medidas: 31cm de altura | 22 cm de diámetro </p>	339e71_53fae95078474a6d8fb08c673d87728b~mv2.jpg	Plantas / Jardín	JAU0010		1990		true	PERCENT	0	1																																							
product_f933b948-d750-4d0d-8448-75e587fa22eb	Product	Jaula pajarito I	<p>Jaula chica </p><p>Medidas: 26cm de alto | 17cm diámetro </p>	339e71_69f90d12dd14412a9826e3952d6ec916~mv2.jpg	Plantas / Jardín	JAU0009		1690		true	PERCENT	0	1																																							
product_40c0d79a-da10-179e-4144-0bc9d462d394	Product	Arbusto mini 	<p>Arbusto mini </p><p>Medida: 60 cm </p>	339e71_6a7b478bad3a448892ab89835473ecf6~mv2.jpg;339e71_9490f31a8c5749a9ad16801c8549b4b9~mv2.jpg	Plantas / Jardín			3200		true	PERCENT	0	OutOfStock																																							
product_7c65d2da-3dc6-d3d8-a385-681bb0960276	Product	San Benito en chapa 	"<p>Cuadro san Benito en chapa, </p><p>Diseñado en acero corten </p><p>Medidas: 40cm x 40cm</p>"	339e71_f7e3d6848f884bf6b079f1aa8a5b8071~mv2.jpg;339e71_234b4548bd8d434abc51c7f4525077c3~mv2.jpg	Cuadros			2490		true	PERCENT	0	OutOfStock																																							
product_cfb919a2-c3ca-a49d-e9f8-9fb7069ef2b1	Product	Cuadro caballo en chapa 	<p>Cuadro de de chapa con silueta de caballo </p><p>En acero corten</p><p>Medidas: 40cm x 40cm </p>	339e71_beebf24d6b494e199a17d89740c40ae1~mv2.jpg;339e71_cc328229a39b4bac8081f37f27f5d36a~mv2.jpg	Cuadros;Decoración			2490		true	PERCENT	0	OutOfStock																																							
product_1352d6d9-b6f3-9dda-5523-d8fcb89f7865	Product	Candelabro Vin chico 	"<p>Candelabro de vidrio con base de madera </p><p>Medidas: </p><p>altura 9,5cm </p><p>Diámetro 8cm</p>"	339e71_c660b6b4d5564325a10a6aaa99e05a2f~mv2.jpg;339e71_741873237de54af096505ac2c644fd71~mv2.jpg	Decoración;Candelabros / Fanales			890		true	PERCENT	0	OutOfStock																																							
product_d767dfdc-d2d0-cfc9-9226-1d9f4e612247	Product	Candelabro Vin mediano 	<p>Candelabro de vidrio con base de madera mediano </p><p>Medidas: </p><p>altura 14cm </p><p>Diámetro 10cm </p>	339e71_628c20d2e72249879d4fb738eb490409~mv2.jpg;339e71_202eca69d9b44f10acd7b61d733d8f43~mv2.jpg	Candelabros / Fanales;Decoración			1190		true	PERCENT	0	OutOfStock																																							
product_434681e6-de03-94e1-de0f-205d1593236b	Product	Candelabro Vin grande 	<p>Candelabro de vidrio con base de madera </p><p>Grande</p><p>Medidas: </p><p>Altura 25cm </p><p>Diámetro 14cm </p>	339e71_b4df4604df314f2c88df7b0f3ed6fb2c~mv2.jpg;339e71_f84292a7ae394dfa87b6d6552325407e~mv2.jpg	Candelabros / Fanales;Decoración			1490		true	PERCENT	0	OutOfStock																																							
product_cb165ba3-2bae-556d-2008-398e58eac2fe	Product	Casita de resina 	<p>Medidas: </p><p>Altura 25cm </p><p>18cm x 18cm </p>	339e71_7eab8f0b079a45b0aca064188d53a965~mv2.jpg	Decoración;Plantas / Jardín			1590		true	PERCENT	0	1																																							
product_52b813ef-2adb-6b07-df5f-7fdadbc0856a	Product	Salero + pimentero pequeño  	<p>Salero y pimentero chico </p><p>SET X 2 </p><p>Medidas: 9cm x 5cm </p>	339e71_cd6a1c9fe9e04bf2918898a714ee2127~mv2.jpg	Cocina	SAL0003		690		true	PERCENT	0	1																																							
product_454a6c0c-fe89-e3cd-f2c6-c04316265f65	Product	Salero + pimentero grande 	<p>Salero y pimentero </p><p>SET X 2 </p><p>medidas 15cm x 5cm </p>	339e71_8bf8d4f074aa4e6ea53b5a129708348e~mv2.jpg	Cocina			890		true	PERCENT	0	OutOfStock																																							
product_a97a45ac-3e0a-0adb-fd91-4f5ea4cca3cd	Product	Cesto Flower 	<p>Medidas: </p><p>Altura sin manija:30cm </p><p>Altura total: 48cm </p><p>Diámetro: 35cm</p>	339e71_c5bc24b7146e4c668a4bcd1c9552b7a2~mv2.jpg;339e71_151d931a7ae6420ea86534ae6c60ef93~mv2.jpg	Canastos			1390		true	PERCENT	0	OutOfStock																																							
product_2f2eefd9-7642-8310-1046-c343a2adf05d	Product	Canasto grande 	<p>Medidas: </p><p>Altura 26cm </p><p>Diámetro 33cm</p>	339e71_9a470b646f7446eaa262009c90364eca~mv2.jpg;339e71_3401ca1205e248d6a11bac797e2e885a~mv2.jpg	Canastos	CAN0084		1580		true	PERCENT	0	1																																							
product_2b55a434-b53e-c4c4-314b-252631a0555d	Product	Canasto mediano 	<p>Medidas: </p><p>Altura 24cm </p><p>Diámetro 28cm </p><p></p>	339e71_06ca2aa314fc45619a1848ba39831555~mv2.jpg;339e71_43da90b186024e64bbae9e9bebaa5c29~mv2.jpg	Canastos			1380		true	PERCENT	0	InStock																																							
product_3db3f704-0851-c5a1-1291-19088dc040bf	Product	Canasto chico 	<p>Canasto </p><p>Medidas: </p><p>Altura 22cm </p><p>Diámetro 25cm </p>	339e71_2960c20703f640d189105c39fb5a9a0b~mv2.jpg;339e71_77ba2b2fb6a1410987bc845c6cbe69a5~mv2.jpg	Canastos			980		true	PERCENT	0	InStock																																							
product_df0ae5ea-769b-92a0-3ccf-be62552f8bd3	Product	Cuadro PP 	<p>Cuadro pasta piedra </p><p>Medidas:  </p><p>1M 50cm x 57cm</p>	339e71_edd3b08798564f4c94971d1d9a7d52ba~mv2.jpg;339e71_7448bab722c74ef280c27fb1919677aa~mv2.jpg;339e71_9300e056302e49b7b09509e465c8cb2c~mv2.jpg	Cuadros;Decoración			15900		true	PERCENT	0	OutOfStock																																							
product_ea038290-2cf2-0a5c-be69-79c78899d2dc	Product	Comedero resina 	<p>Comedero de resina </p><p>Medidas: </p><p>Ancho 23cm </p><p>Altura: 12cm </p><p>Profundidad 13cm</p>	339e71_5e9fb1264ba44fc2a04673d212e21c0c~mv2.jpg;339e71_965c5460b7df493b863c3eda93e6e35c~mv2.jpg	Plantas / Jardín	COM0002		1260		true	PERCENT	0	1																																							
product_79353f39-88e8-fae6-8cd4-7e2af384de9a	Product	Angelitos 	<p>Angelitos de cerámica </p><p>Medidas: 12cm x 10cm </p>	339e71_ad4b84d5c13d4375ace0001278a12274~mv2.jpg	Religiosos	ANG0007		1450		true	PERCENT	0	1																																							
product_77256841-2ec2-8aa5-c892-e5ec9c3cda0c	Product	Florero Rose grande 	<p>Florero Rose grande </p><p>Medidas:</p><p>Altura: 51cm </p><p>Diámetro: 20cm</p>	339e71_e6cf564bd01743e0bd3df8f063e62728~mv2.jpg;339e71_b9f3cfd6a6eb49fe86e821104acc84f9~mv2.jpg	Adornos;Decoración	FLO0056		1990		true	PERCENT	0	InStock																																							
product_1c772acb-c0f8-cc9d-03c1-96593d462f55	Product	Florero Rose mediano 	<p>Florero Rose mediano </p><p>Medidas:</p><p>Altura: 40cm</p>	339e71_a241a422639b490e8c4838ac53a2d744~mv2.jpg;339e71_9e072c09aa0649048312937789a2dcf8~mv2.jpg	Decoración;Adornos	FLO0057		1790		true	PERCENT	0	InStock																																							
product_022b6387-ce2d-1bec-10c7-d5832c8fd8c8	Product	Florero Rose chico 	<p>Florero rose chico</p><p>Medidas:</p><p>Altura 33cm </p><p>Diámetro 15cm</p>	339e71_92e89afb00de4ec19a50b8e300a17a68~mv2.jpg;339e71_ca57927b91c64baeaea270fbf60feed1~mv2.jpg	Decoración;Adornos			1490		true	PERCENT	0	OutOfStock																																							
product_cea92e5b-3af8-9496-7c85-31a6d5503ca3	Product	Jarrón Ficus grande 	<p>Jarrón Ficus de madera grande </p><p>Medidas</p><p>Alto 36cm </p><p>Diámetro 25cm</p>	339e71_1688be3eebb5400abf68282371cd1cc3~mv2.jpg;339e71_3ec284d37e1e4d268454a3bc96a8a343~mv2.jpg	Adornos;Decoración			4490		true	PERCENT	0	OutOfStock																																							
product_f23f57c3-efae-82ca-aafa-7d62b0d39b8a	Product	Jarrón Ficus chico 	<p>Jarrón Ficus de madera </p><p>Medidas: </p><p>Alto 31cm </p><p>Diámetro 22cm </p>	339e71_1444a075453741148ad604b8616ea2d4~mv2.jpg;339e71_734f8d35c9b8480895db8b563286915f~mv2.jpg	Decoración;Adornos	JAR0050		3690		true	PERCENT	0	1																																							
product_1711c084-2245-db3f-ded6-e03e07ae20b3	Product	Fanal black 	<p>Fanales </p><p>Medidas: 30cm x 20cm</p>	339e71_15370e10604c4045b2f22f336cc2a358~mv2.jpg;339e71_71fb114abf534f8aa552c4d3067967d5~mv2.jpg	Candelabros / Fanales;Decoración	FAN0055		2990		true	PERCENT	0	2																																							
product_e78a673f-9fed-fe8d-725e-dd059c75d519	Product	Fanal Cala 	<p>Fanales de chapa dorados</p><p>Medidas: 27cm x 13cm</p>	339e71_32a03ddc2c58443d8e835bb894304ffa~mv2.jpg;339e71_8bc37a4e8ba24e1cb6cb6ee361c02d22~mv2.jpg	Candelabros / Fanales;Decoración			1750		true	PERCENT	0	OutOfStock																																							
product_ccee5354-5bc1-2eea-0211-f3279fceb824	Product	Cuadros Magnolia 	<p>Cuadros magnolia </p><p>Medidas: 32cm x 32cm</p>	339e71_1f0591ea9cde4a7c80b903bf947b043f~mv2.jpg;339e71_b4cacc799bf246959eaeb8defc5a8bac~mv2.jpg;339e71_7e85317af1d2458aa8ed7608dbac37e7~mv2.jpg	Decoración;Cuadros			1690		true	PERCENT	0	OutOfStock																																							
product_a7cdb369-d619-eee9-038d-68a111404ac6	Product	Vasos Labrados bajos 	<p>Vasos labrados </p><p>Set x 6 </p><p>Medidas: 10cm x 7cm</p>	339e71_e30eecfa8bea4f43bde7c13d440d08fd~mv2.jpg;339e71_dc5777c06e7c41b790a0fdbd7a01d23c~mv2.jpg;339e71_50fb83e7ed6a4a58b1a334bcd6997a51~mv2.jpg	Cocina;Vasos | copas | tazas 	VAS0027		1190		true	PERCENT	0	3																																							
product_44756cb3-b1e8-f5ea-6541-82c3607680c5	Product	Pantalla Mady 	<p>Pantallas de Rattan y teka </p><p>Medida: 60cm x 40cm </p>	339e71_2bbe9d1dc36541f1bed84a93027ffa8e~mv2.jpg;339e71_77b1421855bc4a7b92c04fa8d3034317~mv2.jpg;339e71_4a2daa9e1cce4b1d931e46c8074416ad~mv2.jpg	Decoración;Iluminacion			7200		true	PERCENT	0	4																																							
product_80d30737-bac0-f2f3-35a3-46970233b9ee	Product	Manta | Pie de cama con borlas 	<p>Medidas </p><p>1M 22cm x 1M 95cm</p>	339e71_ce2064384f5b49ecbce044c71330452e~mv2.jpg;339e71_8d7ea524d5964651ae4bf01a5edacb5e~mv2.jpg	Mantas;Decoración			2600		true	PERCENT	0	OutOfStock																																							
product_c382bd4a-b742-eb2b-6d26-3955d14200e4	Product	Pantalla Mady II 	<p>Pantalla de fibras naturales y madera teka </p><p>Medidas: </p><p>Diámetro total 70cm </p><p>Altura 30cm </p>	339e71_92d689d049f04e0ebb4212709ac2b4c3~mv2.jpg;339e71_ababb8f533a340e298e66a18694bcd14~mv2.jpg	Decoración;Iluminacion	LAM0050		7200		true	PERCENT	0	2																																							
product_e5c68844-df69-3ef3-83de-bba963da108c	Product	Muñequitas country 	"<p>Muñequitas de apego, para bautismo o nacimiento</p><p>Medidas: </p><p>Altura 32cm</p><p>Ancho 19cm </p>"	339e71_663fb5deb7a243fe82c269869d50606b~mv2.jpg;339e71_2325a550eb7a4ecfaa0833fbb18b4211~mv2.jpg;339e71_aac11a62d73541c0a3c280352c6d6fad~mv2.jpg;339e71_ca734991c9994e4d880dacc64d6cbab2~mv2.jpg	Textiles			1490		true	PERCENT	0	InStock																																							
product_2d2c515c-9f93-3b7a-8d86-f35f91993331	Product	Maceta Ruth Pequeña 	"<p>Maceta chica </p><p>Medidas: </p><p>Altura: 31,5cm </p><p>Diámetro: 21 cm </p>"	339e71_64c9fcab77fb48f8a8121a7103a8d04e~mv2.jpg;339e71_3a23f42d94734d46b693c357a4c055ea~mv2.jpg	Macetas;Plantas / Jardín			1590		true	PERCENT	0	OutOfStock																																							
product_24078ba6-6fa0-8dc1-7813-47d4c7e8c127	Product	Maceta Ruth Grande 	"<p>Maceta con patas de madera </p><p>Medidas </p><p>Altura: 37,5cm </p><p>Diámetro: 27cm</p>"	339e71_8dc86c51ea6748ad999f2caf81b0d8d3~mv2.jpg;339e71_bc8f92e423514de29be0af2333860c6e~mv2.jpg	Macetas;Plantas / Jardín			1990		true	PERCENT	0	OutOfStock																																							
product_be5ad57e-f381-5c59-da0c-0ebbdddf0720	Product	Mesas de jardín 	<p>Mesas de jardín de metal SET X 3</p><p>Medidas: </p><p>Grande: Altura 71cm | 30cm x 30cm </p><p>Mediana: Altura 62cm | 25cm x 25cm </p><p>Chica: Altura 52cm | 20cm x 20cm</p>	339e71_6b1a4e18af534250b88577081d19e260~mv2.jpg;339e71_bf53095afb52469a8390b87d813578d8~mv2.jpg;339e71_97efc1024a00489aab1aaea695831deb~mv2.jpg;339e71_a96e155dbcff4ae39330cc1201f16c46~mv2.jpg	Mesas;Plantas / Jardín			7500		true	PERCENT	0	OutOfStock																																							
product_ca86bcda-e067-8e8a-2c03-7acee4647310	Product	Mesa Vin 	<p>Mesa de hierro y madera </p><p>Medidas: </p><p>Altura 51cm </p><p>Diámetro 87cm </p>	339e71_9b3d284012c7459681fd5b65437bbe22~mv2.jpg;339e71_cdc8a46088c4424f88e11f9d29304637~mv2.jpg;339e71_75e805e8e06a45a5aa7018545fb71cb2~mv2.jpg	Mesas;Mobiliario			20500		true	PERCENT	0	OutOfStock																																							
product_7996d3a7-c144-6afd-9c0f-b939fc1c9d00	Product	Alfombra Tuli 	<p>Alfombra </p><p>Medidas: 89cm (sin los flecos) </p><p>Con flecos: 98cm</p>	339e71_1e7530d0892b463e96ef483c9634dff2~mv2.jpg;339e71_cc58a653851f4eea9db3060aa4ae707d~mv2.jpg	Alfombras;Decoración	ALF0016		1980		true	PERCENT	0	1																																							
product_22b54a51-306d-91be-f9f1-19105197e212	Product	Florero LIA II	<p>Florero grande </p><p>Medidas: 34cm x 16cm </p>	339e71_c28e4e094df44ad5a4774dcec4b773d1~mv2.jpg;339e71_bb1b95a885164f49bc8d15a363ed592c~mv2.jpg	Adornos;Decoración	FLO0035		2990		true	PERCENT	0	1																																							
product_6b7c5e0d-d9cd-a517-28c4-b6c25fd9511b	Product	Florero LIA I	<p>Florero mediando </p><p>Medidas : 25cm x 18cm </p>	339e71_4997e6933e1c44c7b0518314fd42bf27~mv2.jpg;339e71_1ce83742f2a84d779eb81034ed46fc43~mv2.jpg	Decoración;Adornos	FLO0034		2790		true	PERCENT	0	1																																							
product_82559965-159b-7855-c397-35f55b574ddd	Product	Canastita Oni III	<p>Medidas </p><p>20cm x 6cm </p>	339e71_ac80344774b44268b48cbefd989ac7fb~mv2.jpg;339e71_8af398c4953448b282f17cffb040b0b1~mv2.jpg;339e71_3a4681e18d4648b8a9a76146468bf23f~mv2.jpg	Bandejas			590		true	PERCENT	0	1																																							
product_d7dc2987-ed1d-5cc6-8288-444ceb0de569	Product	Canastita Oni II	<p>Medidas </p><p>17cm x 5cm </p>	339e71_29458f5232454b3cbc2a19d252f6ba52~mv2.jpg;339e71_db40222103154af8a2436f642d516553~mv2.jpg	Bandejas			490		true	PERCENT	0	1																																							
product_e477c85a-49cd-b24c-9826-d7aeb4db1122	Product	Canastita Oni I 	<p>Canastita </p><p>Medidas 14cm x 4cm (altura)</p>	339e71_43a29b1299e84ce28060b3e76797c5e4~mv2.jpg;339e71_2381ea096e6842799b7e150830140f97~mv2.jpg	Bandejas;Canastos			390		true	PERCENT	0	1																																							
product_b4e893de-60e5-165a-0d4f-7348c95bc1cf	Product	Vasos green 	<p>Vasos labrados de color</p><p>Set x6.  </p><p>Medidas: </p><p>13cm x 8cm</p>	339e71_aeace0af7e2e418ba82308b3eb7741de~mv2.jpg;339e71_dcd974209ee54182aa2cd0f8446b2944~mv2.jpg;339e71_de40d21f586f4481ba50f519fe54bd97~mv2.jpg;339e71_d8db7152ee704323b5c514497a239cd1~mv2.jpg	Cocina;Vasos | copas | tazas 			1690		true	PERCENT	0	OutOfStock																																							
product_acbe58c4-85a0-d277-af39-f40ddfb5f9dc	Product	Lámpara LIA 	<p>Lámpara </p><p>Medidas: </p><p>Altura 50cm </p><p>Diámetro 36cm</p>	339e71_97e25cdb96014302aa5b435e698a6f8f~mv2.jpg;339e71_82cbb74bfc184de7b3e5fc956cfec620~mv2.jpg	Decoración;Iluminacion			7890		true	PERCENT	0	OutOfStock																																							
product_50734cc0-b33f-bd22-9c48-cbb67c6928a0	Product	Banco Pelly 	<p>Banco de madera rústico </p><p>Medidas: </p><p>Altura : 90cm </p><p>Ancho: 54cm</p><p>Largo: 1m 64cm </p>	339e71_108b6637cde94c8291a4219f92ae7d97~mv2.jpg;339e71_896c6bbf743744978b753cf5b2ac0709~mv2.jpg;339e71_dceea4e6ba1143b18daea3061d98d694~mv2.jpg;339e71_6665711a3c1447169c0d6489ceb1d636~mv2.jpg	Mobiliario;Sillones/bancos	BAN0092		28900		true	PERCENT	20	0																																							
product_be7bf88f-d26b-da84-5e13-8f69c48f9a36	Product	Borla | Sujeta cortina Esfera 	<p>Borlas decorativas cerámica </p><p>Medidas: 66cm largo </p>	339e71_01aedbf061ec4dfda16a3ce9c001dc7d~mv2.jpg	Decoración;Adornos			1100		true	PERCENT	0	OutOfStock																																							
product_c43edb75-514f-bee5-8191-04dc34a0fc5e	Product	Juego de vajilla 	"<p>Juego de vajilla por 16 piezas</p><p>Tazas: 10cm x 8cm </p><p>Platos llanos: 28cm de diámetro </p><p>Platos para postre: 20cm </p><p>Bowls: 15,5cm x 7cm </p><p></p>"	339e71_8422eb470e084ba2bb8c837a7e7a74cd~mv2.jpg	Cocina			1790		true	PERCENT	0	OutOfStock																																							
product_f2fa494f-6559-1192-ad81-af3029d86ce9	Product	Banco LUA 	<p>Medidas: </p><p>Altura 45cm </p><p>Ancho 1m 07cm </p><p>Profundidad 25cm </p>	339e71_bec9bd36d33a4b78a8603fb6b928117c~mv2.jpg;339e71_deb044b1a8e14795a0426aa3a29a1533~mv2.jpg;339e71_36179cb6c41a4526be20a5b0a8337a0d~mv2.jpg;339e71_a2e19a7847f94f11b3c000efb72d9343~mv2.jpg	Mobiliario;Sillones/bancos			12500		true	PERCENT	0	OutOfStock																																							
product_5751ac54-8143-c5df-3851-d6475bc0e588	Product	Aparador PAZ 	<p>Aparador PAZ </p><p>Medidas: </p><p>Ancho: 1m.60cm </p><p>Profundidad: 48cm </p><p>Alto 90cm</p>	339e71_8f9b5cfab32a46578860b9d848384099~mv2.jpg;339e71_c86d7adaaa4144059a33f2524e05d318~mv2.jpg;339e71_7776636363484559b82975a3a3e74d91~mv2.jpg;339e71_345eabcacba74f6caeaf77a03d26416b~mv2.jpg;339e71_4e0dee5735884399a3de71f2beec6041~mv2.jpg	Aparadores;Mobiliario			69000		true	PERCENT	0	OutOfStock																																							
product_6fc82ec8-f048-c298-e8e8-a9e5dd39a637	Product	Colgante estrellas 	<p>Colgante de estrellas </p><p>SET X 3 </p><p>Medidas de la estrella: 14cm x 14cm </p><p>Largo 52cm </p>	339e71_6fe70def37f7487080f3257b864e732f~mv2.jpg	Adornos;Decoración			890		true	PERCENT	0	OutOfStock																																							
product_126714ae-0450-1526-c593-fa36226d74d6	Product	Peces de madera III	<p>Colgante de Peces de madera </p><p>Medidas: </p><p>Largo del pez 20cm</p><p>Ancho 5cm </p><p>Largo total 60cm </p>	339e71_b211b89cf18a46eba400d5cbfffc67e8~mv2.jpg	Adornos;Decoración	PES0003		890		true	PERCENT	0	2																																							
product_dc7e9c62-b520-4766-ff2a-9284abf97548	Product	Peces de madera II	<p>Colgante de peces en madera </p><p>Medidas </p><p>Largo (del pez) 30cm</p><p>Ancho ( del pez) 6cm</p><p>Largo total 69cm </p>	339e71_3e66d29bda634cd3bc4a931af4bdbee8~mv2.jpg	Decoración;Adornos			990		true	PERCENT	0	OutOfStock																																							
product_884f32d4-0c90-4c2e-d561-1582bd9a9743	Product	Peces de madera I 	<p>Colgante de Pereces de Madera </p><p>Medidas: </p><p>Largo del pez 40cm </p><p>Ancho 7cm </p><p>Largo total 87cm </p>	339e71_2d7f50fff7f645459825650c2a99d7fa~mv2.jpg	Adornos;Decoración			1190		true	PERCENT	0	OutOfStock																																							
product_da06ca6f-89c6-6f6e-1575-008978f8746e	Product	Butaca Lirio plegable 	<p>Butaca de cuero plegable </p><p>Medidas: </p><p>Respaldo 66cm x 48cm </p><p>Altura total: 76cm </p><p>Asiento: 68cm x 47cm </p><p>Profundidad ( de patas de atrás al frente) 64cm </p><p>Ancho total 66 cm </p><p></p>	339e71_f42599d79f854c8c952fa21e133587b0~mv2.jpg;339e71_2474a304670e4490b51990ee66ae2358~mv2.jpg;339e71_49ac44048529496f8fa9bf4f8e1b660a~mv2.jpg	Mobiliario;Sillas	SIL0011		17900		true	PERCENT	0	5																																							
product_412d8fc2-960c-f392-2355-f3d84f71bf61	Product	Cuadros Pali	<p>Cuadros bordados con borde negro. </p><p>Precio por unidad. </p><p>Medidas: 43cm x 58cm</p>	339e71_1895aa8b7f7c464aa4b72a54a3289b16~mv2.jpg	Cuadros;Decoración			3900		true	PERCENT	0	OutOfStock																																							
product_486513a8-d782-a03f-3eab-cf905556037f	Product	Cuadro Colibrí 	<p>Cuadro bordado</p><p>58cm x 47cm </p>	339e71_3416e9094b144cbea30ae02316846dee~mv2.jpg		CUA0037		3900		true	PERCENT	0	1																																							
product_97f80717-ce9a-3372-467d-c09af497c944	Product	Mesa OXI	<p>Mesa óxido </p><p>Medidas: </p><p>Altura: 44cm </p><p>Ancho: 75cm </p><p>Largo: 1.30cm</p>	339e71_576e199747d94af8ae2311343292f275~mv2.jpg;339e71_8d3bf238059946c699bca3647641e3d1~mv2.jpg;339e71_9f8134db1009412c900879a86b3df3fe~mv2.jpg	Mesas;Mobiliario			23900		true	PERCENT	0	OutOfStock																																							
product_e8448274-ee20-2fcd-622d-41e6980657af	Product	Lámpara Rusty	<p>Lámpara en piola rústica </p><p>Medidas 57cm x 31cm</p>	339e71_7a2e86b2736c4b83887126ab236ab791~mv2.jpg	Iluminacion;Decoración			4590		true	PERCENT	0	1																																							
product_6bc4683c-b9c9-d061-c112-46cd5dcf243b	Product	Arbustito 	<p>Arbustos artificiales </p><p>Medidas: 12cm x 5cm </p>	339e71_d84dbe3e3b71401dbae4004026fc9087~mv2.jpg	Decoración;Adornos	PLA0012		390		true	PERCENT	0	1																																							
product_02975672-395e-e922-5c8e-f22c3155d129	Product	Florero | Jarrón Glass	<p>Jarrón de vidrio </p><p>Medidas: </p><p>29cm alto x 21cm de diámetro</p>	339e71_860b3bd1f4174a38b7a69b96d876c4ac~mv2.jpg	Decoración;Adornos			2490		true	PERCENT	0	OutOfStock																																							
product_c3e70919-cb08-9868-cb2a-e5cb6994fba7	Product	Cuadro That 	<p>Cuadros antiguos.</p><p></p><p>*PRECIO POR UNIDAD*</p><p></p><p>Madera y chapa</p><p>Medidas:</p><p>• 59cm x 59cm </p><p>• 61cm x  61cm</p>	339e71_88914fdf3742405ab8190c8a56d0d57b~mv2.jpg;339e71_dc80b2c784e9429cbf709640c19aec3c~mv2.jpg;339e71_8567014c430245b9842e8d991c362d85~mv2.jpg	Cuadros;Decoración	CUA0034		9900		true	PERCENT	0	2																																							
product_cd427663-0aa5-5515-f5b4-7bed515cefb8	Product	Aparador MALIBÚ 	<p>Aparador Malibú </p><p>Medidas: </p><p></p><p>Alto 93 cm  </p><p>Profundidad 40cm</p><p>Ancho 1m69cm</p>	339e71_5fe8069c20834a38b968bdbff3f1a09e~mv2.jpg;339e71_d73e4695bce947c59b299e874ef331c7~mv2.jpg;339e71_8b08dd8ec51d4489997ea3b3f4f4a601~mv2.jpg;339e71_6695ba97168e4f27abd3a6c723a1f29b~mv2.jpg	Aparadores;Mobiliario;DESCUENTOS	APA0009		54600		true	PERCENT	15	1																																							
product_b121324a-eefe-9924-0034-76174fccd6da	Product	Mesas Tipy	<p>Mesas de rattan</p><p>Medidas: </p><p>Grande: 57 x 57 x 56cm de altura: $10.500</p><p>Mediana: 45 x 45cm x 47cm de altura: $7.800</p><p>Chica: 33 x 33cm x 37 de altura:  $5.200</p>	339e71_5ce4bcb4dae5432089eb425626230ced~mv2.jpg;339e71_ad4e15a67de1444f8a9fd8707059fa70~mv2.jpg;339e71_a13fac7f10504fdd9c25f159d20ca4bf~mv2.jpg;339e71_f24586784f3a48e6a78311a04d84469d~mv2.jpg	Mobiliario;Mesas			23500		true	PERCENT	0	OutOfStock																																							
product_bdfa9183-213b-6a33-9cf1-1ae4f469cb52	Product	Jarrón MAU II	<p>Jarrón negro tallados</p><p>Medidas: </p><p>Opción 1 | 21cm x 10cm </p><p>Opción 2 | 19cm x 12cm</p><p></p><p>Especificar cuál a la hora de comprar!</p>	339e71_885719c68cfd462881ebf9afa546aebe~mv2.jpg	Adornos;Decoración	JAR0046		2400		true	PERCENT	0	1																																							
product_83e3292e-a195-fae2-eaea-3edeff272841	Product	Jarrón MAU 	<p>Jarrones tallados grandes </p><p>Medidas: </p><p>Opción 1 | 30cm x 16cm </p><p>Opción 2 | 21cm x 17cm </p><p>Especificar cuál a la hora de comprar! </p>	339e71_8634a1f7bafe4f3287c8d71d8dcee6ac~mv2.jpg;339e71_2321b3e4c8ec4400a21df84daa19f71e~mv2.jpg;339e71_53b87c0e3b5842ba8273fdee7e95836c~mv2.jpg	Decoración;Adornos			2900		true	PERCENT	0	1																																							
product_8e1243c6-07de-a6a3-bc39-5b44797e8686	Product	Módulo | Separador 	<p>Módulo | separador </p><p>Medidas: 1m 82cm x 73cm </p>	339e71_876470f9785140e99391b203626a2437~mv2.jpg	Decoración;Cuadros;Mobiliario			20500		true	PERCENT	0	OutOfStock																																							
product_2dedae5f-22e6-e7de-0a04-c72d6f63fd61	Product	Banqueta MAR	<p>Banqueta de hierro y madera </p><p>Medidas: </p><p>Altura 77cm </p><p>Ancho 46cm </p><p>Medidas del asiento: 32 x 41cm </p>	339e71_eb7fa467c97e4dff88948f1740c8c210~mv2.jpg;339e71_5e1a0b8f06104474b0654be4cbb8c6eb~mv2.jpg	Mobiliario;Sillas;Sillones/bancos	TAB0019		7900		true	PERCENT	0	InStock																																							
product_da3f5fe6-55d0-7b0b-e37c-01a968743238	Product	Espejo DAN	<p>Espejo diseñado en madera de pino brasil </p><p>Medidas: 1m 23cm x 67cm</p>	339e71_e71f8c8b9fa440639dde2f72e6ad3261~mv2.jpg;339e71_7b4c197f5af34b4d9758eb97b0c73aee~mv2.jpg;339e71_18593d0603a14595887dcf427ad78d2f~mv2.jpg	Espejos;Mobiliario			9500		true	PERCENT	0	OutOfStock																																							
product_51b8e261-b1e4-41bc-acb5-45799e9a2812	Product	Cuadro HIE 	<p>Cuadros de hierro y madera</p><p>Precio por unidad </p><p>Medidas: 64x64 x </p>	339e71_e596144e4a974882ae597ce55475fd7c~mv2.jpg;339e71_4d034328a1844acdad9c6cc17b84fcac~mv2.jpg	Cuadros;Decoración			9900		true	PERCENT	0	OutOfStock																																							
product_efd530a7-d2cb-e9aa-2734-871ee5a9bca1	Product	Banco JAR	<p>Banco de madera </p><p>Medidas: 1 x 1.88 x 64cm </p>	339e71_815592486cb747cb9128474be4bc88b2~mv2.jpg;339e71_a1b5873f79f64c68b4a61c63bcdf8b58~mv2.jpg	Sillones/bancos;Mobiliario;DESCUENTOS	BAN0089		43900		true	PERCENT	15	1																																							
product_f5ce5083-4a2c-f61e-5776-6845c0c7a9f3	Product	Butaca BLI	"<p>Butaca en madera maciza de olmo color natural, con asiento trenzado en fibras naturales de fácil mantenimiento. Detalles y acabados artesanales a mano.</p><p></p><p>Medidas: </p><p>Respaldo: 53cm x 56cm </p><p>Altura total: 74cm </p><p>Asiento: 59cm x 52cm </p><p>Profundidad: (de las patas de atrás al frente) 80cm </p><p>Ancho total: 70cm</p>"	339e71_40a782cd20264e0f8fa787507a96fbfc~mv2.jpg;339e71_71a402f7d7784571a2765e9153a057f9~mv2.jpg;339e71_fe004e8216a74c2395a86e758d8f01a1~mv2.jpg;339e71_aa739de46b9143c38542d65eef6d4144~mv2.jpg;339e71_43f47bb0c77d41ddae603ee0dbbcab88~mv2.jpg	Sillas;Mobiliario;Sillones/bancos			20100		true	PERCENT	0	OutOfStock																																							
product_4a9eb4c9-d31b-de64-7a7c-b14dc21d6ba9	Product	Alfombra BIA 	<p>Medidas: 79cm x 46cm </p>	339e71_3d42f1b5a26c45a5b091d8fe89eb3bab~mv2.jpg;339e71_960cfa0223a041929b12bfa3e997dbce~mv2.jpg;339e71_0c66fbc709df4765a679ad95bc5fa9d5~mv2.jpg	Decoración;Alfombras			1490		true	PERCENT	0	OutOfStock																																							
product_0540c3fc-9347-a001-bfbe-62e523bb1dd6	Product	Espejo MAR 	<p>Espejo moludra </p><p>Medidas: 1m47 x 73cm </p>	339e71_1c0b6db93a594105af79f999b27f473c~mv2.jpg;339e71_2dced09448534807b39d7fd34951a8cf~mv2.jpg;339e71_d697f1be4626448ab5605c4c9c930c89~mv2.jpg	Espejos;Mobiliario			10900		true	PERCENT	0	OutOfStock																																							
product_7c959ac8-6c81-839a-1e2f-c945a3fdf4ed	Product	Aparador | Cristalero BULL	<p>Aparador | Cristalero BULL</p><p>Medidas: </p><p>Alto: 1m 80cm </p><p>Ancho 1m 22cm </p><p>Profundidad: 35cm</p>	339e71_62d155a727c84dee878786822f5660d0~mv2.jpg;339e71_5712fa2570674b75be49f3a43f229ea7~mv2.jpg;339e71_7563a765cdaf4fe4804c402cb5ca0b82~mv2.jpg;339e71_8d6b7c7abf2949f9a5b9db865919e1ab~mv2.jpg;339e71_aa425ccf6f6e415ca3b23fce10f973fc~mv2.jpg	Mobiliario;Aparadores			54500		true	PERCENT	0	OutOfStock																																							
product_49b0512e-7f7a-9d91-8d0d-feaa5ab7ba98	Product	Borla | sujeta cortina Textura	<p>Largo desde argolla: 28cm </p><p>Largo total: 43cm</p><p>Solo oscuras </p>	339e71_42e75c1ce80b4b43893c8b2aaf7fbccc~mv2.jpg;339e71_80e297eb668440a6ac46bd47ebab4967~mv2.jpg;339e71_819b8c3f4ffd4bfe804ada79a9832330~mv2.jpg	Decoración;Adornos			790		true	PERCENT	0	OutOfStock																																							
product_494ae2c7-4b36-90e4-6baf-4b274fb2e3e6	Product	Cuadro OLÍ 	<p>Cuadro tallado.</p><p></p><p>Medidas: 1.94 x 0.60 mt </p>	339e71_69ad34bd6ece4c86b772031750ff3288~mv2.jpg;339e71_d655bd7d389748809cfce003f5b02f0f~mv2.jpg;339e71_63353f67a7dd4db992f111b01040723c~mv2.jpg	Cuadros;Decoración			16900		true	PERCENT	0	OutOfStock																																							
product_93dfbb73-09ed-0c01-d3c1-5d6441462c60	Product	Banqueta BEER negra 	<p>Banquetas de madera teka y fibras de loom </p><p></p><p>Medidas:</p><p>Alto al asiento: 70cm </p><p>Alto total: 1.05 mt </p><p>Ancho total:  51cm </p><p>Ancho solo del asiento: 40cm</p>	339e71_d4e99a1cc3314751ac7e1b1ca4ff151e~mv2.jpg;339e71_e97e1b2d65e4448aa1dede0b17d9ad30~mv2.jpg	Sillas;Mobiliario			10900		true	PERCENT	0	OutOfStock																																							
product_55e17e39-2073-c0c3-0f6a-b00a17085140	Product	Mesa de arrime / consola BIL 	"<p>Mesa de arrime </p><p>Medidas </p><p>81cm x 1,71cm x 30cm </p>"	339e71_f60de02886e64ee4a2b758bb6976daaf~mv2.jpg;339e71_7d53869e6b7b4720a3290de48b5a131e~mv2.jpg;339e71_e8e73dfefdc04ee0b60ae1cbe1940e1a~mv2.jpg	Mobiliario;Mesas de arrime / recibidores			29900		true	PERCENT	0	1																																							
product_53ef2f8b-7a5b-7e42-f5a5-f763cd98f94d	Product	Mesa RATTAN white III	<p>Mesa grande </p><p>Medidas: </p><p>Altura 51cm | Diámetro 60cm</p>	339e71_cf9864ad0f5746e3b21eecfe4c97b0a6~mv2.jpg;339e71_e2079379bee14521bb22d5e9668e5aaf~mv2.jpg	Decoración;Mesas;Mobiliario			6590		true	PERCENT	0	OutOfStock																																							
product_22b4f241-9972-f20c-9a48-45dd7e157be9	Product	Mesa RATTAN white II	<p>Mesas rattan </p><p>Medidas: Altura 40cm | Diámetro 50cm </p>	339e71_361c7363f2b340d8b4aa13641205d94a~mv2.jpg;339e71_487d3b6a5bc742b7bf0ec26ba0e9689f~mv2.jpg	Mesas;Mobiliario			5890		true	PERCENT	0	OutOfStock																																							
product_70df906f-732b-4517-2efd-723f09ad6c04	Product	Mesa RATTAN white I 	<p>Mesa chica rattan </p><p>Medidas: Altura 29cm | Diámetro 40cm</p>	339e71_1b9a0d4c72ae4a41b69646241f6f01ae~mv2.jpg;339e71_f62d760eaf0c42fdb3c75becb9789b84~mv2.jpg	Mesas;Mobiliario			5390		true	PERCENT	0	OutOfStock																																							
product_a0ecc80f-fffc-0761-a032-a2341088c928	Product	Aparador CAL 	<p>Aparador de madera </p><p>Medidas: </p><p>Altura 74cm </p><p>Ancho 95cm</p><p>Profundidad 40cm </p>	339e71_6959e6730c8141be9f5954a22ed7cd51~mv2.jpg;339e71_b65843ca35294887b6fd70b7fbfe2bc1~mv2.jpg;339e71_06e02d4956e74df89e970f4695509460~mv2.jpg;339e71_eb704e12cf9348d6a4c0cb153de50321~mv2.jpg;339e71_5e56eb2a01f6406ca89467727a92c7c0~mv2.jpg;339e71_075aa9ad05774eb986b29125156693b8~mv2.jpg;339e71_87ef0db9e0494b9c97852f882b25879f~mv2.jpg	Aparadores;Mobiliario			35900		true	PERCENT	0	OutOfStock																																							
product_16935bea-0f53-1dfa-f4d4-a0670be4cc24	Product	Mesa de Luz KEY 	<p>Mesas de luz </p><p>Madera Álamo </p><p>Medidas: Ancho 43cm | Profundidad 37cm | Altura 60cm </p>	339e71_d01bbfe5df6e486aa24c48c42a9bd23e~mv2.jpg;339e71_a74299c0bb6d49c8bf6771d9d6e7dfca~mv2.jpg;339e71_20ade68acaf541709dd8b33443ff0e23~mv2.jpg	Mobiliario;Mesas			6590		true	PERCENT	0	OutOfStock																																							
product_e79732b4-7c53-5264-7142-90eb229894f0	Product	Espejo TIN 	<p></p><p>Medidas: 1.20cm x 68cm</p>	339e71_e87cca831cb24506a31c9d909cf2fce2~mv2.jpg;339e71_bdc4ebb9dbf440c3bb70c34a6b135ef1~mv2.jpg;339e71_e5ee241cc1b541c4858f7949366761da~mv2.jpg	Espejos;Mobiliario			9500		true	PERCENT	0	OutOfStock																																							
product_355a3b9d-d259-b30a-8016-c5609dc89f37	Product	Canastita colgante 	<p>Canastita colgante </p><p>Medidas: </p><p>Altura 19cm | 16cm x 16cm </p>	339e71_aae522a998af40d4b35b3d3a522382e4~mv2.jpg;339e71_6ea3a4e37e3d46c68d236db77d9e40cc~mv2.jpg	Baño;Decoración			750		true	PERCENT	0	1																																							
product_19872dab-a547-aa4a-f820-933d4467900a	Product	Set de baño beige   	<p>Set de baño x3 </p><p>Medidas:</p><p>• Dispensador 15cm x 6cm </p><p>• jabonera 13cm x 9cm x 3cm </p><p>• vaso 13cm x 6cm </p>	339e71_520501b5d33844fbb6c42f98b132211e~mv2.jpg;339e71_7925388e5508421b9b505467c0d1ef6e~mv2.jpg;339e71_24ac43e1b7dc494582194915cc39cf32~mv2.jpg;339e71_0045cd52663d4c84bf9217899e083775~mv2.jpg	Baño			1150		true	PERCENT	0	OutOfStock																																							
product_f527bb3c-4663-f3a0-e6f3-f60e40710b20	Product	Porta Toalla Bath Black 	<p>Porta toalla </p><p>Altura 34cm | 10cm ancho | 19cm largo </p>	339e71_ccd2b8ed25d54a13b980274b68612597~mv2.jpg;339e71_46ec5e9b0c4c4249bd9ce82bac38430a~mv2.jpg;339e71_67d42baa40bd42139ab4b111086397e7~mv2.jpg	Baño	TOA0006		1490		true	PERCENT	0	1																																							
product_c3373746-37b5-576d-603b-3fd7afc2c1b3	Product	Jabonera Bath Black 	<p>Jabonera </p><p>Medidas: </p><p>12cm x 12cm | alto 3cm </p>	339e71_76d58d96ec0642ac8c5e48dc86995dd8~mv2.jpg;339e71_262ffb64ad934331bfbd52346d18d585~mv2.jpg	Baño	JAB0008		360		true	PERCENT	0	3																																							
product_d93a8c0e-50ac-ad00-ad8a-d3fdc0af10ea	Product	Bandeja Bath Black 	"<p>Bandeja </p><p>Medidas </p><p>Largo 31cm | ancho 13,5cm | alto 4cm </p>"	339e71_b1e82a1f00ff4c40b35cadfcb1a1a994~mv2.jpg;339e71_902708ef8c094c1aa512453bf414bbfb~mv2.jpg;339e71_c51176c13adb4b30ab4c88d8084037b7~mv2.jpg	Decoración	BAN0083		780		true	PERCENT	0	3																																							
product_fc1440c6-6772-4b03-86dc-a56584d9a15e	Product	Vaso Bath Black 	<p>Vaso porta cepillos </p><p>Medidas: </p><p>Altura 13cm | ancho 7cm </p><p></p>	339e71_89426a365ab84a96bff1c95f98f91cea~mv2.jpg;339e71_92997e215e334c8eb7b19aaef9fc85af~mv2.jpg	Decoración	POR0073		360		true	PERCENT	0	3																																							
product_345db49c-58f9-0d57-5598-d22aee7727ae	Product	Dispensador Bath Black 	<p>Dispensador de jabón </p><p>Medidas: </p><p>Altura 19cm | ancho 7cm </p>	339e71_c5310bf3a27747dfa3c2d1632b82ea78~mv2.jpg;339e71_419b93ea00d44eb581cd4e2b731b8cb0~mv2.jpg	Baño	DIS0004		490		true	PERCENT	0	3																																							
product_5cf83288-5a30-65be-334f-0000f81eaff4	Product	Bandeja Bath Green 	"<p>Bandeja </p><p>Medidas: </p><p>Largo 31cm | ancho 13,5cm | altura 4cm </p>"	339e71_51e8af665253478894b6fb1f824f311e~mv2.jpg;339e71_cffb718d1c7f424ca33cb08771837f64~mv2.jpg	Baño	BAN0084		780		true	PERCENT	0	2																																							
product_7459d579-9897-e181-9015-5f7fc7fa57a5	Product	Jabonera Bath Green	<p>Jabonera </p><p>Medidas: 12cm x 12cm | altura 3cm</p>	339e71_e4badcc9114b4573929541f79292aa37~mv2.jpg;339e71_17ce9f6299e248a4b6b83d87fd870a6c~mv2.jpg	Baño	JAB0006		360		true	PERCENT	0	2																																							
product_20a1bd28-4df9-69ea-952a-aebbbc07132c	Product	Vaso Bath Green 	<p>Vaso porta cepillo </p><p>Medidas: </p><p>Altura 13cm | ancho 7cm </p>	339e71_d308742585e4404ab2f23d1142b5f56a~mv2.jpg;339e71_6fd4b841e9e34a2182a1551bb2bba0e6~mv2.jpg	Baño	POR0054		360		true	PERCENT	0	2																																							
product_baf477c4-6f4d-114d-8d3a-b08d10edea41	Product	Dispensador Bath Green 	<p>Dispensador de jabón </p><p>Medidas </p><p>Altura 19cm | ancho 7cm </p>	339e71_eb8ebabd25a74f25bfc307a630837d2b~mv2.jpg;339e71_b299c17b2f2949c79bdbfad4b0c8671a~mv2.jpg	Baño			490		true	PERCENT	0	2																																							
product_3a7b40fc-e5a2-f55c-a864-fc6b42624c1a	Product	Jabonera Bath White 	<p>Jabonera blanca </p><p>Medidas: </p><p>12cm x 12cm | 4cm de altura </p>	339e71_d3f6352381704acf84ea400de683a288~mv2.jpg;339e71_b1be2c8397ab42c3a0a4e431d9a12604~mv2.jpg;339e71_1a0416fb49c0436790eda543212a37e6~mv2.jpg	Baño	JAB0007		360		true	PERCENT	0	1																																							
product_82972d42-d30c-b4b0-c2ac-39d9f76cc529	Product	Bandeja Bath White 	"<p>Bandeja </p><p>Medidas: </p><p>Largo 31cm | Ancho 13,5cm | Altura 4cm</p>"	339e71_e89415243dcb49bc94327db91ad8f4fe~mv2.jpg;339e71_cfc1aa0e040e446b9b650658e9931a86~mv2.jpg;339e71_7217b9e5ee064081b93b2bb204129012~mv2.jpg	Baño	BAN0086		780		true	PERCENT	0	1																																							
product_655281e4-d419-e66e-98c6-83e901afe7d7	Product	Escobilla Bath white 	<p>Escobilla </p><p>Medidas </p><p>Altura 39cm | Ancho 9cm </p>	339e71_de0018aa68b148638f3c617eeeabe48e~mv2.jpg;339e71_c91a01f9f51d49a48eaadec1175bd15a~mv2.jpg	Baño			550		true	PERCENT	0	OutOfStock																																							
product_e408ce0e-e7d1-dcc1-bd89-e565d4a72987	Product	Vaso Bath White	<p>Porta cepillo </p><p>Medidas: </p><p>Altura 13cm | Ancho 7cm </p>	339e71_d1a6fff6cd8c478ebf49cecedb3e4988~mv2.jpg;339e71_89747d6d50244ff2932d522f9321bcfa~mv2.jpg	Baño	POR0053		360		true	PERCENT	0	1																																							
product_ae41e51e-621f-1271-89d0-a5ab3d9613d5	Product	Dispensador Bath White 	<p>Dispensador de jabón </p><p>Medidas: </p><p>Altura 19cm | ancho 7cm </p>	339e71_6dbf8a523d6d41248a609a0331a25f05~mv2.jpg;339e71_70f6d02fbbbc4b03ac8bca78efaa939f~mv2.jpg	Baño	DIS0005		490		true	PERCENT	0	1																																							
product_a226840e-eff0-3de7-4252-3d55d43ee74d	Product	Tacho Bath White 	<p>Tacho de basura </p><p>Medidas: </p><p>Altura 25cm | Ancho 17cm </p>	339e71_16825f666c734b54afaaa5be73d0f2e8~mv2.jpg;339e71_13299865c91e42a38c80f2efb1c6d8ff~mv2.jpg;339e71_6f2877f1cf1e4e9291df42618168f977~mv2.jpg;339e71_55a1f8afbdb943e4b754b3bf4669250e~mv2.jpg	Baño			880		true	PERCENT	0	OutOfStock																																							
product_64a6ceff-751f-699c-f98a-cf0885e18481	Product	Pantalla Cerámica    	<p>Pantallas de cerámica </p><p>Medidas: 22 x 24 cm </p><p>*Incluyen parte eléctrica* </p>	339e71_034da3833f61406f89ce1da668ec44a0~mv2.jpg;339e71_e0dfefd232484eb8b9354e086eee6b29~mv2.jpg;339e71_7676c052363140a4863b750fb9fdf7ce~mv2.jpg;339e71_6931c9604ae547b1a04790600ff6ceea~mv2.jpg	Iluminacion;Decoración	LAM0019		3490		true	PERCENT	0	2																																							
product_cd5fa750-2f62-feb1-70c8-db3e16c01d17	Product	Pantalla Kun	<p>Diámetro: 1.20 mt </p>	339e71_eff4e0b972c24b42811ccec51e06dc5a~mv2.jpg	Decoración;Iluminacion			9600		true	PERCENT	0	OutOfStock																																							
product_0591e5c8-a439-53f1-428a-934a942477d8	Product	Pantalla Hojas 	<p>Medidas: 70 cm diámetro </p>	339e71_0a5b6e8a574c4dac9ed8ad5ee1c53413~mv2.jpg;339e71_6a4db0fdf60c4927a03c7f698c33c518~mv2.jpg	Decoración;Iluminacion;DESCUENTOS			6900		true	PERCENT	25	OutOfStock																																							
product_01953468-d6bb-1109-671e-60255f9e36b5	Product	Mesa de luz Vaggi	<p>Medidas: </p><p>Altura: 52 cm | ancho: 50 cm | prof: 38 cm </p>	339e71_090434d750e24a1ba08f177cc2cd472d~mv2.jpg;339e71_7c1f12a518b9424fbc50da992fdae56c~mv2.jpg;339e71_bd06b735d9ae4f33b00de4cb1562c5c6~mv2.jpg;339e71_2d31dc2742944e2eae103719dc5f373f~mv2.jpg	Mesas;Mobiliario;DESCUENTOS			16900		true	PERCENT	30	1																																							
product_3e469c55-14a7-ba7a-325d-3b1136becd9e	Product	Mesa BARU grande 	<p>Mesas con tapa  - también se puede utilizar como bandeja </p><p></p><p>altura: 44cm | diámetro: 60cm | profundidad sin tapa: 8cm </p>	339e71_d46c08a2c410446d96696eedac111a5c~mv2.jpg;339e71_06b5b7b57b6f4ee199b704c1c862303e~mv2.jpg;339e71_46d66866c7c849b99fab3d197e7b1d55~mv2.jpg	Mesas;Mobiliario			4900		true	PERCENT	0	OutOfStock																																							
product_5f8aea0a-64f0-fa44-f5be-db017d4d42f7	Product	Mesa BARU chica 	<p>Mesas con tapa  - también se puede utilizar como bandeja </p><p></p><p>altura: 44cm | diámetro: 40cm | profundidad: sin tapa 8cm  </p>	339e71_ed85f0982ef14d7b955abd0838e81f37~mv2.jpg;339e71_8d9f77948a444a0591c0bbbcd99206ed~mv2.jpg;339e71_c7f76b7f82884b869302f6f3e176515c~mv2.jpg	Mesas;Mobiliario			3500		true	PERCENT	0	OutOfStock																																							
product_35fbc0b1-caeb-7c9f-b297-25790452aeeb	Product	Mesa Lab 	<p>Mesa de madera rústica </p><p>Medidas: </p><p>Altura 46cm | profundidad 80cm | largo 1.80cm </p>	339e71_d26a6b3a85294657a68ef56d954c1e3c~mv2.jpg;339e71_23b89eb931b1461eb79a2513cdeac049~mv2.jpg;339e71_31ae352a248e407e9034ce82c5592e6b~mv2.jpg;339e71_62c4720384b845179c0d7eb4b0eb1545~mv2.jpg	Decoración;Mesas			42300		true	PERCENT	0	OutOfStock																																							
product_3f6c5506-3122-bd29-9558-76d58b9634c8	Product	Carrito Leñero 	<p>Carrito leñero de hierro con mango de madera </p><p>Medidas:</p><p> Altura: 1.22cm | Ancho 39cm | profundidad 48cm </p>	339e71_dbb6c321ee1e4b6a865a9801d6b8a5b7~mv2.jpg	Estufa 			5500		true	PERCENT	0	OutOfStock																																							
product_b6ff1395-0e99-8105-15dc-5f5483cb451b	Product	Almohadón White 	<p>Almohadón crudo clásico </p><p>Medidas: 50cm x 50cm</p><p></p><p>*Incluye relleno*</p>	339e71_bb7bbb836e824e14b3a7d9cdc582e393~mv2.jpg	Decoración;Textiles			1490		true	PERCENT	0	OutOfStock																																							
product_b059992b-96b3-a15c-79ae-d276aeeac924	Product	Almohadón tramado 	<p>Almohadón tramado crudo </p><p>Medidas: 50cm x 50cm</p><p></p><p>*Incluye relleno*</p>	339e71_56b2d561f79d4e989d8bf4e85edfc23d~mv2.jpg;339e71_f52f79cff3834b1d869489dffb6a02da~mv2.jpg	Decoración;Textiles			1350		true	PERCENT	0	OutOfStock																																							
product_b20b8069-8cda-3e72-7b21-43adf8af45d5	Product	Sendero Guía 	<p>Sendero gris gaspeado con vuelo y guías </p><p>Medidas:  35cm x 1.70cm </p>	339e71_f88de423ad9b434a892cbb2a2eba67c4~mv2.jpg;339e71_e2a648296f604ee497e3e406eb954f38~mv2.jpg	Decoración;Textiles			3500		true	PERCENT	0	OutOfStock																																							
product_1cdfba7b-0e4c-8264-e896-7fd24de67e1b	Product	Espejo LUA 	"<p>Espejo de maderas combinadas</p><p>Medidas: 1.20cm x 0,60cm </p>"	339e71_1987b8a9f59045abb78c136ee7d86d0e~mv2.jpg;339e71_76cde62cdbc54a8eacda5a11746fa89a~mv2.jpg	Espejos;Decoración			9500		true	PERCENT	0	OutOfStock																																							
product_9ac9b1b0-94da-8711-6350-42af812a5c01	Product	Espejo LIZ	<p>Espejo rústico bordes de madera </p><p>Medidas: 70 x 60cm </p>	339e71_cd6f516a8697429195d4d5ac49679ea7~mv2.jpg;339e71_6f85798551724cb7a37abb840380d513~mv2.jpg;339e71_311551aeb52843b0837d39d233a2e72a~mv2.jpg	Decoración;Espejos			5100		true	PERCENT	0	OutOfStock																																							
product_9ec049e5-0684-b660-0e23-75459b54f178	Product	Tabla rústica	<p>Tabla rústica </p><p>Medidas: 39cm x 28cm </p>	339e71_266c02c6f29f4ef3922b4fb0cfda2ea2~mv2.jpg;339e71_125ba24c1b4b4939a37470a73348e337~mv2.jpg	Decoración;Cocina;Tablas | Copetineros 			2300		true	PERCENT	0	OutOfStock																																							
product_23405185-51ef-5126-f07f-c7f11589d0fb	Product	Set de Fondue 	<p></p><p>Consta de:</p><p>- Olla de barro (resistente a microondas y lavavajillas)</p><p>- Soporte de hierro y base de madera</p><p>- Mechero de bronce que incluye tapa para apagarlo</p><p>- 6 tenedores de bronce y madera </p><p></p><p>Medidas dela base: </p><p>Diámetro 30cm | Altura 4cm </p><p>Medidas del soporte: </p><p>Altura: 21cm | ancho 30cm </p><p>Medida de la olla: </p><p>Altura 10cm | Diámetro 24cm</p><p>Altura total :27cm</p>	339e71_bbaab09a259b4c808575423935f816fe~mv2.jpg	Decoración;Cocina			6230		true	PERCENT	10	OutOfStock																																							
product_7078a779-7c17-60c7-11c6-86879b68b733	Product	Set Asador | X2	<p>Set asador x 2 </p><p>Medidas: 49cm x 12cm </p>	339e71_99f7268301c247a4a97402bbcfa73103~mv2.jpg;339e71_aae9c4ce6b824a78ac57ff233bb9822a~mv2.jpg	Decoración;Cocina			980		true	PERCENT	0	1																																							
product_9793b635-6a31-4e3d-808b-42bc28494f9e	Product	Porta Botella y copas	<p>Porta botella y copas de hierro </p><p>Medidas: 40Altura | 37 Ancho </p><p></p>	339e71_4132c24c155a44ee883146bd15fdf03c~mv2.jpg;339e71_e54bcbf0c3c14ce0a67d81e99e161bc1~mv2.jpg	Decoración;Adornos;Vasos | copas | tazas ;DESCUENTOS			1790		true	PERCENT	30	OutOfStock																																							
product_03ca8d71-c9ba-f2fb-a0af-17d9bba21a88	Product	Set Asador | X3	<p>Set asador x3 piezas + valija </p><p>Medidas: Largo 39cm </p><p>Ancho 11cm </p><p>Altura: 8cm</p>	339e71_41776767830f4fab87f46f3650dcddee~mv2.jpg;339e71_8b44fd9775c447d7976e4224f273be94~mv2.jpg	Decoración;Cocina	SET0002		1790		true	PERCENT	0	1																																							
product_522c4705-5eff-e5c6-7112-5a0e7b6ac54e	Product	Sendero visón con puntilla 	"<p></p><p>Medidas: 1.36cm x 0,50cm</p>"	339e71_5e800486936d4e5793890dd0deb3066f~mv2.jpg;339e71_dec1a8f27f8e41d386ed08d59ae15125~mv2.jpg	Decoración;Textiles	SEN0023		2200		true	PERCENT	0	1																																							
product_a806f536-982d-f44a-7e63-e33759a502c7	Product	Sendero ocre 	"<p>Sendero ocre con vuelos </p><p>Medidas: 1.82cm x 0,46cm </p>"	339e71_20e3768909194ab5890ad90a7a1abb72~mv2.jpg;339e71_13c7f8a5d09b4660946a46ecbb5e75d0~mv2.jpg	Decoración;Textiles	SEN0028		2200		true	PERCENT	0	1																																							
product_96bc333d-b565-0bb1-7e9e-c004a1f96f65	Product	Centro RUSTY II	<p>Centro de Madera tallado </p><p>Chico </p><p>Medidas: 34cm x 13cm | altura 6cm </p>	339e71_dc920d0041f64d0f8ddce448f19bec0e~mv2.jpg;339e71_f900689774884b2a9c20b9fcc9aab9f8~mv2.jpg	Decoración;Adornos			1950		true	PERCENT	0	OutOfStock																																							
product_cdcc0686-c97c-8572-4fbc-ddbfab7f37df	Product	Centro RUSTY	<p>Centro de madera tallado </p><p>Mediano </p><p>Medidas: 46cm x 15cm | 7cm altura</p>	339e71_cb09cbe0794143f9a28ec2d37e1cc12d~mv2.jpg;339e71_deeed416310f4ed6b06a7064b6def0e8~mv2.jpg	Adornos;Decoración			2900		true	PERCENT	0	OutOfStock																																							
product_63fdb571-e393-e15f-e335-159b0760b6dc	Product	Jarra RUDY II 	<p>Jarra RUDY chica </p><p>Medidas: </p><p>Altura | 13cm </p><p>Diámetro | 9cm </p>	339e71_bb23c5e59b0f4429a7f2b976fc146b17~mv2.jpg;339e71_f13c455211114d73adaa74e2166aaa24~mv2.jpg	Adornos;Decoración			1390		true	PERCENT	0	OutOfStock																																							
product_06e40760-fa05-15ca-dead-bb7c499ac6a2	Product	Jarra RUDY 	<p>Jarra rudy alta </p><p>Medidas </p><p>Altura | 25cm </p><p>Diámetro | 10cm aprox </p>	339e71_0a06499ae8ac44c8a3743ec793b9a0a0~mv2.jpg;339e71_a80806c0e4834b5d9a983f5dc90d9e94~mv2.jpg	Adornos;Decoración			1490		true	PERCENT	0	OutOfStock																																							
product_1e65a632-aac8-7ce9-ff49-4d9094b4a2ae	Product	Jarra ERIS ||	<p>Jarra ERIS mediana </p><p>Medidas </p><p>Altura | 23cm </p><p>Diámetro | 13cm </p>	339e71_95507d362fa24499a08c29d83115f778~mv2.jpg	Adornos;Decoración			1490		true	PERCENT	0	OutOfStock																																							
product_899d6567-9cf8-6a8f-4cac-69844ee6cedb	Product	Jarra ERIS 	<p>Jarra ERIS Alta </p><p>Medidas: </p><p>Altura | 28cm </p><p>Diámetro | 16cm </p>	339e71_d79481a712f84d7da32230dd36b4c866~mv2.jpg;339e71_4f93da2ea9194127ade30d1bbbe71b40~mv2.jpg	Adornos;Decoración			1690		true	PERCENT	0	OutOfStock																																							
product_cdc6c144-e898-80ae-7913-37e87202dde0	Product	Tazas Green 	<p>Tazas green </p><p>Medidas: </p><p>8cm de diámetro x 9cm de altura</p><p></p><p>Especificar diseño  </p>	339e71_cf4702f27ae94af8abcb38db2fd9157e~mv2.jpg;339e71_92f00d1022244dd6ae9279a501746bdb~mv2.jpg;339e71_0eba9e24d67a4199b9b90889e174e50d~mv2.jpg	Cocina;Vasos | copas | tazas 			190		true	PERCENT	0	OutOfStock																																							
product_79e741a0-c093-74bb-1f46-4aecf5c0450d	Product	Tazas de café con plato 	<p>Tazas de café con plato </p><p>Set x 6 </p><p>Medidas del plato:  11cm x 10cm </p><p>Tazas: altura 6cm | ancho 8cm</p>	339e71_214f4ec09d6a4598a796c6b7b90e1da8~mv2.jpg;339e71_9e0c2c4231b9496781271c594be6baa1~mv2.jpg	Cocina;Vasos | copas | tazas 	TAZ0010		1290		true	PERCENT	0	1																																							
product_e5a1aa37-8707-8266-a97e-a804055f5c40	Product	Candelabro TIMBO II 	<p>Candelabro en vidrio mediano </p><p>Medidas: 23cm x 17cm</p>	339e71_68cc1b90e8034b408515c6983c7cbc2a~mv2.jpg;339e71_84b7fda1b65248808f24d421db97b20b~mv2.jpg	Adornos;Decoración;Candelabros / Fanales			1990		true	PERCENT	0	OutOfStock																																							
product_cb4a609a-0817-361d-1802-14dfdeceede7	Product	Candelabro TIMBO 	<p>Candelabro en vidrio grande. </p><p>Medidas: 28cm x 17cm</p>	339e71_9df66cddb0d34c6f80b2d72048b6ae8c~mv2.jpg;339e71_9beaf5399229446095318900b86c5541~mv2.jpg	Candelabros / Fanales;Decoración;Adornos			2390		true	PERCENT	0	OutOfStock																																							
product_7cfbd002-0572-44c2-20e6-f20a712257b4	Product	Jarrón CUENCO MALI II 	<p>Jarrón de madera marrón </p><p>Mediano </p><p>Medidas: Altura: 25cm | Diámetro: 17cm</p>	339e71_e90cb61a7c2f4b6ba047d8b204f11f9a~mv2.jpg	Adornos;Decoración	CUE0004		2790		true	PERCENT	0	1																																							
product_2a8dbe37-c5ca-966b-6b29-69d6967562c8	Product	Jarrón CUENCO MALI I	<p>Jarrón de madera marrón </p><p>Grande</p><p>Medidas: Altura 30cm | Diámetro 17cm</p>	339e71_60658250371c4b78b341e11839dc2068~mv2.jpg	Decoración;Adornos	CUE0003		3390		true	PERCENT	0	1																																							
product_ab522132-3b37-b512-dba3-fa2fb29143d5	Product	Dips TERRAZOS 	<p>Dips de cerámica </p><p>$290 c/u.</p><p>Detallar cuál si es individual </p><p>Medidas: 10cm Diámetro | 3cm Altura</p>	339e71_033de921da204cab8b597fda4f1d2bb4~mv2.jpg;339e71_a228a0f170634f8ca6605724b30dc200~mv2.jpg	Cocina;Tablas | Copetineros 	DIP0001		290		true	PERCENT	0	OutOfStock																																							
product_a05c478f-de67-bac4-882a-eeeb7138dd6c	Product	Bandeja WINDSOR II 	<p>Bandeja cuadrada de cerámica labrada.</p><p>Medidas : 16cm x 16cm</p>	339e71_323b340761de4898853a949cc52460a4~mv2.jpg;339e71_448eaf19d18d483f9bd545bf09e45e8b~mv2.jpg	Bandejas;Decoración;Cocina			690		true	PERCENT	0	OutOfStock																																							
product_e3b516ad-d3da-71eb-378d-d10cde8cba39	Product	Bandeja WINDSOR 	<p>Bandeja rectangular cerámica labrada. </p><p>Medidas: 14cm x 25cm</p>	339e71_71198bf188c54b46a8aae133e7a4f108~mv2.jpg	Bandejas;Cocina;Decoración	BAN0078		990		true	PERCENT	0	1																																							
product_c79102df-b21d-88e1-3965-3a25450bef21	Product	Bowl HOJA II	<p>Bowl | bandeja de cerámica</p><p>Medidas: </p><p>Largo: 20cm </p><p>Diámetro: 14cm </p><p>Altura: 7cm</p>	339e71_e3c03f2b3542459392069d8c34ec5985~mv2.jpg;339e71_320ceb2e84f649769732e9359bfd5b85~mv2.jpg	Decoración;Cocina;Bandejas			890		true	PERCENT	0	OutOfStock																																							
product_ea83bb0c-b1c4-4748-c591-d30a86c3a61e	Product	Bowl HOJA 	<p>Bowl | bandeja de cerámica hoja CHICO </p><p>Medidas: </p><p>Largo: 13cm </p><p>Ancho:  9 cm </p><p>Altura: 3 cm</p>	339e71_7e2144c8c55d44d28dddcba6ee3ef6ae~mv2.jpg;339e71_81172a19b35f4513a1d7b5baed1afecb~mv2.jpg	Cocina;Decoración;Bandejas			450		true	PERCENT	0	OutOfStock																																							
product_9c8c7ec8-8f93-4f55-e422-ec280e68a810	Product	Bandeja HOJA 	<p>Bandeja blanca de cerámica hoja </p><p>Medidas: 34cm x 23cm</p>	339e71_865703916762464d96a056f7cecc7d4c~mv2.jpg	Decoración;Cocina;Bandejas			1590		true	PERCENT	0	OutOfStock																																							
product_937589f0-bac6-1f8d-a696-5ec28bdff927	Product	Mesa Teka  	<p>Mesa en madera teka </p><p>Medidas: </p><p>1.80 x 0.59 cm | 38 cm altura </p>	339e71_680fb385e5d64f09a60b798f86968fa5~mv2.jpg;339e71_a5a21914a9d64933b206aff282c8aebd~mv2.jpg;339e71_af029378af384cd5a2934aad9a721387~mv2.jpg	Mobiliario;Mesas			14900		true	PERCENT	0	OutOfStock																																							
product_1911e8b5-4c82-c8f1-d51c-75e93d43c263	Product	Vela uva grande 	<p>Vela grande </p><p>Medidas | Altura 17cm | Ancho 16cm | Profundidad 11cm </p>	339e71_ddb8d16676b0455ca51abe973d52a6bd~mv2.jpg;339e71_455b331ead2b46a6b5dc3507addc3f6f~mv2.jpg;339e71_6aa6b59f142e45b0b3e9143781e43096~mv2.jpg	Decoración;Velas			1990		true	PERCENT	0	OutOfStock																																							
product_9fef827b-8ab8-e205-2c55-915de69ff6e6	Product	Vela uva mediana 	<p>Vela mediana </p><p>Medidas | Altura 12cm | Ancho 14cm | Profundidad 9cm</p>	339e71_86de2e914c0945d9919042f548792a69~mv2.jpg;339e71_44633e8442784d04b2a324ad370861bd~mv2.jpg	Decoración;Velas			1490		true	PERCENT	0	OutOfStock																																							
product_1f42e438-afa3-daa8-8c6b-c2c15cdd7123	Product	Vela uva chica 	"<p>Vela chica </p><p>Medidas | Altura 9cm | ancho 10,5cm | profundidad 7cm</p>"	339e71_ff68394d8f1a40fda74a417b9a656d57~mv2.jpg;339e71_3b5a4909e6104578a263aa8c56666c4a~mv2.jpg;339e71_ba3bd04d815c4dd689a0eb39d16d9260~mv2.jpg	Decoración;Velas			1290		true	PERCENT	0	OutOfStock																																							
product_b6da8268-d3f0-a524-5160-956745f3c031	Product	Cenicero GREY 	<p>Cenicero de cerámica pequeño </p><p>Medidas | Altura 6cm | Diámetro 10cm </p>	339e71_a9973049086e4703b3d7caf9ca997f59~mv2.jpg;339e71_b90f1def5bff4bb9ac9062c948321f75~mv2.jpg;339e71_cbc24b444a9240d5aef63f8774ea5a98~mv2.jpg	Decoración			690		true	PERCENT	0	OutOfStock																																							
product_8df276e8-5313-eee2-da63-307126a2f202	Product	Cenicero BLANC 	<p>Cenicero de cerámica mediano </p><p>Medidas | Altura 8cm | Diámetro 13cm </p>	339e71_d14473b0166c4b73bc2ecba6b388d3f6~mv2.jpg	Decoración;Adornos			1290		true	PERCENT	0	OutOfStock																																							
product_690ba273-31d7-6420-4145-b078cfc4c603	Product	Cenicero AQUA	<p>Cenicero de cerámica </p><p>Medidas | Altura 9cm | diámetro 15cm </p><p></p>	339e71_d7a665dadef2433a8eb9398594e04ecf~mv2.jpg;339e71_5cbcdd77bae349febfba458088147b16~mv2.jpg;339e71_0bebb71a06d94ed69ecf5f83524eda47~mv2.jpg	Decoración			1590		true	PERCENT	0	OutOfStock																																							
product_54d00e70-3a96-20a6-0ca4-3249a150e64c	Product	Porta utensilios AQUA	<p>Porta utensilios de cerámica </p><p>Medidas | 16cm x 13cm </p>	339e71_2ae019668e224a9985f64764776c05c4~mv2.jpg;339e71_9af8d0a2cf1548838e631f8bf387c13e~mv2.jpg		POR0055		1100		true	PERCENT	0	1																																							
product_9c899d76-7782-5530-4017-005f738e1069	Product	Porta utensilios BLANC 	<p>Porta utensilios de cerámica </p><p>Medidas | 16cm x 13cm </p>	339e71_e4572ec82e9b464ab362284e878e5c09~mv2.jpg;339e71_cb8845728de942b1af1c6fd1f80e2b8f~mv2.jpg	Decoración;Cocina			1100		true	PERCENT	0	OutOfStock																																							
product_bfdbb1c2-cfb3-0655-7828-43c01c032c91	Product	Jarra lechera BLANC 	<p>Jarra pequeña de cerámica </p><p>Medidas:</p><p>altura 9cm </p><p>Ancho 12cm</p><p>Diámetro 7cm </p>	339e71_3b682d6bd43a4c779a3fc8c3f952af93~mv2.jpg	Decoración;Cocina			690		true	PERCENT	0	OutOfStock																																							
product_fa3b6021-45a8-10d7-e7af-147ffc2114a9	Product	Jarra lechera AQUA 	<p>Jarra pequeña de cerámica </p><p>Medidas: </p><p>Altura 9cm</p><p>Ancho 12cm </p><p>Diámetro 7cm</p>	339e71_ea96b4c600ec4ac9b15d810da43598d4~mv2.jpg	Decoración;Cocina	JAR0044		690		true	PERCENT	0	1																																							
product_ede5f987-eb26-b220-dfb7-32ae37957434	Product	Jarra AQUA 	<p>Jarra verde de cerámica </p><p>Medidas: </p><p>Altura: 22cm </p><p>Ancho: 20cm </p><p>Diámetro: 11cm</p>	339e71_be7deeb090ce477db67284cb11517156~mv2.jpg	Decoración;Cocina			2090		true	PERCENT	0	OutOfStock																																							
product_4c809cc4-7ee2-d444-0878-f6c78a41dff7	Product	Jarra BLANC 	<p>Jarra de cerámica </p><p>Medidas: </p><p>Altura: 22cm </p><p>Ancho: 20cm </p><p>Diámetro: 11cm</p>	339e71_a362d3bed57d4c5ba01509befa22f0be~mv2.jpg	Cocina;Decoración			2090		true	PERCENT	0	OutOfStock																																							
product_63347a2c-9771-8508-5d40-334016db2f81	Product	Almohadón RAY	<p>Medidas: 45 x 45 cm</p><p>*Incluye relleno* </p>	339e71_147b1374e2ed4085b0385e1890cee938~mv2.jpg	Decoración;Textiles			1190		true	PERCENT	0	OutOfStock																																							
product_c4218c54-49eb-d3db-0b8b-1abca4575d13	Product	Canasto FLECOS  grande 	<p>Canasto alto </p><p>Medidas</p><p>Altura 49cm | Diámetro 40cm</p>	339e71_95fa90fc2ae343d9b24820583399b145~mv2.jpg;339e71_a44c2eb314334daba0fea5dc1d83c93b~mv2.jpg	Decoración;Canastos;Adornos	CAN0072		3490		true	PERCENT	0	1																																							
product_b5a4ed6e-5dea-ad6f-d4f2-39737cb55df1	Product	Canasto  FLECOS chico  	<p>Canasto mediano flecos </p><p>Medidas </p><p>Altura 38cm | Diámetro 36cm </p>	339e71_fce84f4e62e24caa83d69e68ac92eb24~mv2.jpg;339e71_048c25e619834441a88439e93e8dd02c~mv2.jpg	Decoración;Canastos;Adornos	CAN0073		2890		true	PERCENT	0	1																																							
product_49e301d8-fe91-1ac8-0c4a-ca7eaa73d8d2	Product	Tetera CRISTAL 	<p>Tetera con filtro de vidrio 1L </p><p>Medidas | 21 x 11 x 13cm </p>	339e71_895017ec4eff4c7489b1937908457b4c~mv2.jpg;339e71_e4489c0e54ae482cbc2d64cb7402d1bc~mv2.jpg	Decoración;Cocina			1190		true	PERCENT	0	OutOfStock																																							
product_dddbb0be-5ad5-6eaf-b0a9-db4c5b64fc32	Product	Tabla de madera + cuchillo de queso 	"<p>Set de 2 piezas, tabla de madera + cuchillo de queso </p><p>Medidas: 39 x 19 x 50cm </p>"	339e71_44bc08d7cb49432281da8b959ed3cf11~mv2.jpg;339e71_62f984ac81094b61be0e095c9c5a3215~mv2.jpg	Decoración;Cocina;Tablas | Copetineros 			1190		true	PERCENT	0	OutOfStock																																							
product_ce274ad7-a21d-3f06-1610-6b9aaa028f4f	Product	Tabla de madera + cuchillo de pan 	"<p>Set de dos piezas, cuchillo de pan + tabla de madera </p><p>Medidas: 50cm x 13cm </p>"	339e71_59741d33736440698dc5c33e07aa27d9~mv2.jpg;339e71_558ef637098b4685a0b3642a9936beb0~mv2.jpg	Decoración;Cocina;Tablas | Copetineros 	TAB0025		1290		true	PERCENT	0	2																																							
product_21137221-7549-a237-89cc-1090cb93a403	Product	Tabla de Madera + cortador de pizza 	"<p>Set de dos piezas, tabla de madera + cortador de pizza </p><p>31cm de diámetro | largo con mango: 40cm </p>"	339e71_8b19ff2ee31c48eeae0ef8cd0fea4d63~mv2.jpg;339e71_9e6a3694307347e6a50cd38baae4c0c9~mv2.jpg	Decoración;Cocina;Tablas | Copetineros 	TAB0026		1390		true	PERCENT	0	OutOfStock																																							
product_7b3515bf-06a2-fe86-a136-3bd70da460e1	Product	Mini Sartén IV	<p>Mini sartén de hierro y bambú </p><p>Medidas 23x13cm </p><p>Medida de la base: 16x16cm </p>	339e71_20fde7c0a6ab4adc88e9f74270524e76~mv2.jpg;339e71_e6ef525654af42599c851bfef29b75ff~mv2.jpg	Decoración;Cocina			750		true	PERCENT	0	OutOfStock																																							
product_14044abc-a938-e707-4437-46e6b8c27e07	Product	Mini Sartén III	<p>Mini sartén rectangular de Hierro y Bambú</p><p>Medidas: </p><p>Largo: 22cm | Ancho 10cm </p><p>Base: 16cm x 9cm </p>	339e71_3228269d690e42dea339bf70f9512b34~mv2.jpg	Cocina			890		true	PERCENT	0	OutOfStock																																							
product_f8f19568-fbb1-9a0c-8dda-cbe24c7d9fa4	Product	Mini Sartén II	<p>Mini sartén redondo Hierro y Bambú</p><p>Diámetro 13cm</p><p>Largo 23cm </p><p>Medida de la base:  14x14cm </p>	339e71_b01db1ff41044ecb8ef46c8a553b0b93~mv2.jpg	Cocina	SAR0007		690		true	PERCENT	0	1																																							
product_96270872-0771-8dda-7e46-0506faa33592	Product	Mini Sartén I	<p>Mini sartén redondo de Hierro y Bambú</p><p>Medidas: 20cm </p>	339e71_39e422fe2549467890e8f9bf33a127dc~mv2.jpg;339e71_a7c104f76de341409d236347799df603~mv2.jpg	Cocina	SAR0005		1190		true	PERCENT	0	OutOfStock																																							
product_bbc0f966-87a7-c45a-c170-b68ce58017a0	Product	Manta BLACK 	<p>Medidas: 1m80 x 87cm </p><p></p>	339e71_5c99596b6a94436a843add5d27948dca~mv2.jpg	Decoración;Textiles	MAN0032		2390		true	PERCENT	0	2																																							
product_aaca05b0-7a39-cd54-f9ea-40066c65d5b8	Product	Cucharas MARGARITA 	<p>Cucharas doradas y plateadas </p><p>Set x 6 </p><p>Especificar color! </p>	339e71_7b5c3c67e1e145d9b4019faef9fff35d~mv2.jpg;339e71_0ce51c00304d4338a6da9ee677e3645f~mv2.jpg	Cocina;Decoración	CUC0017		990		true	PERCENT	0	InStock																																							
product_7c8df717-e2f3-5932-c5fa-6bd5ff43bb03	Product	Bancos rectangulares petit 	<p>Bancos de madera</p><p>Medidas: Altura  25cm | Ancho 28cm | profundidad 19cm </p>	339e71_880d477644a44fc1985052283e21f7b9~mv2.jpg;339e71_45225c2284f44ea893ee5233529d85b0~mv2.jpg	Decoración;Sillones/bancos	BAN0102		2890		true	PERCENT	0	2																																							
product_2574f4cd-451f-faeb-f4b2-3894bc3509c4	Product	Copas labradas LAB 	<p>Copas labradas </p><p>Set x 6 </p><p>Medidas: 17cm x 8cm </p>	339e71_6d57bb41580c4392873df9a8fd63cd31~mv2.jpg	Cocina;Vasos | copas | tazas 	COP0036		1490		true	PERCENT	0	OutOfStock																																							
product_ca7d300d-1d1d-5121-c858-1eee2046c843	Product	Copas labradas TRÍA 	<p>Copas labradas</p><p>Set x 6 </p><p>Medidas: 17cm x 8cm </p>	339e71_4081002d576646d0b659a017e2087fb8~mv2.jpg	Cocina;Vasos | copas | tazas 			1590		true	PERCENT	0	OutOfStock																																							
product_d628f1fe-cc1a-2f8b-1191-32805a1eabda	Product	Tazas PASTELES 	<p>Tazas en cerámica</p><p>*solo color amarillo” </p><p>Medidas: 10cm Alto | 12cm Diámetro</p>	339e71_f48bf54e01754f5398367e4ff1fba51c~mv2.jpg	Cocina;Vasos | copas | tazas ;DESCUENTOS			250		true	PERCENT	50	OutOfStock																																							
product_32ec4d5b-6a3c-11da-922b-71e71a92acdb	Product	Canasto doble 	<p>Canasto doble </p><p>Medidas: </p><p>Altura | 15cm </p><p>Ancho | 31cm </p><p>Profundidad | 24cm </p>	339e71_e2930a1c8e0948229f831189eb29fcde~mv2.jpg;339e71_5f4ec70c197d4d468b7a78be237456c6~mv2.jpg	Decoración;Adornos;Canastos	CAN0064		2100		true	PERCENT	0	1																																							
product_1b3c4ba6-62f0-4e3f-6979-d00a1f308d15	Product	Tabla de Mármol 	"<p>Tabla redonda de mármol blanco </p><p>Medidas: </p><p>Largo: 38cm </p><p>Diámetro: 26,5cm </p>"	339e71_b86ae9f3fb0c4477b6fb3fec558616a5~mv2.jpg;339e71_595985eb1080496f8df9443f425e9ce2~mv2.jpg	Cocina;Decoración;Tablas | Copetineros 	TAB0013		1390		true	PERCENT	0	1																																							
product_3065b0a9-b05d-b7ca-d6f9-9d60903396ec	Product	Copetineros mármol 	<p>Tabla Copetinera </p><p>De mármol </p><p>Medidas: </p><p>Altura | 7cm </p><p>Largo | 36cm </p><p>Profundidad |  10cm</p>	339e71_9ebd0eec26204192b85198b0f82870a9~mv2.jpg;339e71_cb39ba757ee64f44a0665ea77dae4727~mv2.jpg	Cocina;Decoración;Tablas | Copetineros 			1690		true	PERCENT	0	OutOfStock																																							
product_c7721f13-3a9f-cd8b-dd30-84bedc100247	Product	Set cubiertos bamboo	<p>Set de cubiertos </p><p>Medidas: </p><p>Largo | 33cm </p><p>Ancho | 8cm</p>	339e71_42b3259e525040e3a26a02f47df9f0c2~mv2.jpg	Decoración;Cocina	CUB0008		690		true	PERCENT	0	1																																							
product_ffa71148-9a50-8e1f-59b1-97a07133b78a	Product	Tabla cúpula 	<p>Tabla de mármol con madera </p><p>Medidas: 38cm x 15cm </p>	339e71_83873de166344e0aae7051d3cdfa4148~mv2.jpg;339e71_5af0055c69c542c29fb8f8e2eb1f2a1e~mv2.jpg	Decoración;Cocina;Tablas | Copetineros 			1290		true	PERCENT	0	OutOfStock																																							
product_8c75b2ad-f420-2614-41e9-ebd6326a2bab	Product	Juego de estufa x3 HIE 	<p>Juego de estufa x3 </p><p>Medidas: </p><p>Altura | 84cm </p><p>Diámetro | 23 x 23 cm </p>	339e71_3e918725afe84fb999c84e916d255d7c~mv2.jpg	Estufa ;Decoración			2890		true	PERCENT	0	OutOfStock																																							
product_cd3edf29-8aad-6e89-41c7-6079687f7b44	Product	Juego de Estufa x4 MAD 	<p>Juego de estufa x4 </p><p>Medidas: </p><p>Altura | 86cm </p><p>Diámetro de la base | 24cm x 14cm </p>	339e71_a671230cb92e4e1ba6bb4df41d6f023c~mv2.jpg	Estufa ;Decoración			6490		true	PERCENT	0	OutOfStock																																							
product_8472b956-ad79-726a-dad7-835b5aac9006	Product	Juego de estufa x3 MAD 	<p>Juego de estufa x3 </p><p>Medidas: </p><p>Altura | 84cm </p><p>Diámetro de la base | 20 x 20cm </p>	339e71_54199d54fe884f63be1d4354fe09257f~mv2.jpg	Decoración;Estufa 			4190		true	PERCENT	0	OutOfStock																																							
product_98481327-b0c3-3450-73f7-c2a10842a90f	Product	Virgen gris 	<p>Virgen Gris </p><p>Medidas: </p><p>Altura: 40cm </p><p>Ancho: 19cm </p>	339e71_5ba9661f40794837a3073cb64bddc8fb~mv2.jpg;339e71_7175d48d70c04f7a89844b3c827eca3d~mv2.jpg	Religiosos			4690		true	PERCENT	0	OutOfStock																																							
product_d965a131-4895-bf76-fcdc-4dd8c7677c6d	Product	Angelito en cuadro 	<p>Cuadro con ángel </p><p>Medidas: 24cm x 22cm </p>	339e71_81f8fb9f3f644463806aa0f3ec9dc248~mv2.jpg	Religiosos			1590		true	PERCENT	0	OutOfStock																																							
product_defd29d2-a22a-5176-d548-416dbc70f48b	Product	Sagrada Familia con pie 	<p>Sagrada familia con estaño </p><p>Medidas: </p><p>Altura 21cm </p><p>Ancho: 17cm </p>	339e71_2d99543e408d4a8fb88a226113bbab0c~mv2.jpg	Religiosos	SAG0005		3350		true	PERCENT	0	1																																							
product_6ea57c4a-b4ab-0c46-aafd-57955c9db3ff	Product	Crucifijo con imágenes 	<p>Crucifico en cerámica y estaño. </p><p>Medidas:</p><p>Altura: 23cm </p><p>Diámetro: 18cm</p>	339e71_782c38eec0d84bf1b916b463bfd4583b~mv2.jpg	Religiosos	CRU0022		2890		true	PERCENT	0	1																																							
product_4638c9bb-1593-0c09-b19d-cb54803b7a71	Product	Cruz Sagrado Corazón 	<p>Cruz sagrado corazón c/estaño </p><p>Medidas: </p><p>Altura: 12cm </p><p>Ancho: 9cm </p>	339e71_1ebb1e4c79f049f6ab9825af4d4b8911~mv2.jpg	Religiosos			1390		true	PERCENT	0	OutOfStock																																							
product_d6459fb6-6658-243c-2735-677c013d2272	Product	Virgen Madre	<p>Virgen madre en cerámica  </p><p>Medidas: </p><p>Altura 30cm </p><p>Diámetro 16cm</p>	339e71_d551214c45ad4706897cb358e6686cac~mv2.jpg	Religiosos	VIR0027		4100		true	PERCENT	0	1																																							
product_0d081111-5e2f-69f2-907e-c0758e0a9abc	Product	Virgen Maria con niño 	<p>Virgen Medio punto Maria c/niño ovalada  </p><p>Medidas: </p><p>Alto: 20cm</p><p>Diámetro: 16cm</p>	339e71_6c45013303824ce2af93530cf862c242~mv2.jpg	Religiosos			2750		true	PERCENT	0	OutOfStock																																							
product_3b6be1da-4758-9e96-b4c7-5568e2b974b6	Product	Plato NÁCAR verde 	<p>Plato decorativo con nácar </p><p>Diámetro: 33 cm </p>	339e71_6f42346f06904e6cbaad3654575a1be3~mv2.jpg	Adornos;Decoración	PLA0008		1100		true	PERCENT	0	1																																							
product_d0a5fb1d-1352-5716-0a53-5e8dd62dea99	Product	Plato NÁCAR gris 	<p>Platos decorativos con nácar. </p><p>Diámetro: 33 cm </p><p></p><p></p>	339e71_1c7e74c15aa74ddca60a8aef52b68186~mv2.jpg	Decoración;Adornos			1100		true	PERCENT	0	OutOfStock																																							
product_33c1fb09-8742-fe96-3982-79b064de4179	Product	Lámpara Boho 	<p>Lámpara de Pie </p><p>Pantalla de fibras naturales </p><p>Medidas: </p><p>Altura  | 1M 43cm </p><p>Ancho | 40cm </p>	339e71_6ef49bc6c4554841bbe848d5369d5da0~mv2.jpg	Adornos;Iluminacion;Decoración	LAM0045		11900		true	PERCENT	0	1																																							
product_35fb3bef-4d7c-8c9d-0a39-8c3433205c32	Product	Lámpara Cocoon 	<p>Lámpara de Pie </p><p>Con pantalla de fibras naturales </p><p>Medidas: </p><p>Altura  | 1M 35cm </p><p>Ancho | 40cm </p>	339e71_3675884f712846c48bc2a27f81acb2f4~mv2.jpg	Adornos;Decoración;Iluminacion	LAM0044		11900		true	PERCENT	0	1																																							
product_2339c975-8491-1b8b-1ef1-f6ca8f08e16b	Product	Virgen Milagrosa 	<p>Virgen Milagrosa </p><p>Virgen de cemento con corona en hierro forjado</p><p>Medidas: Altura 70cm | Ancho: 26cm</p>	339e71_8fe53afee0e84babaf797da941dff277~mv2.jpg;339e71_680a79d13ec542e3925d2ecb83c4ed10~mv2.jpg	Religiosos	VIR0012		9900		true	PERCENT	0	1																																							
product_b053f796-cd08-0523-8d4c-d73a0f55de52	Product	Fanal RATTAN chico 	<p>Fanal chico </p><p>Medida: 38cm altura x 22cm diámetro </p>	339e71_f1b3de3fd9a44b8e82307220dd868ef4~mv2.jpg	Adornos;Candelabros / Fanales;Decoración			2200		true	PERCENT	0	OutOfStock																																							
product_5a25c50c-2ec5-d55d-3648-c11ec4212941	Product	Fanal RATTAN grande 	<p>Fanal Grande </p><p>Medidas: 51cm altura  x 32cm diámetro </p>	339e71_f1b3de3fd9a44b8e82307220dd868ef4~mv2.jpg	Adornos;Candelabros / Fanales;Decoración	FAN0048		2980		true	PERCENT	0	1																																							
product_cf3e7709-63a3-507f-b513-154864fccfc2	Product	Lámpara RUSTIC 	<p>Lampara Rustic </p><p>Base de madera </p><p>Medidas: 78cm x 42cm </p>	339e71_540871b8c8e1466a80a5b1c90af6bf75~mv2.jpg	Decoración;Iluminacion			2690		true	PERCENT	0	OutOfStock																																							
product_d53a1fc3-0e31-8f80-140c-550afd285f8b	Product	Sendero rústico 	<p>Sendero rústico de yute </p><p>Medidas: </p><p>Ancho 46cm </p><p>Largo 1m 50cm </p>	339e71_ce9b31c94cd04b6d9ebd155da8a257a6~mv2.jpg;339e71_da2d120ac87840c8ac27e8911a4b88d1~mv2.jpg	Decoración;Textiles			1390		true	PERCENT	0	OutOfStock																																							
product_10a33eb6-3bf9-7e71-d355-487ff3668d32	Product	Chispero clásico 	"<p>Chispero clásico con manija de hierro </p><p>Altura:  61,5cm</p><p>Ancho: 87cm </p>"	339e71_246132bdb0464f2a85152594111d1709~mv2.jpg;339e71_e803983a702444c9b2b77e56a88e3321~mv2.jpg;339e71_c8d09e66aba442ee9f96aa4f26558888~mv2.jpg	Decoración;Estufa 			3200		true	PERCENT	0	OutOfStock																																							
product_d1b13af8-95f4-45ef-1779-a4e69a1ada85	Product	Chispero chapa calada 	"<p>Chispero chapa calada </p><p>Medidas: </p><p>Altura:56,5cm </p><p>Ancho: 86cm </p>"	339e71_0b62af60fd674961a902e713ec980c1e~mv2.jpg;339e71_8315089dd920454eb8f9110b76eb511d~mv2.jpg	Decoración;Estufa ;DESCUENTOS			4690		true	PERCENT	20	1																																							
product_deb51cc8-e6b9-62c2-24cb-af313e455fa7	Product	Chispero mango madera 	<p>Chispero con mango de madera </p><p>Medidas: </p><p>Altura: 64cm </p><p>Ancho : 87cm </p>	339e71_c6eb54136201441d87d16ae8d3435698~mv2.jpg;339e71_d5168f1a55354086aa168265bddc121e~mv2.jpg	Decoración;Estufa 			3980		true	PERCENT	0	OutOfStock																																							
product_e4fd4508-9692-671f-18f7-73c0f526d1c9	Product	Jabonera 	<p>Jabonera Bañera de Peltrina </p><p>Medidas: altura: 7cm </p><p>Ancho: 9cm </p><p>Largo: 14cm </p><p></p>	339e71_13391ecefea34fbfbc0c87c5c1bf25e2~mv2.jpg;339e71_9ed6919392ec4aacb6102c1ba7f741a9~mv2.jpg	Decoración;Adornos			950		true	PERCENT	0	OutOfStock																																							
product_f4e0eb51-99ff-c99c-3815-54db05fe71ad	Product	Salsera peltrina 	<p>Salsera de peltrina </p><p>Juego de tres piezas</p><p>Medidas: altura 5cm </p><p>Diámetro: 14cm base del plato </p><p></p>	339e71_745f015110d343a59c0825b7dc59ba55~mv2.jpg;339e71_a86b6d149d744207820795937b66ea0a~mv2.jpg	Cocina;Decoración			1390		true	PERCENT	0	0																																							
product_93dc89f9-72ba-5228-b3a1-8ae68fcd6776	Product	Candelabros bajos 	<p>Candelabros peltrina bajos </p><p>Medidas: 15cm de largo (incluyendo la vela) </p><p>Diámetro: 8cm </p>	339e71_5806dd41ec234962abb7152399b83717~mv2.jpg	Candelabros / Fanales;Decoración			1000		true	PERCENT	0	OutOfStock																																							
product_7cb0db2d-cb5c-0e97-761b-94ad100e6560	Product	Candelabros doble 	<p>Candelabros de Peltrina dobles </p><p>*solo uno en stock* </p><p></p><p>Medidas:</p><p>Altura:  (incluye vela) 20cm </p><p>Diámetro: 8cm</p>	339e71_52c6521671aa40c187c1d44efa7a0cd2~mv2.jpg	Candelabros / Fanales;Decoración			1100		true	PERCENT	0	OutOfStock																																							
product_9a33e401-3df3-4ce7-a4c5-008029a721ef	Product	Butaca Amy plegable 	<p>Butaca en madera teka y fibra de loom plegable.</p><p></p><p>Medidas:                                                                             Respaldo ( solo fibra):  64 x 56 cm.                            Asiento (solo fibra) : 64 x 47 cm .                                Altura total : 73 cm .                                                           Profundidad total ( de patas de atrás al frente):80 cm</p>	339e71_502876aac3594d55bde48faa30fc10ce~mv2.jpg;339e71_37bb28e6b8694a76a1b7b0d5e49106d2~mv2.jpg;339e71_5ad018e117fb4d35ad1271341753c643~mv2.jpg				13500		true	PERCENT	0	OutOfStock																																							
product_b45906ec-8314-dede-37d3-2ee3b7a9f978	Product	Estantería TUR 	<p>Estantería de madera </p><p>Medidas: Altura 1m 6cm | ancho 90cm | profundidad 30cm </p>	339e71_466b23fcb99c42108c71d44c8ea561d8~mv2.jpg;339e71_eaa2989e84e649b5a830ccb9b4d863ce~mv2.jpg;339e71_68c7e0e2ee9a457a9c9e5714a625e3bf~mv2.jpg;339e71_ec200f16caca4265826363e964f5e802~mv2.jpg	Decoración;Mobiliario	EST0023		16900		true	PERCENT	0	1																																							
product_27f6a46d-d564-419c-57bc-c21fea5df4d7	Product	Apoya cuchara 	<p>Apoya cuchara </p><p>Mármol con mango de madera </p><p>Medidas: Largo 24cm | Diámetro 10cm </p>	339e71_e15e908ca7474aafab714f32f2d9fcde~mv2.jpg	Cocina;Decoración			650		true	PERCENT	0	OutOfStock																																							
product_e932d4a3-b0e7-687e-d583-16175db47527	Product	Maceta pequeña 	<p>Maceta en fibras naturales </p><p>Tamaño pequeña </p><p>Medidas: 33cm Altura | 21cm diámetro </p>	339e71_bef167590ac84eeda06edec7fb3e4d44~mv2.jpg	Decoración;Macetas	MAC0017		1750		true	PERCENT	0	1																																							
product_154b6fd5-8577-59ff-f9b6-3d0df6bb35a6	Product	Macetas grande 	<p>Maceta en fibras naturales </p><p>Tamaño grande </p><p>Medidas: 38cm Altura | 30cm de diámetro </p>	339e71_8244ba403dad4511b12dd97baad5eeb3~mv2.jpg	Decoración;Macetas			1990		true	PERCENT	0	OutOfStock																																							
product_5b129566-1f0f-cca8-c49e-8a7e9cbbe6ef	Product	Tazas de café 	<p>Tazas para Café </p><p>Medidas : 8cm Largo | 9cm Diámetro </p><p>Set x 6 </p>	339e71_a6ed04e7abe0464a944095fbf6fb7e63~mv2.jpg;339e71_141fe465651349d4a98b3cd854a309f2~mv2.jpg;339e71_689cf12150d943628687ea5c89b903e8~mv2.jpg	Cocina;Vasos | copas | tazas 			990		true	PERCENT	0	InStock																																							
product_69b9e405-1775-95b7-c7ab-deddfd69c2e8	Product	Tabla combinada 	<p>Tabla de mármol combinada con madera </p><p>Medidas: 43cm x 23cm </p>	339e71_b44fa788e59340d8962844debde8b430~mv2.jpg	Cocina;Decoración;Tablas | Copetineros 			1750		true	PERCENT	0	OutOfStock																																							
product_8a10f45f-fddb-66ce-bf08-d823326e4dd7	Product	Puffs | almohadones 	<p>Puffs en fibras naturales cuadrados </p><p>Medidas: </p><p>Ancho x ancho: 60 cm </p>	339e71_926130d3122d4193bccb52b4a63c7dd8~mv2.jpg;339e71_a9a704a558b846aa9ec043eb05e1a690~mv2.jpg;339e71_d81ab485308b41a0bd47d26cb7c66eca~mv2.jpg	Decoración;Adornos			3980		true	PERCENT	0	OutOfStock																																							
product_a559494a-143b-e5d2-061e-65f9792a5d27	Product	Bandeja Gold chica 	<p>Bandeja en mdf laqueado</p><p>Medidas: </p><p>largo: 38cm </p><p>Ancho: 29cm </p><p>Altura: 5cm </p><p></p>	339e71_ef6670df104b457fa55bd4591a02f7ae~mv2.jpg;339e71_75c4f59f6b954c66a7090df8e6580080~mv2.jpg;339e71_f159a47b9c094d28a0500be20a26bf84~mv2.jpg	Bandejas;Decoración	BAN0072		1980		true	PERCENT	0	1																																							
product_9b76089c-6b89-3a05-a389-1c9f730f8b75	Product	Bandeja Gold grande  	<p>Bandeja en mdf laqueado.</p><p>Medidas: 45cm largo  </p><p> 35cm ancho </p><p>5cm de altura</p>	339e71_d96e086ad19140e685a17c44b8746003~mv2.jpg;339e71_820d98e0986d4114a57aa594f5d5f615~mv2.jpg;339e71_d1f04c0ee9804948bddd57ec2ab03d23~mv2.jpg	Bandejas;Decoración	BAN0071		2590		true	PERCENT	0	1																																							
product_7ff47efb-154d-9f2b-a5ad-e864acb99703	Product	Mesa de comedor MAR	<p>Mesa de comedor en color natural de pino reciclado.</p><p>Medidas: </p><p>Largo: 2 metros </p><p>Ancho: 90 cm</p><p>Altura: 75cm</p>	339e71_98742addf8cc486181a90004a28f3720~mv2.jpg;339e71_c23de2fc30e74c368fb824ccfa00f143~mv2.jpg;339e71_762a50d08410465a8a2393e83b135c87~mv2.jpg;339e71_8df1e84d85a94c568c1c8928c5e88a8c~mv2.jpg	Decoración;Mesas;Mobiliario;DESCUENTOS	MES0024		55900		true	PERCENT	30	1																																							
product_4397de82-5eb5-442c-ae92-125036733c84	Product	Hielera de yute 	<p>Hielera de yute gris </p><p>Medidas; </p><p>Altura: 29cm ( incluyendo la manija) </p><p>Diámetro 16cm</p>	339e71_54b5e1ed6bbe485e9e704bb2ebf0568a~mv2.jpg;339e71_661a1bff39b5437cbf4f350893b336db~mv2.jpg;339e71_f766fa9c612f446abf2d5d2ccb0d07ec~mv2.jpg	Decoración;Cocina			2690		true	PERCENT	0	OutOfStock																																							
product_9018b957-84f1-ea9d-e718-f4cd4f6105a8	Product	Toallas de papel 	<p>Servilletas de papel para baño </p><p>Set x 20. </p><p>Medidas: 20cm x 11cm </p>	339e71_89a92a4c35ec43589d49c74ca7a20368~mv2.jpg;339e71_29e20ba893404ae19834e887b93ef8f0~mv2.jpg	Decoración	TOA0005		490		true	PERCENT	0	1																																							
product_1105d16e-209d-0e0e-97f3-dd731e89e3e6	Product	Ave grande 	<p>Ave blanca grande </p><p>Medidas: </p><p>Altura: 35cm</p><p>Diámetro de la base: 12cm </p><p>Largo del ave: 36cm</p>	339e71_8ee6254bba9b43a3bb582509be12241c~mv2.jpg	Adornos;Decoración			1390		true	PERCENT	0	OutOfStock																																							
product_f209bb6f-5e4c-c871-6266-2a243cf7ecc1	Product	Ave black 	<p>Ave mediana </p><p>Medidas:</p><p>Altura: 34cm</p><p>Diámetro de la base: 10cm </p><p>Largo del ave: 24cm </p>	339e71_0d9769f735b547eca3c9589f83b25e99~mv2.jpg	Adornos;Decoración			1100		true	PERCENT	0	OutOfStock																																							
product_dbb5aa4d-b65d-4467-6e7b-3851ec8fd877	Product	Ave pequeña 	<p>Ave blanca pequeña </p><p>Medidas: </p><p>Altura: 25cm </p><p>Diámetro de la base: 8cm </p><p>Largo del ave: 16cm</p>	339e71_d7cfb5c4438a45169608df474a666144~mv2.jpg	Decoración;Adornos			990		true	PERCENT	0	OutOfStock																																							
product_21fbea20-f44c-5331-7877-f053ab1550ce	Product	Organizador para Baño 	<p>Organizador de baño </p><p>Medidas:</p><p>Altura 80cm | Profundidad 21cm | Ancho 32cm</p>	339e71_fe1c31a7538543a3ae7bfe9375a6c2c6~mv2.jpg	Decoración;Mobiliario	ORG0003		5600		true	PERCENT	0	1																																							
product_99b6ac6d-bca0-c96b-7b78-3ba58005ca3d	Product	Reloj Black combinado 	<p>Reloj de Pared </p><p>medidas: 60cm diámetro </p>	339e71_c047f463076543fdb99987b0bba68c7c~mv2.jpg	Decoración;Relojes			3100		true	PERCENT	0	OutOfStock																																							
product_c12c817a-b7c3-9d12-8306-8f2e0d3adba5	Product	Kitchen set 	<p>Set de cocina </p><p>Contiene 11 piezas</p><p></p>	339e71_f8e637608ef445d6899c223a5af126b2~mv2.jpg	Decoración;Cocina			1980		true	PERCENT	0	OutOfStock																																							
product_780c583c-065f-8e62-a53b-af2ddbd0490b	Product	Manta de algodón trenzada 	<p>Manta de algodón trenzada </p><p>Medidas | 81cm x 1m82cm </p>	339e71_74cd1b0c19d74d26b2151fed5fe7f302~mv2.jpg;339e71_565dbc8b12e64ea89f2568e09dee2e63~mv2.jpg	Mantas;Decoración			1690		true	PERCENT	0	OutOfStock																																							
product_56a6a7e1-d883-98b3-fdd1-fefd08f8b8b1	Product	Manta de algodón tramado 	<p>Manta en algodón </p><p>Medidas aprox | 81cm x 1m82cm </p>	339e71_56d6aafa88874969ab21c5658aa841fe~mv2.jpg;339e71_fb2ced5a1e7445ebae90b49343c94ce0~mv2.jpg	Decoración;Mantas			1690		true	PERCENT	0	OutOfStock																																							
product_f7de8f1a-8f65-6066-ea3d-ec5c4fe7e0d2	Product	Manta en telar tonos grises 	<p>Manta telar en tonos Grises </p><p>Medidas aprox | 1m88cm x 1m77cm </p>	339e71_801dec422ca74271a7ac8a2cf03e0b64~mv2.jpg;339e71_ac30d56b9a294b1790cca59d608269a9~mv2.jpg	Mantas;Decoración			2300		true	PERCENT	0	OutOfStock																																							
product_fe331922-f1a3-a78a-9104-f89d0a88dc95	Product	Manta en telar tonos tierras	<p>Manta de telar tono tierra </p><p>Medidas aprox | 1m88cm x 1m77cm </p>	339e71_735036aefd7242c7b1bfb80656c2469d~mv2.jpg;339e71_26f5dd8df9bb40b58682df6d695bd8cb~mv2.jpg	Decoración;Mantas			2300		true	PERCENT	0	OutOfStock																																							
product_cd6b70ef-d744-4aee-dd24-3db0c09c5190	Product	Plantas chicas decorativas 	<p>Plantas decorativas en maceta pintada </p><p>Tamaño chico </p><p>Medidas | 18cm x 7cm </p>	339e71_5745b468b7dd4620a7c872cee0b5c9a0~mv2.jpg	Adornos;Decoración;Plantas / Jardín	PLA0010		390		true	PERCENT	0	4																																							
product_642ba1b9-2710-14cb-0220-b54404606077	Product	Bandeja dorada chica 	"<p>Bandeja chica de metal dorada  </p><p>Medidas: 20 x 10,5cm </p>"	339e71_9d66f92a204b4705acafe4f92626e49d~mv2.jpg	Bandejas;Decoración			390		true	PERCENT	0	OutOfStock																																							
product_5abddc16-0c27-a900-e91c-b93cdbc985de	Product	Bandeja dorada grande 	<p>Bandejas de metal doradas </p><p>Medidas | 30 x 12cm </p>	339e71_4903101697f343849693d28734c6e8cd~mv2.jpg;339e71_c4978dcf707c4b29a1bc278b3cfa8c5d~mv2.jpg	Bandejas;Decoración			490		true	PERCENT	0	OutOfStock																																							
product_ead23f89-b147-d2c4-6d2b-47df5e76377a	Product	Copetineros white 	<p>Copetineros de cerámica </p><p>Set x 2 </p><p>Medidas aprox | 5cm x 9cm </p>	339e71_7d8aeb1236f747d09f76f49a2882e59c~mv2.jpg;339e71_efd962a8098c4a35bbeb1336956fe7e2~mv2.jpg	Cocina;Decoración;Tablas | Copetineros 			350		true	PERCENT	0	OutOfStock																																							
product_08fac30c-b3d9-dc29-4da2-fd1518fc3d63	Product	Plato para postre de cerámica 2 pisos 	<p>Plato de cerámica de 2 pisos </p><p>Medidas | 24 x 26cm </p>	339e71_f1f75e1baca14c3992c4239b1b2e345b~mv2.jpg;339e71_28d822b039c943f4949dbfcb5e17c904~mv2.jpg	Bandejas;Cocina;Decoración			1290		true	PERCENT	0	OutOfStock																																							
product_386d6797-9572-8f65-e4aa-1b1b67e8faf7	Product	Jarrón de Madera 	<p>Jarrón de Madera </p><p>Medidas | Alto: 41cm - Diámetro: 19cm</p><p></p>	339e71_2137b28ac62941aeb7c8299499ba4d82~mv2.jpg;339e71_b95317355da9429bb32513a745844243~mv2.jpg;339e71_92d021f995b0457c9665bdcd0b2ae07e~mv2.jpg	Adornos;Decoración			3950		true	PERCENT	0	OutOfStock																																							
product_f39218d7-0412-7645-983c-920c32cf7696	Product	Mesa tronco pequeña 	<p>Mesa Tronco pequeña </p><p>Medidas | Altura 46cm - Diámetro 58cm </p>	339e71_64182f967ad847bcae8dd3ccb27aeda6~mv2.jpg;339e71_f5b7e33a7dc741639db9a912ea952009~mv2.jpg;339e71_fca8f184feb04877972b23ad1cb48551~mv2.jpg;339e71_ab8c5a43d2d9461685a0f5e9c8229f08~mv2.jpg;339e71_cd5cb5907b7c439ca8a1f0c4565c1a93~mv2.jpg;339e71_88a0472fa09f41fa8d5049598f62df85~mv2.jpg	Decoración;Mesas			12500		true	PERCENT	0	OutOfStock																																							
product_df906f35-20d1-d44e-54c6-eb84f2b9a89d	Product	Lámpara CUT Chica 	"<p>Lámpara CUT chica</p><p>Color terracota, y metal </p><p>Medidas: 35 x 22 x 15cm </p>"	339e71_81ed14578a434510bf743d45616cbe86~mv2.jpg	Iluminacion;Decoración			3100		true	PERCENT	0	OutOfStock																																							
product_9772718c-9f9a-1dd5-87df-64d6a775c883	Product	Lámpara CUT Grande 	"<p>Lámpara CUT Grande </p><p>De metal, color terracota </p><p>Medidas | 44 x 37 x 22cm</p>"	339e71_6f8b4d3c50514074be8b6cfa313eadaa~mv2.jpg	Iluminacion;Decoración			5100		true	PERCENT	0	OutOfStock																																							
product_3348ad3f-4ed6-ae1b-03ae-febc70330f17	Product	Candelabros cerámica 	"<p>Candelabros de cerámica </p><p>Medidas |  12,5 x 13cm</p><p></p><p>Precio por unidad </p>"	339e71_6ea156e221514ce1895d2c1d9a8b0ceb~mv2.jpg;339e71_1a7f961770484d829d5a5a549112764f~mv2.jpg	Candelabros / Fanales;Adornos;Decoración	CAN0063		3490		true	PERCENT	0	2																																							
product_4af2b9d2-94ce-599e-93ec-78f27447550b	Product	Cuadro talla en madera 	<p>Cuadro de madera </p><p>Medidas | 1m 20 x 40cm </p>	339e71_3c4e04447e2b48a18c78cd9209069195~mv2.jpg;339e71_05d99300b15d4393a86b4a777fce463d~mv2.jpg	Adornos;Cuadros;Decoración			5900		true	PERCENT	0	OutOfStock																																							
product_a457499f-939b-508b-9b67-3b39343aae44	Product	Fanal red Chico 	<p>Fanal red chico </p><p>Medidas aprox | 26cm x 21cm </p>	339e71_16a4ab1253af47be8cf67f4e4e31235f~mv2.jpg;339e71_4db1f6af633f47f1919930d0b6b6ee96~mv2.jpg;339e71_b8df32354f2a4cbe9040b3ef11e5af09~mv2.jpg;339e71_a9a6ed6e74c84ca681881a3b2f18f9f0~mv2.jpg	Adornos;Candelabros / Fanales;Decoración			1650		true	PERCENT	0	OutOfStock																																							
product_4b21898a-35a8-d5c7-01e6-eab461c4531c	Product	Fanal Red Grande  	<p>Fanal red Grande </p><p>Medidas aprox | 27cm x 33cm</p>	339e71_78bf5ea250cd4417bb28a1bb1a7153cb~mv2.jpg;339e71_98018de49da44b41ac581fe389593374~mv2.jpg;339e71_ac2f75865a7a410f8aeea767614984a2~mv2.jpg	Adornos;Candelabros / Fanales;Decoración			2250		true	PERCENT	0	OutOfStock																																							
product_9c8b59f9-1946-1c75-4618-36b87893aa5a	Product	Florero Uva Chico 	<p>Florero Uva chico </p><p>Medidas aprox | 17cm x 18cm </p>	339e71_1a160d57fb8646259ef6c10d5e346c89~mv2.jpg;339e71_b529fb013e6140479daf13b2a0bd6318~mv2.jpg;339e71_2ff207ed10ef4c649dfae6f5068bdd64~mv2.jpg	Decoración;Adornos			1480		true	PERCENT	0	OutOfStock																																							
product_a47ff1f2-8fb6-a9f0-a26e-f492e64bfd40	Product	Florero Uva Grande 	<p>Florero Uva mediano </p><p>Medidas aprox |  22cm  x 25cm </p>	339e71_64343b687c7240a8acf9fb133ddeadf4~mv2.jpg;339e71_1c8bd03e8f1a433ba88533041197a04d~mv2.jpg	Adornos;Decoración			1890		true	PERCENT	0	OutOfStock																																							
product_11219716-e552-8cf7-147c-55fa9f3a69f9	Product	Centro Cuadrado 	<p>Centro de cerámica cuadrado con estaño </p><p>Medidas aprox: 21cm x 21cm | Alto: 4cm</p>	339e71_57c0185733b345cc96f9a6d27771f34a~mv2.jpg;339e71_cfc5eba2bf0a4fc4a8411d45d8a5b891~mv2.jpg;339e71_05de276ee48944cf9c1ad4fed4994494~mv2.jpg	Adornos;Bandejas;Decoración	PLA0006		2290		true	PERCENT	0	2																																							
product_2f120635-a7ae-d556-8aed-ccde264d8bc0	Product	Centro Rectangular Mediano 	"<p>Centro de cerámica mediano con estaño</p><p>Medidas Aprox: 40cm x 16,5cm | Alto: 4cm</p>"	339e71_b1a67e28c8754352bf05ae74031db4b8~mv2.jpg;339e71_a37b1f1954eb4cdeafe5e697506df5c8~mv2.jpg	Adornos;Bandejas;Decoración			2850		true	PERCENT	0	OutOfStock																																							
product_39191903-014b-6730-57ea-b2f73300d671	Product	Centro rectangular Grande 	<p>Centro rectangular grande con estaño  </p><p>Medidas: 58cm x 23cm | Alto 4cm aprox</p>	339e71_0ad6e8757fce4a2d939308c22d60d8a4~mv2.jpg;339e71_ab9642b8f6fb461cab299980f27e0c66~mv2.jpg;339e71_e1dfdc8aefdd4f4ea2cbcdcfc727d936~mv2.jpg	Bandejas;Decoración;Adornos			3590		true	PERCENT	0	OutOfStock																																							
product_e2620349-47b5-3969-0542-291dc07d6302	Product	Lámpara Cemento 	"<p>Lámpara Cemento, con pantalla de Lino </p><p>Medidas aprox: </p><p>Diámetro: 42cm </p><p>Altura: 58cm </p>"	339e71_4c9c13ba845f4b1681ef612378909d99~mv2.jpg;339e71_f25dbab96fba4d9a8a33eb33541ba16b~mv2.jpg;339e71_9ad14f9603b540c698f8c57f427429d7~mv2.jpg	Adornos;Decoración;Iluminacion			9950		true	PERCENT	0	OutOfStock																																							
product_22c03b3a-1f5b-3b33-5254-cc9b32d31696	Product	Lámpara Black 	"<p>Lámpara Black, con pantalla de Lienzo </p><p>Medidas aprox: </p><p>Diámetro | 38cm </p><p>Alto | 55cm </p>"	339e71_aca2a3e744e341719b097af0d3fabd58~mv2.jpg	Adornos;Decoración;Iluminacion			7190		true	PERCENT	0	OutOfStock																																							
product_dc6bc56e-acbe-b979-c499-f290d153ab71	Product	Lámpara | Veladora Hindú 	"<p>Lámpara Indú, con pantalla de Arpillera </p><p>Medidas aprox: </p><p>Diámetro | 41,5cm </p><p>Altura | 59cm </p>"	339e71_e832549b512c480cbc23367c356f1f8d~mv2.jpg;339e71_4e4ff3116cb74d09ae2def18b06669e5~mv2.jpg	Decoración;Iluminacion;Adornos			9200		true	PERCENT	0	OutOfStock																																							
product_ba78183b-c2a3-137f-2709-5feb7b36a15d	Product	Mesa Plegable Cuadrada 	<p>Mesa plegable Cuadrada </p><p>Medidas: 40cm x 40 cm | Altura: 49cm </p>	339e71_60980394a4d64f3796e960f0acc1cd50~mv2.jpg;339e71_e063f5f5630347ec8532a25fcc76c906~mv2.jpg;339e71_c86f6edeb82a4b169324b4a0237007c2~mv2.jpg;339e71_0d0595f9255c48b5880055317e6436c6~mv2.jpg	Mesas;Decoración			2950		true	PERCENT	0	OutOfStock																																							
product_c3ca04a3-57df-b463-2774-264825609e84	Product	Farol Marroquí dorado 	"<p>Farol marroquí dorado a pila </p><p>Medidas: 28cm x 12,5cm</p>"	339e71_f44492a9e6a44633bf2164083896fec3~mv2.jpg;339e71_2cf27df807574fa8a4ac5306a14c4969~mv2.jpg	Adornos;Candelabros / Fanales;Decoración;DESCUENTOS			750		true	PERCENT	30	OutOfStock																																							
product_0431a2d4-76ab-a2be-e65d-287bc41e06fb	Product	Fanal Blanco Mediano 	<p>Fanal Blanco tamaño mediano </p><p>Medidas: 15cm x 15cm | Altura: 47cm</p>	339e71_f8e3417088f14184a5c89555f8e6c34d~mv2.jpg;339e71_cd1826ea71134aca964d450c0f298002~mv2.jpg	Adornos;Candelabros / Fanales;Decoración			1390		true	PERCENT	0	OutOfStock																																							
product_82a96b58-03d9-a07e-8173-7226b576be15	Product	Fanal Blanco Grande 	<p>Fanal Blanco Grande </p><p>Medidas: 18cm x 18cm | Altura: 63cm </p>	339e71_a4ffd3a047384604ac9d9dd9f2782eae~mv2.jpg;339e71_ea10033d0a1a43669beedfa90b7610ef~mv2.jpg	Adornos;Candelabros / Fanales;Decoración			1990		true	PERCENT	0	OutOfStock																																							
product_938f2bbf-1ed6-7d8d-62ab-536671e95ed2	Product	Fanal Blanco chico 	<p>Fanal Blanco tamaño chico </p><p>Medidas: 12cm x 12cm | Altura: 34cm </p>	339e71_290f99c94bfc4f8dafd99d1de96a03c6~mv2.jpg;339e71_65450df275444a28b658ad1545935dc1~mv2.jpg	Adornos;Candelabros / Fanales;Decoración			990		true	PERCENT	0	OutOfStock																																							
product_e2782ef0-2458-1b00-520e-f3ca74f26204	Product	Canasto beige chico 	<p>Canasto en tonos beige chico </p><p>Medidas | 25cm x 16cm </p>	339e71_ae4737991bb944f89bf108920f595871~mv2.jpg;339e71_4cca8b5f95044e15a8347dcf2ab3b792~mv2.jpg	Decoración;Canastos			690		true	PERCENT	0	OutOfStock																																							
product_13df9cdd-0d4b-d649-584b-d570313be19f	Product	Canasto combinado 	"<p>Canasto rojo y beige </p><p>Medidas: 29,5cm x 20cm</p>"	339e71_6d9da32e8b41452a91766ffc60c2abfa~mv2.jpg;339e71_6a817c5c635045fca9878da2eb8bdbf4~mv2.jpg	Canastos;Decoración	CAN0061		950		true	PERCENT	0	1																																							
product_6f24415b-d543-b410-52f9-e83488bcecb0	Product	Fanales cuadrados grises 	"<p>Fanales grises cuadrados </p><p>Medidas: 18cm x 18cm | Altura: 22,5cm </p>"	339e71_35208af13d2c499f938131140a3e38d5~mv2.jpg;339e71_577f1fdb996e4bc1977cf213a9494e1d~mv2.jpg;339e71_374aa279847d415c9397628d8a3b0ff0~mv2.jpg	Adornos;Candelabros / Fanales;Decoración;DESCUENTOS			950		true	PERCENT	30	OutOfStock																																							
product_7c94f59a-59e1-e780-4357-5ebb8d41aa6c	Product	Fanal con luces 	"<p>Fanal redondo con Piola y luces </p><p>Medida | 15,5cm </p>"	339e71_d8b4e6d81b83445387007a2520c6d036~mv2.jpg	Candelabros / Fanales;Adornos;Decoración			650		true	PERCENT	0	OutOfStock																																							
product_2d145dd1-19a2-7339-822f-d60be83963aa	Product	Caja de té x4	"<p>Caja de té x4 </p><p>Medidas: 25,5cm x 9cm </p>"	339e71_f13a618abf9b47719696ab14ad603565~mv2.jpg;339e71_805e0ec0fbf84bfabb7ff42470f0c6e8~mv2.jpg	Cocina;Decoración			690		true	PERCENT	0	OutOfStock																																							
product_a5ab15d0-ce06-9b27-62f8-57f17abfff39	Product	Fanales con cuentas de madera 	"<p>Candelabro de metal con vaso y cuentas de madera </p><p>Medidas: 21,5cm X 9,5</p>"	339e71_93864254ecd449eea7c20837eff11797~mv2.jpg;339e71_fa3af2013137412a81da4d03b40e0c9d~mv2.jpg	Adornos;Candelabros / Fanales;Decoración;DESCUENTOS			850		true	PERCENT	25	OutOfStock																																							
product_d6aaa318-9d74-daba-510b-5eafc81d0273	Product	Centro ovalado 	<p>Centro en Pasta piedra </p><p>Medidas: 41cm x 16cm </p>	339e71_60ed3b17a9ab41eab5f970cb9319aee8~mv2.jpg	Adornos;Decoración			1980		true	PERCENT	0	OutOfStock																																							
product_accda693-edf1-9785-addd-4bcda785d76d	Product	Centro cuadrado	<p>Centro Mándala en Pasta Piedra </p><p>Medidas: 31 x 31 cm </p>	339e71_871e8ca486b04cf59cd1b16dc3597743~mv2.jpg	Adornos;Decoración	CEN0027		1890		true	PERCENT	0	1																																							
product_638112c6-1d9e-2292-bd88-09074cf86f63	Product	Centro Flor 	<p>Centro en Pasta Piedra </p><p>Largo: 43cm  </p><p>Diámetro: 23cm </p>	339e71_5af918cff9bb409e91bd13374356f71a~mv2.jpg	Adornos;Decoración			2490		true	PERCENT	0	OutOfStock																																							
product_1549fe92-3cd1-9a9f-3ec4-3683031f2259	Product	Lámpara de pie cálida 	<p>Medidas: </p><p>164 x 25 x 31 cm </p>	339e71_b29b6e83ca24413e874e8d9abb09be07~mv2.jpg	Decoración;Iluminacion	LAM0036		5100		true	PERCENT	0	1																																							
product_5a434891-b200-118e-3b8f-d1d9f029776c	Product	Lámpara de pie Gris 	"<p>Medidas: 1,60 x 35</p>"	339e71_12bbf9e38f0e49a7a4848cb43a88cb7d~mv2.jpg	Iluminacion;Decoración			3790		true	PERCENT	0	OutOfStock																																							
product_af3a8a6d-086d-1f78-f8a0-2bfa47002ae7	Product	Lámpara de pie metal en negro 	<p>Medidas: 1.40 x 47 x 25cm</p>	339e71_8e740121a4c24cef81ef9c0dc327ece4~mv2.jpg	Iluminacion;Decoración			4490		true	PERCENT	0	OutOfStock																																							
product_39631181-1264-16e2-1b39-cf929c0758a3	Product	Lámpara dorada de metal 	<p>Medidas: 1.50 x 35</p>	339e71_1369c448993f4c25bc8c4c856d16b6dc~mv2.jpg;339e71_b1b978d9a4e04a93956df45231d1e835~mv2.jpg	Decoración;Iluminacion			4990		true	PERCENT	0	OutOfStock																																							
product_11276e1d-5631-b187-292f-093a13ba996b	Product	Lámpara seda Dorada 	<p>Medidas: 1.52 x 32 x 40</p>	339e71_d1283652a2214b17be115665b25bf40e~mv2.jpg;339e71_ed953add2c7c479f9f23428fa0e51dfd~mv2.jpg	Decoración;Iluminacion			4790		true	PERCENT	0	OutOfStock																																							
product_bfe5cdde-647c-1924-eaba-06a9afad5cd2	Product	Planta Ginco Biloba	<p>1.80mts</p>	339e71_f33ec9f726d7408885cfc9e4c4c0eafa~mv2.jpg;339e71_9bcd5237b7d94456ba1020d4f95c3947~mv2.jpg	Decoración;Plantas / Jardín			5820		true	PERCENT	0	OutOfStock																																							
product_2c36d1f1-5108-5094-9e32-382181f7b0e3	Product	Planta Aloe	<p>Medida: 60cm </p>	339e71_565f162f1987494f9dd4e675fef2a1fc~mv2.jpg;339e71_9929f1179ee2492185f4cd35b8af9f2d~mv2.jpg				2990		true	PERCENT	0	OutOfStock																																							
product_1a0c1489-9f31-2638-79c2-80a62f380a69	Product	Planta Ficus 	<p>Medidas: 1.60cm</p>	339e71_94bcd5ad21084235aed9585fe37c36ec~mv2.jpg;339e71_1cdbd27e3ee7484d8f1a93dd3d37b303~mv2.jpg	Adornos;Decoración;Plantas / Jardín;DESCUENTOS	FLO888		4590		true	PERCENT	20	1																																							
product_30d6ae63-e434-2373-3a2f-dd96d964ea62	Product	Centro hoja en madera 	<p>Medidas: largo 52cm </p><p>Ancho: 20cm aprox </p>	339e71_999396428bae47729dc8229488014c27~mv2.jpg;339e71_4f49f7669d5b42a2a154a9f7c5d5938b~mv2.jpg	Decoración;Adornos			2290		true	PERCENT	0	OutOfStock																																							
product_eab9fbe5-4546-5413-2d01-3401bd20f684	Product	Almohadón Flecos white 	<p>Medidas: 45 x 45</p>	339e71_d775d261a1834ce6bcd2fc3794e955d4~mv2.jpg;339e71_535d183e93394c5bb3e0327b19247920~mv2.jpg;339e71_88b4194e9f6b4a85b12ce3e6de9f6627~mv2.jpg	Textiles;Decoración			1190		true	PERCENT	0	OutOfStock																																							
product_6dc09c09-edac-78f7-ef84-2dd59b52853b	Product	Almohadón Flecos grey 	<p>Medidas: </p><p>Largo: 71cm </p><p>Ancho:  49cm </p>	339e71_b64852df22504f258246f8c0a0f5900f~mv2.jpg;339e71_91d9e654460a4f7a895fbf6a8f7cc1de~mv2.jpg;339e71_4fcd4439cf1f4de9a1c8b10f913fd949~mv2.jpg	Textiles;Decoración	ALM0019		1490		true	PERCENT	0	1																																							
product_b8565255-7323-7b8f-0176-9031d195734e	Product	Pantalla Gota 		339e71_ba5771a87e344d339a0fb6ed808e6872~mv2.jpg;339e71_f7ad7928c9a5413db8fb8a17690868f6~mv2.jpg	Decoración;Iluminacion			4100		true	PERCENT	0	OutOfStock																																							
product_a9307e60-1852-a098-03d8-8babce0dfe3c	Product	Pantalla Red		339e71_6750fdad55ec47539885baa03fef6eca~mv2.jpg;339e71_c2121201f0914bfbaa97c025ef67abac~mv2.jpg;339e71_e20920956f7d4a0ca70680c4dca16c22~mv2.jpg	Decoración;Iluminacion			4490		true	PERCENT	0	OutOfStock																																							
product_cc87648a-11b3-2b68-037a-cc19de2b757d	Product	Cómoda Mandala 	<p>Medidas:</p><p>Largo: 90cm</p><p>Ancho:40cm</p><p>Altura:89cm</p>	339e71_a5ff0899be6d4492ab398b1e89666efb~mv2.jpg;339e71_3929c61209d2491eb638b9d26a7e734d~mv2.jpg;339e71_cdff373307404b8185dbe3792ef097bc~mv2.jpg	Aparadores;Decoración;Mobiliario			19500		true	PERCENT	0	OutOfStock																																							
product_a4261a3d-b824-da95-171c-c6e1031944d9	Product	Bandeja de fibras naturales 	<p>Bandeja </p><p>Medidas: 45cm </p>	339e71_63b8ec6bdda34983b6897de03ef53177~mv2.jpg;339e71_0c7acef56c614024bbd272f9cda965c1~mv2.jpg	Bandejas;Decoración			2190		true	PERCENT	0	1																																							
product_a1a17f5e-996c-036e-2ae8-2d78d005849b	Product	Canasto calado 	<p>Canasto</p><p>Medidas: </p><p>Altura: 25cm </p><p>Diámetro: 30cm </p>	339e71_f742e223953e45deb1d54b7b54b2aabf~mv2.jpg;339e71_4979585e08464a8ba9cefb8063f1ccba~mv2.jpg	Canastos;Decoración			1690		true	PERCENT	0	1																																							
product_020557fb-3890-013e-2390-b0c44459b8fd	Product	Alfombra de fibras naturales 	<p>Alfombra </p><p>Medidas: 55cm </p>	339e71_61ef58c3c35e4ca4b7efaafed661dc9e~mv2.jpg;339e71_da6403fd7d8644579bd011f105746f73~mv2.jpg;339e71_f0d97c29930944bca097fce49089586b~mv2.jpg	Alfombras;Decoración			2190		true	PERCENT	0	OutOfStock																																							
product_4ccb330c-8ac6-dc85-f6dc-ec9d0b3b2f33	Product	Panera calada	<p>Panera alta</p><p>Medidas: </p><p>Diámetro: 32cm</p><p>Altura: 10cm </p>	339e71_bf30fcaebd69493fa04b7ceb85d351bf~mv2.jpg;339e71_d77c7cdee08a4f0c8c0777121bc6e275~mv2.jpg	Bandejas;Decoración			1490		true	PERCENT	0	OutOfStock																																							
product_a0e5f179-447a-c183-6272-41054ac92c79	Product	Bandeja calada 	<p>Medidas: diámetro: 25cm </p>	339e71_29d8d5aacda24abea232a382e8335327~mv2.jpg;339e71_5dd0714345914223b3295b80ca86e73e~mv2.jpg	Decoración;Bandejas			1190		true	PERCENT	0	OutOfStock																																							
product_de573603-abd6-5f15-6de8-c2ba496e548a	Product	Mesa MARBLE grande 	<p>Mesa de Mármol con patas doradas.</p><p>Disponible únicamente tamaño grande. </p><p>Medidas:</p><p>• Grande: diámetro 70cm </p><p>Alto: 44cm</p>	339e71_26dbb2589eac4c0ca50a365ccb07d2d7~mv2.jpg;339e71_8011bcc598b349ee98e86af6abd26ae7~mv2.jpg;339e71_a329e0c698394360b3a288a6fd4aa338~mv2.jpg;339e71_a1eb9266486d4599b25dcfdd47fc9d28~mv2.jpg	Decoración;Mesas			8190		true	PERCENT	0	OutOfStock																																							
product_07f46264-4c7d-86e8-5d3e-0b7b05ce677f	Product	Jarrón glass	<p>Jarrón/ Florero </p><p>Medidas: </p><p>Alto: 27cm </p><p>Diámetro: 22cm aprox</p>	339e71_d914e8bdb35647f3ba1f0cde9f307d0a~mv2.jpg	Decoración;Adornos			1950		true	PERCENT	0	OutOfStock																																							
product_7b292dbd-6888-4ddd-8471-05f80f2076db	Product	Mesa Azalea   	<p></p><p>Medidas: </p><p>Alto: 57cm </p><p>Diámetro: 51cm</p>	339e71_9da52d29b9734b7485586a1784ea49c9~mv2.jpg;339e71_08a0cec2690947a7b0d8afc1a0e34d6b~mv2.jpg	Mesas;Mobiliario			15500		true	PERCENT	0	OutOfStock																																							
product_591ff8ef-e3fa-04ac-90e8-ac6d96d6fe1c	Product	Padre Pío Grande	<p>Padre Pío en chapa calada </p><p>Medidas: </p><p>Largo: 52cm </p><p>Ancho: 40cm aprox</p>	339e71_6454fce3e6ab40efa1bc2a1e0a2fb148~mv2.jpg	Cuadros;Decoración			3590		true	PERCENT	0	OutOfStock																																							
product_a4ca1cbe-173d-c095-72ad-1f92ad2459e4	Product	Padre Pío Mediano 	<p>Padre Pío en chapa calada </p><p>Medidas: </p><p>Largo: 40cm </p><p>Ancho: 31 cm</p>	339e71_3a28edef5e7a47029434a3aa97d2ff6d~mv2.jpg	Decoración;Cuadros			2890		true	PERCENT	0	OutOfStock																																							
product_efc8237b-77c9-9afb-c4e6-5ca087d24cb9	Product	Mesa Plegable Redonda 	<p>Mesa plegable </p><p>Medidas: </p><p>Alto: 40cm </p><p>Diámetro: 38cm</p>	339e71_aae30b60fa9f487caac2d4a5c7406d3f~mv2.jpg;339e71_c1246771d40e4e1b9eceaddfb9783571~mv2.jpg;339e71_9379797e864c4edca05d7a202fcb3dbc~mv2.jpg	Decoración;Mesas;Mobiliario			2950		true	PERCENT	0	OutOfStock																																							
product_9681b797-722a-9087-6420-9b92df0eef60	Product	Aparador Sienna 	<p>Fabricado en álmo y puertas con esterilla natural cuadriculada. </p><p>Medidas: 1.50 x 75cm x 0.40 </p>	339e71_c37443f7212e415da2ab6db004c5a844~mv2.jpg;339e71_db2479ae830049de82de3eaded376658~mv2.jpg;339e71_7907d397e3784c1cbd8b51215428dfc7~mv2.jpg;339e71_938e2989bf6046a7ba58586e1de868f3~mv2.jpg	Aparadores;Decoración;Mobiliario			24900		true	PERCENT	0	OutOfStock																																							
product_b735f0ba-cb49-394d-91b8-8c91025fb16f	Product	Almohadón Nido Terracota  	<p></p><p>Medidas: 50 x 50.</p><p>Incluye relleno</p>	339e71_7ddc45f8b9824004882f7be6b746f8cb~mv2.jpg	Decoración;Textiles			1290		true	PERCENT	0	OutOfStock																																							
product_85bd80b7-21e5-52e2-e469-bd5c74da9d19	Product	Almohadón Clásico Blanco 	<p>Medidas: 46 x 46</p>	339e71_2877b4695010438ca4d355c684c5d1a1~mv2.jpg	Textiles;Decoración			1190		true	PERCENT	0	OutOfStock																																							
product_f8f3909e-36e4-9987-4928-122c5a951cb9	Product	Almohadón Nido Petroleo  	<p>Medidas: 50 x 50.</p><p></p><p>Incluye relleno </p>	339e71_ed65eb8ed71848fcba865fd52183f7ce~mv2.jpg	Decoración;Textiles			1290		true	PERCENT	0	OutOfStock																																							
product_95b53697-e368-9d5a-2cec-43a9b7dacf26	Product	Frutero/centro de mesa 	"<p>Medidas: </p><p>Altura 25,5cm </p><p>Diámetro: 24cm </p>"	339e71_11a760008d604f4db73fa95cd9b5cb41~mv2.jpg	Cocina;Decoración	FRU0006		2200		true	PERCENT	0	2																																							
product_3b919cbd-da53-ceaa-6620-abdad4709048	Product	Lámpara de mesa vintage 	<p>Lámpara de mesa con pantalla de Lienzo </p><p>Medidas: Altura : 51cm </p><p>Diámetro 24cm </p>	339e71_de63b3ce28cf4c46a8363d94583b64cb~mv2.jpg	Decoración;Iluminacion			2750		true	PERCENT	0	OutOfStock																																							
product_2b7b7666-88ad-4b08-01d7-3f36ab90cf61	Product	Lámpara de mesa total white 	<p>Lámpara de mesa con pantalla de Lienzo </p><p>Medidas: altura 51cm </p><p>Diámetro: 24cm </p>	339e71_09ac0ec912de48cd9b6a15665519a5f0~mv2.jpg	Decoración;Iluminacion			2750		true	PERCENT	0	OutOfStock																																							
product_5234e6fa-e11a-513a-dbf1-7f087a2247d1	Product	Lámpara de mesa rústica 	<p>Lámpara de mesa con pantalla de Arpillera de Lino </p><p>Medidas: Altura: 51cm </p><p>Diámetro: 24cm </p>	339e71_8325060ccb594514be39071fa321da4b~mv2.jpg	Decoración;Iluminacion			3100		true	PERCENT	0	OutOfStock																																							
product_f60467f6-cb2d-a6bf-25c9-54438ee75982	Product	Tetera vintage 	<p>Tetera de Cerámica </p><p>Medidas: Diámetro 26cm </p><p>Largo: 15cm </p>	339e71_3e0ff7514c2343a2b432fd67456228c0~mv2.jpg;339e71_84fc6e65eb0b4a6284444168e25df3f9~mv2.jpg	Decoración;Cocina	TET0005		690		true	PERCENT	0	OutOfStock																																							
product_1c61b31a-9214-6894-1be6-cbecb7d29b5b	Product	Posavasos black 	<p>Posavasos set x 4 $440 </p><p>Medidas: 11 cm de diámetro </p>	339e71_f6267f6916ad4553872b50d80ea2cb10~mv2.jpg;339e71_f87686e4b1214421a34f46954732c558~mv2.jpg	Cocina;Decoración;Vasos | copas | tazas 			440		true	PERCENT	0	OutOfStock																																							
product_aed6c588-5a2b-c0de-606c-4e6feb80f075	Product	Espejo Pino	"<p>Espejo de madera, pino antiguo. </p><p>Medidas : 94cm x 75cm</p>"	339e71_32cf7c91febd4d6ebb308de8e1c1800b~mv2.jpg	Espejos;Decoración;Mobiliario			8900		true	PERCENT	0	OutOfStock																																							
product_553acd36-0261-38d6-66b8-712c99278efb	Product	Sujeta cortinas esfera vidrio 	<p>Sujeta cortinas colgante en vidrio y cadena color bronce con detalles de caireles.                                 Medidas: total de cadena: 65cm.                        </p><p>Largo de cadena para agarrar cortina: 32cm            Largo total  de sujeta cortina: 88cm</p>	339e71_e710a537fb0448b49c194d0fa7ea4336~mv2.jpg;339e71_874b1f759ba94e508517d291ed35890d~mv2.jpg;339e71_cf6f1d92d5324d09843398d9978ddab4~mv2.jpg	Decoración;Adornos			920		true	PERCENT	0	1																																							
product_136d2ffa-18e8-21b8-9635-e9f5b5de6197	Product	Manta | pie de cama Tussor rosa 	<p>Medidas: 140x120</p>	339e71_ac6d79fc6e4f4acd9e7162e389e05a8a~mv2.jpg;339e71_79d7980e429b48f292ffb01d9e6d58e9~mv2.jpg	Mantas;Decoración;Textiles			1490		true	PERCENT	0	OutOfStock																																							
product_d09fb773-f80b-e0cd-e444-1ecaa0abd0c3	Product	Manta | pie de cama Tussor crudo 	<p>Medidas: 1.44 x 90</p>	339e71_7862cefcb3fa4c89bbeb3426669e236d~mv2.jpg;339e71_475dc4f8e59f44d5af2e286f4cfee2a4~mv2.jpg	Mantas;Decoración;Textiles			1490		true	PERCENT	0	OutOfStock																																							
product_9f5086fe-edda-5630-25ee-938d12349aed	Product	Corona de pascuas 	<p>Medidas: Largo 25cm </p><p>Diámetro: 38cm </p>	339e71_1360133f88024500bef276eb6a95137a~mv2.jpg;339e71_21b90e92c445495898fc463ab6776e87~mv2.jpg	Decoración;Adornos			690		true	PERCENT	0	OutOfStock																																							
product_89895475-ad85-9ea3-fa59-17747229dc54	Product	Espejo de hierro restaurado 	<p>Medidas: Largo 1 metro </p><p>Diámetro: 34cm </p>	339e71_ce1887bc693f41b298a7af55f03da6f8~mv2.jpg;339e71_3fcee13630f64eadb84661e199a2d0ca~mv2.jpg;339e71_f0a9e48cbb944d8b82008438e0dca1de~mv2.jpg	Decoración;Espejos			2890		true	PERCENT	0	OutOfStock																																							
product_5c391604-fa1e-f8f5-f48e-1d74c171ead6	Product	Maceta LAUREL 	<p>Medidas: 40 x 40 cm </p><p>Macetas en Fibrocemento </p>	339e71_d785965fc72c44f0889a35f8d1058435~mv2.jpg;339e71_59b1d10b3fe74e03a7bf5dee66734dd2~mv2.jpg	Macetas;Plantas / Jardín;Decoración			1590		true	PERCENT	0	OutOfStock																																							
product_548012b8-baa4-a285-2fa7-3e7fcd416bba	Product	Borlas para puerta 	<p>Borlas para Puerta </p><p>A la hora de comprar especificar cuál color desea</p><p>Medidas: Largo: 27cm </p><p>Diámetro: 7cm </p>	339e71_e7a4a6d54869486c90d9fd54037ae3da~mv2.jpg;339e71_cf4c41a39bfa41c8a3416d32860c9b4b~mv2.jpg;339e71_26014d57c6594444b85a9da063258b3e~mv2.jpg	Adornos;Decoración	BOR0014		1250		true	PERCENT	0	1																																							
product_9dd7de5f-1eeb-1694-3f22-330e7f2292a1	Product	Copas para helado 	<p>Copas para helado </p><p>Set por 6 $990</p><p>Medidas: 9 x 9 cm </p>	339e71_657f23baacc94b2f82b4d8adf7f2185a~mv2.jpg;339e71_e5431af2a84947989eb88ebc69664cb5~mv2.jpg;339e71_7afce12a8eae48f6b2b2026c28b7cba9~mv2.jpg	Cocina;Vasos | copas | tazas 			990		true	PERCENT	0	OutOfStock																																							
product_61615893-f4d1-6f75-b475-57ee2549c421	Product	Vasos craquelados 	<p>Vasos craquelados </p><p>set por 6 : $1190</p><p>Medidas: 9 x 9 cm </p>	339e71_58390538302445fe8037bb91bb0cd7de~mv2.jpg;339e71_dc00d5c024144d02b50e832c11200ef0~mv2.jpg	Cocina;Vasos | copas | tazas 			1190		true	PERCENT	0	OutOfStock																																							
product_62c69cd6-cb3c-acf2-d934-b0655860a93c	Product	Paragüero 	<p>Paragüero en hierro</p><p>Medidas : </p><p>Largo 50cm </p><p>Diámetro 22cm</p>	339e71_f189a33ed81c487e8bf735a4d68a6e16~mv2.jpg;339e71_7e3d15c8e01a4e3aba3a9564bc9e043c~mv2.jpg	Adornos;Decoración	PAR001		1490		true	PERCENT	0	1																																							
product_660831ca-5133-dbe6-c5d9-a31f52247a07	Product	Individual tejido 	<p>Individuales en ratan tejidos con detalles en lana color blanco y beige.                                              Medidas: diámetro 39cm </p>	339e71_2d4d908c310b421db8692c361d950be3~mv2.jpg;339e71_59bd5b3b79994c79b4df1e49e0553cdc~mv2.jpg;339e71_a9cbf4c52055447c951f6202f76999e5~mv2.png	Cocina;Decoración	IND0006		850		true	PERCENT	0	4																																							
product_9e3075a4-62c1-f9bd-4a00-381b1f9c8d3f	Product	Portarretrato craquelado chico	<p>Portarretrato en cerámica y estaño.                     Medidas:</p><p>Marco total:  22x27 cm </p><p>Interior: 12x16 cm </p>	339e71_51a4e50949ec468c8e2507ac4dd99205~mv2.jpg	Portarretratos;Decoración			2700		true	PERCENT	0	OutOfStock																																							
product_e57391b1-c709-f9ab-7430-727b722cdc13	Product	Portartarretrato craquelado grande 	<p>Porta retrato en cerámica y estaño.                      Medidas:  </p><p>Marco: 24x30 cm </p><p>Interior: 14x19 cm </p>	339e71_da8a80077dd34143b3c3c409c5aa34b0~mv2.jpg	Portarretratos;Decoración			2900		true	PERCENT	0	OutOfStock																																							
product_c59397c9-dac9-768b-c750-ff439c8a4624	Product	Mesa de arrime | barra 	"<p>Medidas: </p><p>Largo: 1. 79,5cm </p><p>Profundidad:  50cm</p><p>Altura: 80,5cm</p>"	339e71_cc18e2dce9804dfbab48d8d29fdbc3c8~mv2.jpg;339e71_a792c1726f9b4a82b5c47806e6d3bf09~mv2.jpg;339e71_cec94e60b52b44aa9679447abab0b394~mv2.jpg;339e71_90fb4f2a4a8946ab8be04d7ea9326ec7~mv2.jpg	Mesas;Mobiliario;DESCUENTOS	MES0016		42100		true	PERCENT	10	1																																							
product_3330116f-1c8d-1e7a-b81b-3001e91aeb7b	Product	Reloj vintage 	<p>Reloj de mesa blanco y negro vintage en chapa.                                                                                     Medidas: </p><p>Diámetro: 16cm                                            </p><p>Altura : 23cm</p>	339e71_c2ab5e4ecddf4ca589c9ed8145b8a281~mv2.jpg;339e71_e6cf8eaa70da461689ce671fcd2d88b3~mv2.jpg	Relojes;Decoración			990		true	PERCENT	0	OutOfStock																																							
product_067a1ab8-b28b-cda8-9971-3f1175e4dbce	Product	Copetinero redondo  	"<p>Copetiero en madera,circular con profundidad  Medidas: </p><p>Diámetro: 27cm                                              </p><p>Altura: 6cm                                                                         Espesor: 2cm</p>"	339e71_3fb18160a88e4b0d906518ddd0339e93~mv2.jpg;339e71_b643ec1c596b49abad1eda557458bbde~mv2.jpg	Bandejas;Cocina;Tablas | Copetineros 			1890		true	PERCENT	0	OutOfStock																																							
product_42fec648-84c2-3bc4-888a-216dac9adec3	Product	Copetinero en peltrina 	<p>Bandeja copetinera en peltrina 3 divisiones y asas con detalles .                                                                              Medidas: 45 x 14 cm</p>	339e71_678a1511826c4c50a21a081884b9dccf~mv2.jpg;339e71_5d1e4ebd03a744669ac1447f497e6975~mv2.jpg	Bandejas;Cocina;Tablas | Copetineros 			1950		true	PERCENT	0	OutOfStock																																							
product_87a69345-ccc0-c560-47f0-be3b455f3f62	Product	Reloj Romano 	"<p>Reloj en madera patinando en blanco, detalles en chapa dorada.</p><p>Diámetro : 82cm</p>"	339e71_457aed60fb4e4c309b9b1aa237e17aab~mv2.jpg	Relojes;Decoración			5590		true	PERCENT	0	OutOfStock																																							
product_1651f4f7-1a23-1022-32aa-43c36b96ccd2	Product	Jarrón tallado S	<p>Jarrones en madera tallada color blanco.                     Medidas: </p><p>altura: 15cm </p><p>diámetro: 15cm</p>	339e71_1c0e90e1903948e4b8e15b560e17b396~mv2.jpg;339e71_e3d7d369b6564f4da70cebaf35b7fbb0~mv2.jpg	Decoración			1390		true	PERCENT	0	OutOfStock																																							
product_dada4063-fd89-d738-ceec-417c47a5572a	Product	Jarrón tallado M	<p>Jarrón de madera tallada color blanco.                     Medidas:</p><p>altura: 20cm</p><p>diámetro: 16cm</p>	339e71_12248fbc39b74b3182bce88f644475bf~mv2.jpg;339e71_f51207d3dc8341b3a85b6b62592a45d4~mv2.jpg	Decoración			1690		true	PERCENT	0	OutOfStock																																							
product_e582ce2b-68d1-49e5-986e-ddf4fc49d1a9	Product	Banco | pie de cama COU	<p>Banco en ratan con patas y encuadrado de madera teka                                                                        Medidas: 1.40 m x 40cm                                                          Altura : 46cm</p>	339e71_2a6ef65f96ff4f82914ba1248dc63192~mv2.jpg;339e71_f9ce2cdcec294c5297ef876021dfd929~mv2.jpg;339e71_10ee8bd7074a44cc96b3ab8afb632b0d~mv2.jpg	Sillones/bancos;Mobiliario			12900		true	PERCENT	0	OutOfStock																																							
product_15da77e9-d621-b99c-c1eb-c7a185b0dea3	Product	Jarrón tallado L	<p>Jarrón en madera tallada color blanco</p><p>Medidas: </p><p>altura: 25 cm </p><p>diámetro: 18cm</p>	339e71_12248fbc39b74b3182bce88f644475bf~mv2.jpg;339e71_f2264d0a69d74b169a96c94aadf7d5fc~mv2.jpg	Decoración			1890		true	PERCENT	0	1																																							
product_34ce2b48-682f-695e-ba6e-ac88e316cc9c	Product	Cuadro Cuore 	<p>Cuadro circular madera color blanco tallado                                  Medidas : Diámetro 60cm</p>	339e71_c1728bd71e364ba4acfe42ede9cee884~mv2.jpg	Adornos;Cuadros;Decoración			3200		true	PERCENT	0	OutOfStock																																							
product_36767c42-6863-eb16-e659-efd8aea2cd06	Product	Cuadro Sol 	<p>Cuadro circular madera tallada.                                 Medidas: diámetro 60cm </p>	339e71_373235f7e54b4ef3936bf745de07c902~mv2.jpg	Cuadros;Adornos;Decoración			3200		true	PERCENT	0	OutOfStock																																							
product_1dacabb4-d401-3c7f-73b2-79bd3563b515	Product	Pantalla Chy	<p>Lámpara colgante                                                           Medidas: altura 60cm.                                                    Diámetro : 40cm</p><p></p><p>*Inlcuye parte eléctrica  </p>	339e71_f70e67a6350442c2b105720b363170d3~mv2.jpg	Iluminacion;Decoración			3990		true	PERCENT	0	OutOfStock																																							
product_10728202-1a3a-03f3-571e-4cc25187c8de	Product	Cuadro tallado 	<p>Cuadro en madera  calada                                             Medidas: 1.20 x 50</p>	339e71_52bad3bd2bcc466b9c549ae232197fd1~mv2.jpg	Cuadros;Decoración;Adornos			7900		true	PERCENT	0	OutOfStock																																							
product_43df6362-7e2d-1973-2cd6-80f0fd1421b2	Product	Mesa tronco 	<p>Mesa madera teka con forma irregular. </p><p>Medidas: </p><p>Largo: 1m                                                            </p><p>Diámetro: 76 cm                                                                Altura: 45 cm</p>	339e71_01154847f3b54e4b990b7fc7cd00dd05~mv2.jpg;339e71_caf5a94e78914c50a4ff0bed03a4c65a~mv2.jpg	Mesas;Mobiliario			16900		true	PERCENT	0	OutOfStock																																							
product_6967daa8-7a14-941c-bf76-4d5c6365bb68	Product	Tablas Round 	<p>Tabla en madera con detalle en peltrina.                Mediadas: Diámetro  30cm </p>	339e71_6e137b28db534b54814657dc245bd888~mv2.jpg	Cocina;Tablas | Copetineros 	TAB0009		1350		true	PERCENT	0	2																																							
product_18277ade-2786-68f9-2d2d-0ca4322c92c4	Product	Lámpara  cálida 	"<p>Lámpara de mesa combinada en hierro,madera y ratan.                                                   </p><p>Medidas: </p><p>Base 44 x 11 cm.                                           </p><p>Altura: 68cm</p>"	339e71_392f83d7357046a4ad4bd0e7e3001cc2~mv2.jpg;339e71_70589c5b47cd47fa82398b564edfe9b4~mv2.jpg;339e71_597e9608d82a472fb63c3fa7a95f586b~mv2.jpg	Iluminacion;Decoración			4100		true	PERCENT	0	OutOfStock																																							
product_f8c73b95-8827-2fdb-acb4-09697fa486f3	Product	Posa vasos Ratan 	<p>Posa vasos en ratan x 6 con soporte.</p><p>Disponible blanco y natural. </p><p>Medidas: Diámetro 10cm</p>	339e71_d365b4c2ce624776adfa16503fdcc0b5~mv2.jpg;339e71_190340110c1945a39866e1bf6a7e811c~mv2.jpg	Cocina;Decoración;Vasos | copas | tazas 	POS0004		1390		true	PERCENT	0	3																																							
product_7b6a7783-fa26-ba57-8a7b-42c38e65cef1	Product	Niña rezando 	<p>Niña en pasta piedra y estaño                                     Medidas: 20 x 8</p>	339e71_2e62b1bcce5f466591a62473c0f8ec33~mv2.jpg	Religiosos	VIR0001		1550		true	PERCENT	0	1																																							
product_3a4ec4c6-4dd2-db3c-2b85-d94b917fb855	Product	Portaretrato escalonado 	<p>Porta retrato en mdf  en varios tamaños                                                      Medidas : 15x20cm</p>	339e71_388cc0a9f3aa450b95f81b64cae71121~mv2.jpg	Portarretratos			520		true	PERCENT	0	OutOfStock																																							
product_b8cf02bc-ee12-c642-0259-e3acfb09db12	Product	Portaretrato Moldeado 	<p>Porta retrato MDF en varios tamaños                                                              Medidas: 13 x 18 cm</p>	339e71_bedfd6a0a0434edbbfe963e9aac594af~mv2.jpg	Portarretratos			450		true	PERCENT	0	OutOfStock																																							
product_5b4da4e4-0025-f284-0337-c30779f46e93	Product	Cubiertero Natural 	<p>Cubiertero fibras naturales                                         Medidas: largo 34cm.                                                       Ancho  24cm.                                                                      Altura  6cm</p>	339e71_eb508cd06cf4426cb5ae848504e298b0~mv2.jpg	Cocina			990		true	PERCENT	0	0																																							
product_42c7a298-25ed-2153-f7ba-69fa692b4d30	Product	Organizador Oval 	<p>Organizador de fibra natural con 6 compartimientos                                                               Medidas:  Largo 35 cm                                                      Ancho 18 cm                                                                        Altura  12 cm</p>	339e71_a4e8da074aa148e9894b5a5bdea4362b~mv2.jpg	Canastos			1090		true	PERCENT	0	OutOfStock																																							
product_10e23b69-a3a1-68a0-9826-f26f302ec056	Product	Reloj wood 	<p>Reloj de pared</p><p>Disponible en gris y blanco.                                                                                                                   Medidas : 26 cm diámetro</p>	339e71_2de470eae0924ae7b95dd093ad4800f7~mv2.jpg	Relojes			1590		true	PERCENT	0	OutOfStock																																							
product_751e19e8-e971-21a5-58ac-338a23061f63	Product	Butaca Amy beige 	<p>Butaca en madera teka y fibra de loom                   Medidas:                                                                             Respaldo ( solo fibra): 65 x 41cm.                            Asiento (solo fibra) : 65 x 50 cm.                                Altura total : 70cm.                                                           Profundidad total ( de patas de atrás al frente):80 cm</p>	339e71_9c8d30b600cd4f8b98f4c8606907d2f6~mv2.jpg;339e71_40c1710b8b394ba88296c225bd8a2ed6~mv2.jpg;339e71_fe66fa3972cf4cf0921c3ea420ab59d0~mv2.jpg;339e71_10568c4e1b284abb80be584e70e6fb69~mv2.jpg	Sillas			12900		true	PERCENT	0	OutOfStock																																							
product_84a2a9e8-4b16-4e5e-f996-11ab62910667	Product	Cuadro Virgen 	<p>Cuadro realizado pasta piedra y madera.             Medidas : 25 cm x 25 cm</p>	339e71_3fefd27b9dfe4b2fa8102bd65a9e32d0~mv2.jpg	Cuadros;Religiosos			1680		true	PERCENT	0	OutOfStock																																							
product_74dd4a44-7054-b7a3-8390-281333742f3c	Product	Florero veteado 	"<p>Florero cerámica veteado en colores beige, gris y blanco.                                                                      Medidas: diámetro boca 10cm diámetros total13cm Altura 28cm  </p>"	339e71_2c54b86e349042f2b8e5f165e15f661a~mv2.jpg	Decoración			2200		true	PERCENT	0	OutOfStock																																							
product_7e128999-09b0-ed0d-2aef-246c0a7c38d0	Product	Cuadro hoja 3D	<p>Cuadro chapa calada 3D                                              Medidas: 50cm x 83 cm</p>	339e71_040734cc5ecf4cc5ba142a138e2fe10d~mv2.jpg	Cuadros			4590		true	PERCENT	0	OutOfStock																																							
product_ca94f28c-7a83-a9d7-4b19-5dbf4cfa322c	Product	Tazas hexagonal  	<p>Tazas exagonal labrada x 6.                                       Medidas: diámetro 8 x 9 altura</p>	339e71_9704b40fe72941ed99bdeb8751c8edef~mv2.jpg;339e71_f016992916994237afe2eb63e1328750~mv2.jpg	Cocina			1390		true	PERCENT	0	OutOfStock																																							
product_50880197-0f00-be33-00b6-33c264a195a2	Product	Cuadro hojas 3D	<p>Cuadro en chapa calado 3D                                         Medidas 83x30</p>	339e71_67475d1cbc3c40009bb24cbeaa903a39~mv2.jpg	Cuadros			3900		true	PERCENT	0	OutOfStock																																							
product_74fe9272-6c98-4136-ef33-ab48ea2409af	Product	Maceta OLIVA chica 	<p>Medidas: 21 x 30 cm </p><p>Macetas en fibrocemento. </p><p>Son más resistentes y tienen menor peso que las de hormigón. </p><p>Cuentan con una terminación muy prolija.</p>	339e71_9ec1e0d704e040f8a9cf96cbe19c77c8~mv2.jpg	Decoración;Plantas / Jardín;Macetas	MAC0005		990		true	PERCENT	0	3																																							
product_23f84e48-462a-f5ee-f527-7eb48785b277	Product	Maceta OLIVA mediana 	<p>Medidas: 29 x 38 cm </p><p>Macetas en fibrocemento. </p><p>Son más resistentes y tienen menor peso que las de hormigón. </p><p>Cuentan con una terminación muy prolija.</p>	339e71_b6ba117e3c1f42b89173433ada491caa~mv2.jpg	Plantas / Jardín;Decoración;Macetas	MAC0031		1490		true	PERCENT	0	4																																							
product_39693ec4-b247-409a-bb4c-d1e1a06e0b4c	Product	Maceta OLIVA grande 	<p>Medidas: 36 x 50 cm </p><p>Macetas en fibrocemento. </p><p>Son más resistentes y tienen menor peso que las de hormigón. </p><p>Cuentan con una terminación muy prolija.</p>	339e71_013e52fca4064c60b93708eb67419aad~mv2.jpg	Plantas / Jardín;Decoración;Macetas	MAC0030		2100		true	PERCENT	0	2																																							
product_d2f4c135-243d-d997-bd6f-0040f7ed4507	Product	Maceta PALTA grande  	<p>Medidas: 34 x 70 cm </p><p>Macetas en fibrocemento. </p><p>Son más resistentes y tienen menor peso que las de hormigón. </p><p>Cuentan con una terminación muy prolija.</p>	339e71_e3fe0aeaaaf840d69f97612d55853ce7~mv2.jpg	Plantas / Jardín;Decoración;Macetas	MAC0032		3200		true	PERCENT	0	3																																							
product_af943bb4-8c77-fffd-35f8-be6c059dd09b	Product	Maceta PALTA mediana 	<p>Medidas: 36 x 55 cm </p><p>Macetas en fibrocemento. </p><p>Son más resistentes y tienen menor peso que las de hormigón. </p><p>Cuentan con una terminación muy prolija.</p>	339e71_ed1ccf676c9f4b64bdc139432c9a0de2~mv2.jpg	Plantas / Jardín;Decoración;Macetas	MAC0012		1950		true	PERCENT	0	3																																							
product_ab299111-2a8c-c7c9-507e-d417fcf7b14c	Product	Maceta PALTA chica 	<p>Medidas: 39 x 40 cm </p><p>Macetas en fibrocemento. </p><p>Son más resistentes y tienen menor peso que las de hormigón. </p><p>Cuentan con una terminación muy prolija.</p>	339e71_5e2f8ae7453146c6a19f2bad118efe28~mv2.jpg	Plantas / Jardín;Decoración;Macetas	MAC0011		1550		true	PERCENT	0	2																																							
product_4ff2a594-f3d3-9b13-1718-76fd6f12250f	Product	Maceta CEDRO 	<p>Medidas: 30 x 30 cm </p><p>Macetas en fibrocemento. </p><p>Son más resistentes y tienen menor peso que las de hormigón. </p><p>Cuentan con una terminación muy prolija.</p>	339e71_abac23d4feda4d919b52165808cb69dc~mv2.jpg	Plantas / Jardín;Decoración;Macetas	MAC0014		1100		true	PERCENT	0	2																																							
product_f4007e06-e5b8-6f3b-f27e-4cad9fad8b78	Product	Maceta LIMA chica 	<p>Medidas: 23 x 45 cm </p><p>Macetas en fibrocemento. </p><p>Son más resistentes y tienen menor peso que las de hormigón. </p><p>Cuentan con una terminación muy prolija.</p>	339e71_e9d776caf7d24f3c9b3ac7a441064c27~mv2.jpg	Plantas / Jardín;Decoración;Macetas	MAC0033		1290		true	PERCENT	0	4																																							
product_93ddc339-2ca4-afda-c679-a694da73da0f	Product	Maceta LIMA mediana 	<p>Medidas: 29 x 52 cm  </p><p>Macetas en fibrocemento. </p><p>Son más resistentes y tienen menor peso que las de hormigón. </p><p>Cuentan con una terminación muy prolija.</p>	339e71_b753eb9ba3c640f98dc73a8f157ba92f~mv2.jpg	Plantas / Jardín;Macetas			1750		true	PERCENT	0	2																																							
product_4ba1dafa-cf00-3062-c9cd-763072b2d63b	Product	Maceta LIMA grande 	<p>Medidas: 36 x 67 cm </p><p>Macetas en fibrocemento. </p><p>Son más resistentes y tienen menor peso que las de hormigón. </p><p>Cuentan con una terminación muy prolija.</p><p></p>	339e71_c52f5e5ab7594eaabd6f953303bf6891~mv2.jpg	Plantas / Jardín;Decoración;Macetas			2990		true	PERCENT	0	2																																							
product_cc826298-e18a-4ec8-5772-0b129e6691d2	Product	Jarras térmicas 	<p>Jarras térmicas disponibles en tres colores.</p><p>Medidas: 13.5 x 25 cm </p><p>Tamaño: 1000 ml </p>	339e71_1c8984e478f64153bcc5a20f4fed5146~mv2.jpg;339e71_272c4be345bd45bcac4e6a70182bf07e~mv2.jpg;339e71_5e896bfec8ef447b8fdeff1ac79e3ac6~mv2.jpg	Cocina;Decoración	JAR0031		890		true	PERCENT	0	5																																							
product_609743b4-aa65-606b-96a6-52571f86268d	Product	Fanal Jaulita con acrilico 	<p>Fanal en hierro oxidado con aplique en acrílico.</p><p>Medidas: </p><p>Largo desde aro de arriba hasta final del cairel: 30 cm </p><p>Piola de 65 cm aprox (para poder regular a la altura deseada)</p>	339e71_a711de1d9ec84a00995fe1b9aafe9c01~mv2.png	Decoración;Adornos;Candelabros / Fanales	JAU0005		1100		true	PERCENT	0	3																																							
product_2b525997-c20a-bef4-884c-ceff60edd78c	Product	Tazas labradas café 	<p>SET X 6</p><p>Medidas: 6 x 8 cm | ancho con manija: 8.5 cm</p>	339e71_1a1c86a6f4a146c9b9dba69ed15c1101~mv2.jpg	Cocina;Vasos | copas | tazas 			890		true	PERCENT	0	OutOfStock																																							
product_bf8eba64-6fb9-173c-22ee-336c1ab8da27	Product	Cuadro cañas 	<p>Cuadro en chapa calada </p><p>Set x 3 </p><p>Medidas aprox cada uno: 36 x 45 cm  </p>	339e71_3017077ffcfa46858278683cd946c5c2~mv2.jpg	Cuadros;Decoración;DESCUENTOS			3390		true	PERCENT	30	OutOfStock																																							
product_2f599503-0a57-e182-701b-89e15c72010f	Product	Mates de cerámica 	<p>Hechos a mano en cerámica con boquilla de acero inoxidable. </p><p></p><p>Medidas boquilla: 6 cm </p><p>Ancho y altura depende de cada mate. Aprox: 9 x 9 cm </p><p></p><p>*únicamente blanco en stock*</p>	339e71_dcdef5cbaabb4660a386a3c3e949bef9~mv2.jpg;339e71_b1fdffafdb184c64a9ed3f2e0212038b~mv2.jpg;339e71_a06b6e0f26fe4c7e8688120f7d6fbb24~mv2.jpg;339e71_021ad0db61dd4f67af56b913d0c26aa0~mv2.jpg	Cocina;Decoración			890		true	PERCENT	0	OutOfStock																																							
product_08d040bb-4d05-f7c8-7ad6-f6d478f15305	Product	Sillón Boom 	<p>Sofá de tres cuerpos con fundas desmontables en lino y relleno de plumas. </p><p></p><p></p><p></p><p>Medidas: 2.10 x 0.88 (prof) x 0.67 cm </p>	339e71_e23adeabaaeb452a9c39f0a449278d30~mv2.jpg;339e71_4be816296f434059bc45319530ea60fc~mv2.jpg;339e71_e0fb26610c7c4cc3b42222ddda92b80a~mv2.jpg;339e71_c7cb821d31e94816911e1bde2a0af1f7~mv2.jpg;339e71_af7c469d63ee4eef9a22eef96c122099~mv2.jpg	Mobiliario;Sillones/bancos			83650		true	PERCENT	15	OutOfStock																																							
product_4854670d-df00-70ec-b2fa-cee88fb0b45c	Product	Mesa Rusty	<p>Medidas: 1.05 de diámetro x 0.45 de altura </p>	339e71_aa002a38852748a9bde223f7d959b149~mv2.jpg;339e71_e2f9a66b74994fba8272990f94aec982~mv2.jpg	Mesas;Mobiliario			20900		true	PERCENT	0	OutOfStock																																							
product_4e404f7e-1200-cccc-a8cf-99088e27f77f	Product	Tapiz | cuadro Palmera	<p>Medidas: </p><p>1.12 x 36 cm</p>	339e71_769d27a0201b4e4dbf53778a35d69079~mv2.jpg;339e71_ccf6a5232d4548be85505e986d44a12c~mv2.jpg	Decoración;Adornos;Cuadros	TAP0004		4890		true	PERCENT	0	1																																							
product_f71f7b9c-5af9-da47-c162-31d649100a2d	Product	Reloj Gold Round 	<p>Medidas: 68 cm de diámetro </p>	339e71_bd7db30143a14ac4a34f9f6c762088b1~mv2.jpg	Relojes;Decoración	Rel0021 		4490		true	PERCENT	0	OutOfStock																																							
product_08de705c-c02d-ffd0-3003-b8f2644f320c	Product	Borla | Sujeta cortina Stripe 	<p>Borla en cerámica </p><p>Medida solo borla: 24 cm | total con cadena cerrada: 42 cm </p>	339e71_767c060dcb6c4c24b8551be96e2fc678~mv2.jpg;339e71_c5a1c1c0cc4a442caf5046afd212c9a4~mv2.jpg	Adornos;Decoración			690		true	PERCENT	0	OutOfStock																																							
product_ac3feec1-4668-6a43-2963-80e03b3b75ee	Product	Reloj Black 	<p>Reloj con vidrio </p><p>Diámetro: 59 cm | altura total: 75 cm </p>	339e71_2585afffaaa74b0eb525aea92f4c57a3~mv2.jpg;339e71_cf5faed176344be399e682c12fc61652~mv2.jpg	Decoración;Relojes			3790		true	PERCENT	0	OutOfStock																																							
product_714d1f50-83a1-0d5e-bc1d-71e480cbb69d	Product	Reloj Green	<p>Reloj de hierro </p><p>Medidas: 40 cm de diámetro </p>	339e71_8c45ca9ebed140418d7c494059a167b9~mv2.jpg;339e71_76a70ea94d4a4e1d825542a50fa97340~mv2.jpg	Decoración;Relojes			2290		true	PERCENT	0	OutOfStock																																							
product_cdfd1aa7-7dd8-4f46-6858-7d65701f3b6a	Product	Tapiz | cuadro hojas 	<p>Medidas: </p><p>1.12 x 36 cm </p>	339e71_d2306a7c91734c7fbbb51cb9a43ce5dd~mv2.jpg	Cuadros;Decoración;Adornos	TAP0005		4890		true	PERCENT	0	1																																							
product_25ec74f5-c69f-b79b-d87e-30141bf4490e	Product	Pantalla Tupy	<p>Diámetro: 36 cm / Altura: 38 cm</p><p>&nbsp;</p><p>INCLUYE PARTE ELECTRICA</p>	339e71_245b0d6728954d479a02a8ea8e6ed4b2~mv2.jpg;339e71_9baaef4cd10e43acba347c1f37160956~mv2.jpg	Iluminacion;Decoración	LAM0026		2590		true	PERCENT	0	1																																							
product_9b37d6f8-f5ad-1101-0ecc-962492d138d4	Product	Cuadros Black	<p>Medidas: 40 x 53 cm&nbsp;</p><p>&nbsp;</p><p>PRECIO POR UNIDAD</p>	339e71_ecee45d8df6d4dc3a82180070615e797~mv2.jpg;339e71_47be2ea3b8a54f898fbc52ef1bc62bbf~mv2.jpg	Cuadros;Decoración			2200		true	PERCENT	0	OutOfStock																																							
product_e539170c-d188-6a44-d6f9-4dace8c196a2	Product	Pantalla Cheky	<p>Medidas aproximadas:</p><p>Diámetro: 40 cm / Altura: 50 cm</p><p></p><p>INCLUYE PARTE ELÉCTRICA </p>	339e71_0e9c6abb200b4c65a23011ab38fcfb27~mv2.jpg	Decoración;Iluminacion	LAM0025		2990		true	PERCENT	0	OutOfStock																																							
product_21090f65-dcac-5271-1a2d-b90c7a3448b5	Product	Pantalla Tampi	<p>Medidas:&nbsp;</p><p>Diámetro: 33 cm / Altura: 40 cm&nbsp;</p><p>&nbsp;</p><p>INCLUYE PARTE ELÉCTRICA</p>	339e71_f1b8ce23f1a743d28a8e2b114ae4b112~mv2.jpg;339e71_ab5a63d468d144d6baa0ab0d5c848be8~mv2.jpg	Iluminacion;Decoración	LAM0024		1990		true	PERCENT	0	OutOfStock																																							
product_a503fc6f-0400-9f0b-5e26-ff55d758993e	Product	Llaves Gold	<p>Llaves de hierro.</p><p>Medidas aprox: 21 cm</p>	339e71_0af012553ae348988393966a898e5b31~mv2.jpg	Adornos;Decoración	LLA0002		990		true	PERCENT	0	OutOfStock																																							
product_d0a6f2d7-6a50-bea9-e387-768a453b64c6	Product	Copa Gold pequeña	<p>Medidas:&nbsp;</p><p>Altura: 13 cm&nbsp;</p><p>Diámetro boca: 16 cm&nbsp;</p><p>Diámetro base: 10 cm</p>	339e71_f66be679f34846229100e8f4102ea2e4~mv2.jpg;339e71_b5b475b5917345e995ea0870f4652560~mv2.jpg	Adornos;Decoración			1490		true	PERCENT	0	OutOfStock																																							
product_1852b2d5-e79e-e2f6-cca8-d20b9dd7a5d6	Product	Copa Gold grande	<p>Medidas:&nbsp;</p><p>Altura: 16 cm&nbsp;</p><p>Diámetro boca: 20 cm&nbsp;</p><p>Diámetro base: 10 cm&nbsp;</p>	339e71_4c3cec25e56a413ba643e530130f8fe0~mv2.jpg;339e71_e27fe61c065e4f6cae7e5ed9d6f2b3c0~mv2.jpg	Adornos;Decoración			1790		true	PERCENT	0	InStock																																							
product_c37f8d1f-08da-becf-426b-e597dc74441a	Product	Tapiz redondo caracoles	<p>Diámetro total: 58 cm&nbsp;</p>	339e71_e02ab03307764841b0cfceae6dbb7ea1~mv2.jpg	Decoración;Cuadros	TAP0006		3100		true	PERCENT	0	OutOfStock																																							
product_754916c8-13a3-2b19-e0e0-a6505664891c	Product	Despojador	<p>Medidas:</p><p>Altura: 1.32 cm / Ancho: 54 cm&nbsp;</p>	339e71_b359bb219f5d4db29f3761144ca3cd53~mv2.jpg	Mobiliario;Varios;Percheros	DES0002		3690		true	PERCENT	0	OutOfStock																																							
product_f09b203d-4795-1248-db09-6b2801365f9f	Product	Espejo redondo caracol 2	<p>Diámetro total: 58 cm&nbsp;</p><p>Diámetro espejo: 20 cm&nbsp;</p>	339e71_87ebae67cb4f4891a8892285badbc668~mv2.jpg	Decoración;Espejos;Mobiliario	ESP0021		4320		true	PERCENT	0	OutOfStock																																							
product_bc084c61-f0a6-5e7a-2541-bcf7938ec9dd	Product	Espejo redondo caracoles	<p>Diámetro total: 59 cm&nbsp;</p><p>Diámetro espejo: 20 cm&nbsp;</p>	339e71_f1c0b9a733d34b1fbf69f4c24bce2d2b~mv2.jpg	Decoración;Espejos;Mobiliario;DESCUENTOS	ESP0022		3900		true	PERCENT	25	1																																							
product_fb74e0a1-7d68-67bb-612c-b442676dd847	Product	Espejo Redondo calado	<p>Diámetro total: 70 cm&nbsp;</p><p>Diametro solo espejo: 30 cm&nbsp;</p>	339e71_08492eb75179443aa384fe56cc2c2c7e~mv2.jpg	Espejos;Decoración;Mobiliario	esp0024		4650		true	PERCENT	0	OutOfStock																																							
product_b3a5c655-ec77-fd8a-45eb-e32774615a5f	Product	Florero Bot 	<p>Florero de vidrio</p><p>Medidas aprox: </p><p>Altura: 21 cm | diam total: 18 cm </p>	339e71_9f39e3c30575419c88619e740fa4b21d~mv2.jpg;339e71_411581a9a5f2480c856290776bf3068f~mv2.jpg	Decoración;Adornos	JAR0028		1980		true	PERCENT	0	1																																							
product_12da7ed7-aad2-b41e-d1ba-679ee2c0d7af	Product	Florero aros 	<p>Florero de vidrio</p><p>Medidas aproximadas: </p><p>Altura: 26 cm | diam boca: 9 cm | diam total: 18 cm </p>	339e71_a9945598afb44c449575fccf44fe2662~mv2.jpg;339e71_49b66e0bc3e2426dab0cbead38afe572~mv2.jpg	Adornos;Decoración	JAR0027		1980		true	PERCENT	0	1																																							
product_bd4954bb-a706-0f1e-7a14-425671d6925d	Product	Florero escalones 	<p>Florero en vidrio </p><p>Medidas aprox: </p><p>Altura: 26 cm | diámetro boca: 9 cm | diámetro total: 18 cm </p>	339e71_2d3024fca52c48adb3661a4245288081~mv2.jpg;339e71_fe0287beccee452a9e6c7da1f8a4259d~mv2.jpg;339e71_54f644a89351484f8196a76d126e758e~mv2.jpg	Decoración;Adornos;DESCUENTOS	JAR0023		1890		true	PERCENT	20	1																																							
product_5850ab8d-e44b-0308-0294-c513683cf99b	Product	Florero tría 	<p>Florero de vidrio</p><p>Medidas: Altura: 18 cm | diámetro boca: 12 cm | diámetro total: 18 cm </p>	339e71_651e26d7eebc4e438db500bfb4f9344d~mv2.jpg;339e71_f3ac973f038f4c37a4487e2774b0d8b5~mv2.jpg;339e71_caf13c1e57d1455697f1890b60663d30~mv2.jpg	Decoración;Adornos;DESCUENTOS	 JAR0026		1980		true	PERCENT	15	1																																							
product_103f9c09-943e-5703-0e52-ce58aa1f0456	Product	Servilleteros oxido Mariposa	<p></p><p>Medidas mariposa: 12 x 12 cm</p>	339e71_beeded2c78234e4a965a39c892bd3e7c~mv2.jpg;339e71_9bc639cb9fad4c538f57f72bc360fcf4~mv2.jpg	Cocina			890		true	PERCENT	0	OutOfStock																																							
product_56e89f8c-a398-2f9e-3952-70ec72adfd18	Product	Tetera puntitos  	<p>Tetera en cerámica</p><p>Medidas aproximadas: </p><p>Ancho total: 23 cm | altura: 14 cm </p>	339e71_bdb9924dce37452aad0e0215cf3f897a~mv2.jpg;339e71_48bd975bb2f642b3a9f49be9cfee1759~mv2.jpg	Cocina;DESCUENTOS	TET0003		690		true	PERCENT	20	1																																							
product_f2c335b2-f614-6612-b943-0027e2be3294	Product	Vasos luna 	<p>Vasos de whisky. </p><p>Set x6 </p><p>Medidas: 8.2 x 9.2 cm aprox </p>	339e71_6afbb9698e894302a9864b9ba092c7b7~mv2.jpg;339e71_fb52686fdda542e797ab8e7656360e70~mv2.jpg;339e71_b2f445d0d2034efd8533ff97407d3a50~mv2.jpg	Cocina;Decoración;Vasos | copas | tazas 			1190		true	PERCENT	0	OutOfStock																																							
product_977890b7-f9bb-a063-4e7d-9d54a370f3b6	Product	Repasadores | mantelitos 	<p>Consultar medidas y stock </p>	339e71_0d9c77ec78754a95937891ef0ba16b9a~mv2.jpg;339e71_e81744fc134a4ccca9b449bb72d2af76~mv2.jpg;339e71_1fd294bf492c41bbbe28437962e02375~mv2.jpg;339e71_49c59c9b3d3146e39fe87cda4fa8de26~mv2.jpg	Cocina;Decoración;Textiles	REP0001		420		true	PERCENT	0	9																																							
product_64f0950c-b85a-8efe-5040-3c44093ab8c2	Product	Colgantes en pasta piedra 	<p>Medidas: 38 x 7.5 cm</p><p>Precio por unidad </p>	339e71_c7753c036c6e4cf4bdfe0ded773b23c5~mv2.jpg	Adornos;Decoración			690		true	PERCENT	0	OutOfStock																																							
product_a9108ca9-5ee3-84bc-de60-e5433d168823	Product	Reloj MIN	<p>Medidas: 60 cm diámetro </p>	339e71_60c622ab2d824e8a8f8c848d670aa165~mv2.jpg	Relojes;Decoración			4490		true	PERCENT	0	OutOfStock																																							
product_4ee6f9f3-16e1-8d4e-8f12-f293cdafc260	Product	Canasto REC pequeño 	<p>Medidas: 38 x 30 cm | altura sin manijas: 24 cm | con: 33 cm </p>	339e71_f946b3dbc73448fdbfa12c32b26a6f99~mv2.jpg;339e71_cd5ee2f56ba249f5b08cb168ec942ef3~mv2.jpg;339e71_bfab3661cc5e446f97ccb6447c41a746~mv2.jpg	Canastos;Decoración	CAN0059		1690		true	PERCENT	0	OutOfStock																																							
product_d980a119-47b9-7bc3-15ed-550f3245bcbd	Product	Canasto REC grande 	<p>Medidas: 46 x 36 cm | altura sin manija: 28 cm | con: 38 cm </p>	339e71_6c97f1e44c1f446b883301a2da522a66~mv2.jpg;339e71_86560bd5b576407b8c58cae3b7cc2ef4~mv2.jpg;339e71_ec666c100eff4fbc881f947743655b33~mv2.jpg;339e71_60f54c360905414897e85e2bc631bac6~mv2.jpg	Canastos;Decoración	CAN0058		1950		true	PERCENT	0	OutOfStock																																							
product_a2795676-0c23-1fd0-565f-920c3bbf5975	Product	Silla CONY	<p>Sillas en madera teka y fibra loom </p><p></p><p>Medidas: </p><p>Altura total: 86 cm </p><p>Altura al asiento: 50 cm </p><p>Prof total: 49 cm </p><p>Prof asiento: 43 cm </p><p>Ancho: 50 cm </p><p></p>	339e71_ee910f452ac7476f9862952fcea32492~mv2.jpg;339e71_91006b84783740c3a9184909151ad479~mv2.jpg;339e71_899aa2f851d042449305be1febbd2154~mv2.jpg	Mobiliario;Sillas	Sil0006		12500		true	PERCENT	0	OutOfStock																																							
product_c84f1a35-6644-e318-4701-e89e04b1ca6c	Product	Butaca Jou plegable  	<p>Silla en madera teka y rattan plegable. </p><p></p><p>Medidas: </p><p>Respaldo (solo fibra): 66 x 46 cm </p><p>Altura total: 75 cm </p><p>Asiento (solo fibra): 59 x 46 cm </p><p>Profundidad (de patas de atrás al frente): 80 cm  </p><p>Ancho total: 66 cm </p><p></p>	339e71_6ff13e3fc0b64e658e1e68967928e920~mv2.jpg;339e71_7f6165b4b9fd4dea97bcbb867546f216~mv2.jpg;339e71_50176e0005ed4c8f8739f726ab559553~mv2.jpg;339e71_4bbbeca8a360434bb20b283702fa168f~mv2.jpg	Mobiliario;Sillas			13500		true	PERCENT	0	OutOfStock																																							
product_b1c30cfb-bb57-fae5-4bae-53244fa0cb72	Product	Mesa de arrime bambú 	<p>Medidas: </p><p>Altura: 85 cm </p><p>Largo: 1.10 cm </p><p>Profundidad: 42 cm </p>	339e71_698de5e9f815428b921441764dc0c6c6~mv2.jpg;339e71_b7aac7cc3f6e4d8fa1eface66bbfc767~mv2.jpg;339e71_8b425193f3cb4cc5bb84e4a503277c13~mv2.jpg;339e71_bbfc517580484339b47e9d364058c205~mv2.jpg;339e71_c44247bbb1d04bca82f68a06dd573c65~mv2.jpg	Mesas de arrime / recibidores;Mobiliario			15900		true	PERCENT	0	OutOfStock																																							
product_22f3c2ae-8cd9-bdce-3d36-53fd2da3d210	Product	Carrito bar 	<p>Medidas: </p><p>Profundidad: 54 cm | altura: 80 cm | largo: 1 mt </p>	339e71_3d472a0b69594d93a401a82d6ef5c45c~mv2.jpg;339e71_05e9a7119adf405f8ecc3db9347d8b37~mv2.jpg;339e71_228b26a00e234bb3b0bd621b7e5189cb~mv2.jpg	Mobiliario;Mesas	CAR0005		12900		true	PERCENT	20	1																																							
product_8f971e4f-b0f0-73aa-8b2a-75f58a3ea906	Product	Reposera BEACH 	<p></p><p> Sus medidas: </p><p>-Medidas del respaldo: 61 x 40 cm </p><p>-Medidas del asiento: 47 x 45 cm</p><p>El largo total abierta es de 97 cm aprox.</p>	339e71_8f9d9be961b248a29c579ce39a4e661c~mv2.jpg;339e71_6046f5146e3f42389a88419b9a9092f1~mv2.jpg;339e71_86087e6c0df344c28db70a287c591ade~mv2.jpg;339e71_39382be7a8364a438c52f911132309ae~mv2.jpg;339e71_65b0ceb8ebfd4e83bf23a51239d15e35~mv2.jpg	Mobiliario;Sillas;DESCUENTOS			6490		true	PERCENT	10	InStock																																							
product_f8a3b47c-2d80-a7a6-d770-015bd614035d	Product	 Banqueta BEER sin respaldo 	<p>Banqueta en madera teka y fibra de loom. </p><p></p><p>Medidas: </p><p>70 cm de altura. </p><p>Asiento: 35 x 40 cm</p><p></p><p>*disponibles en beige y negro*</p>	339e71_16b85f3538554019aea696b93a941515~mv2.jpg;339e71_ebda5dc6bf744d899c47737b475bbf23~mv2.jpg;339e71_5d1867147e5942baa7d0577ed573fe7e~mv2.jpg;339e71_2529c36cec9a4f5da180b6adbb510563~mv2.jpg;339e71_bb2f2250666c4eaa94751fc295fabd35~mv2.jpg	Mobiliario;Sillas;Sillones/bancos			7900		true	PERCENT	0	OutOfStock																																							
product_0a974b39-663a-1f74-6310-bc79b9959656	Product	Pino en chapa chico 	<p>Medidas: 28 cm altura </p>	339e71_3e1a344e1b49452e8463a0f810af0e2f~mv2.jpg	Navidad			1190		true	PERCENT	0	OutOfStock																																							
product_6c497ea6-04e0-2169-33f7-89e51fbc5beb	Product	Pino en chapa mediano 	<p>Pino apto para exterior</p><p>Altura: 37 cm </p>	339e71_3e1a344e1b49452e8463a0f810af0e2f~mv2.jpg	Navidad			1390		true	PERCENT	0	OutOfStock																																							
product_d1f54488-ba4d-5927-aa0d-7806e79888ad	Product	Pino en chapa grande 	<p>Pino en chapa apto para exterior. </p><p>Altura: 50 cm </p>	339e71_3e1a344e1b49452e8463a0f810af0e2f~mv2.jpg	Navidad			1600		true	PERCENT	0	OutOfStock																																							
product_200394da-e58f-dbe6-9873-a92fc6e93f30	Product	Corazones navideños	<p>Medidas: 25 cm diámetro | 54 total largo (desde arriba a abajo) </p>	339e71_6a1358398be244bdafadc59cdae1afd3~mv2.jpg;339e71_bc892eb1b6c14889ac515d926fe44e99~mv2.jpg	Navidad			620		true	PERCENT	0	InStock																																							
product_92694548-53ce-7fed-9e01-109a840ae5b1	Product	Hielera	<p>Medidas: 16 x 16 | altura: 15 cm </p><p>Altura con manija: 24 cm </p><p></p><p>Incluye pinza</p>	339e71_71c49f3b47524bf885964e11d0dda440~mv2.jpg	Cocina			1100		true	PERCENT	0	OutOfStock																																							
product_38f0e873-0be1-9beb-840d-4a222f38f3b6	Product	Butaca Amy black 	<p>Sillas en madera teka y fibra de loom </p><p>Medidas: </p><p>Respaldo (solo fibra): 65 x 41 cm  </p><p>Asiento(solo fibra): 65 x 50 cm  </p><p>Altura total: 70 cm </p><p>Profundidad total (de patas de atrás al frente): 80 cm</p>	339e71_3a237424a1364d61b3c19cc57ba330a5~mv2.jpg;339e71_d64e8df7935346f79d78508177c14145~mv2.jpg	Sillas;Mobiliario;DESCUENTOS	SIL0008		12900		true	PERCENT	20	4																																							
product_cbe4a2b1-46b8-3a4c-fbd5-dda0989a47a6	Product	Alfombra yute negra	<p>Medidas: 2 mt x 1.40 mt</p>	339e71_bfd83077f5254d3d9e298d263d2b19d3~mv2.jpg	Alfombras;Decoración;Textiles			9500		true	PERCENT	0	OutOfStock																																							
product_e8690636-a0eb-db1e-bf1d-af71aa5f4d81	Product	Alfombra yute clásica 	<p>Medidas: 1.40 x 2 mt </p>	339e71_8ce38a485774405ea9918c677de5d591~mv2.jpg;339e71_9249db94e1f745a8ba11d83c95d4eac6~mv2.jpg	Alfombras;Textiles;Decoración			8900		true	PERCENT	0	OutOfStock																																							
product_a1fc1866-954c-5ab3-26c1-8ade26b296b4	Product	Corona fiestas especiales 	<p>Medidas: 30 cm diámetro. </p><p>Largo total: 60 cm </p>	339e71_69a823cf605245969f3de923600b0743~mv2.jpg	Navidad			790		true	PERCENT	0	InStock																																							
product_b4adafea-500a-9cc2-c3ff-80a65038f3cc	Product	Corona retazos 	<p>Medidas: 30 cm diámetro </p>	339e71_e6ed87f5ebf04548a18cd8bebaf89150~mv2.jpg	Navidad			890		true	PERCENT	0	InStock																																							
product_ec2f41d3-c422-ec6c-0066-ffceafa813bf	Product	Botas de tela 	<p>Medidas: </p><p>31.5 x 22 x 12 cm </p>	339e71_d013cc455d4f4a918f761349f73199af~mv2.jpg;339e71_6ce806bfb7074fd68dde2cfa65554299~mv2.jpg	Navidad			490		true	PERCENT	0	InStock																																							
product_befa420d-58f5-a50b-7083-b723d15972bc	Product	Papá Noel grande 	<p>Altura aprox: 26 cm </p>	339e71_ca0333137cae452594734a3d9a30d479~mv2.jpg	Navidad			590		true	PERCENT	0	InStock																																							
product_6ff22ef3-ce88-5488-f0f3-a2103a0966b1	Product	Papá Noel pequeño 	<p>Medida: 20 cm aprox altura </p>	339e71_e7d68bf37791462fad0072255ab41d84~mv2.jpg;339e71_b3fc224334a24b768418e96e7f9d177f~mv2.jpg;339e71_4f5fe88516084a3194d98475ded8f84d~mv2.jpg	Navidad			450		true	PERCENT	0	InStock																																							
product_e16adaf4-8364-b595-5f84-26fe71d1e745	Product	Papá Noel con luces 	<p>Medidas: </p><p>Base: 10 x 4.5 cm | altura: 20 cm </p>	339e71_94ea2b9a5ecf44f9bfdf0c30d5e8f3c1~mv2.jpg;339e71_37abaf98288a4b67a12918da167fc860~mv2.jpg	Navidad			490		true	PERCENT	0	InStock																																							
product_b41f99e9-e91d-b8f2-1f38-4dedcde8d71e	Product	Cuadrito Navidad chico 	<p>Medidas: 20 x 20 </p><p>Tiene luces </p>	339e71_5b079313e8b54515b981e3758d4e68b8~mv2.jpg	Navidad			450		true	PERCENT	0	InStock																																							
product_685da295-e6ad-d50a-6d58-d7f7d2609ff3	Product	Cuadrito Navidad grande 	<p>Cuadro con luces. </p><p>Medidas: 25 x 25 cm </p>	339e71_83f3d75257714c7084e3cc7f8431a0ac~mv2.jpg;339e71_6068a19de24f41a5b97bde197b66533e~mv2.jpg	Navidad			550		true	PERCENT	0	InStock																																							
product_70242b95-ebab-684c-f2d1-393f2aa4d2d8	Product	Pinito con papá Noel 	<p>Medidas: base: 13 x 2 cm | altura: 17 cm </p>	339e71_253c62b143c54ca4baee5e27ffe06d05~mv2.jpg	Navidad			390		true	PERCENT	0	InStock																																							
product_9081965b-2491-dfde-7a91-e65509145514	Product	Pinito luz 	<p>Base: 10 x 5 cm | altura: 29 cm </p>	339e71_1d3e58abdfad4cbdb02f4cc7680d14fe~mv2.jpg;339e71_84392cae3e9c43deb61870bcd55c3e0f~mv2.jpg	Navidad			490		true	PERCENT	0	InStock																																							
product_e0e24576-dde9-470a-0893-d5b3f9803638	Product	Pino borlas 	<p>Medidas: 25 x 10 cm </p>	339e71_f0d85b26360f4302a95183a80b475d34~mv2.jpg	Navidad			650		true	PERCENT	0	InStock																																							
product_50ed784b-1d04-6c72-bf58-a6db818ecd6e	Product	Fanal varillas chico 	<p>Medidas: </p><p>Altura: 48 cm | diámetro: 22 cm </p>	339e71_3e3a66bbab40432abe76609b4c66adf7~mv2.jpg;339e71_dce64e49f50640c2994e132645ade0cb~mv2.jpg	Decoración;Adornos;Candelabros / Fanales			1900		true	PERCENT	0	OutOfStock																																							
product_e08de79b-b1d9-3b0f-1df3-5eb84deb9f32	Product	Fanal varillas grande  	<p>Medidas: </p><p>altura: 54 cm | diámetro: 26 cm </p>	339e71_cd23af68f33d47f984bb9f241a9b31a2~mv2.jpg;339e71_d47ecc55d8524274b4f55c664870dc77~mv2.jpg;339e71_2f366c23a81d4e46825f39ad4fc95c66~mv2.jpg	Adornos;Decoración;Candelabros / Fanales			2100		true	PERCENT	0	OutOfStock																																							
product_d8a2c65c-5d1e-7d43-a9e2-196dc1462cfd	Product	Jarrón RUM grande 	<p>Medidas: </p><p>Altura: 30 cm </p><p>Diámetro boca: 11 cm | medio: 18 cm </p>	339e71_77a92b4daedc49b3b6b4533a2e5cb789~mv2.jpg;339e71_d90ac250ad964f99a72a7a00bde82efa~mv2.jpg				3290		true	PERCENT	0	OutOfStock																																							
product_ae2be4ef-829b-8d41-ab43-854cba1862b2	Product	Jarrón RUM chico 	<p>Altura: 20 cm </p><p>Diámetro boca: 11 cm | diámetro medio: 17 cm </p>	339e71_a0a62ba186b84a9c8f84f948939e4641~mv2.jpg;339e71_fe86d60467834c12a25636c5b1a9fbcc~mv2.jpg	Adornos;Decoración			3190		true	PERCENT	0	OutOfStock																																							
product_6136688e-709b-f370-cb8e-79b660498626	Product	Jarrón BOT 	<p>Medidas: </p><p>Altura: 26 cm | diámetro boca: 8.5 cm | diámetro medio: 22 cm </p>	339e71_ba60807cca464c3ab54a2822bb3ce67c~mv2.jpg;339e71_7f0a21c78f7f4ce4b6efd6cd0607a6ef~mv2.jpg;339e71_579c8dc32d0b43eb94c3eba324495a5b~mv2.jpg	Decoración;Adornos			2990		true	PERCENT	0	OutOfStock																																							
product_8b43d09a-bc1a-413a-27c5-f9630ede85e2	Product	Jarrón HIG doble 	<p>Altura: 36 cm | diámetro boca: 14 cm</p><p></p><p>Diseñado en cerámica </p>	339e71_577c54de6e694bdfaf7e0f1af3d5647a~mv2.jpg;339e71_c2bd8f662425489ebd9f8fe3a70d8689~mv2.jpg	Adornos;Decoración			3590		true	PERCENT	0	1																																							
product_83e78e3a-5be3-84b2-9942-d41f26be8288	Product	Cuenco GOLD	<p>Cuenco en cerámica </p><p>Medidas: </p><p>Diámetro: 20 x 23 cm | altura 13.5 cm </p>	339e71_8a89caea24bd40539d868b76ff218bd5~mv2.jpg;339e71_bce8f956440746c19ecb0ef18386bdb8~mv2.jpg;339e71_34a2723a4e844696a460a7bdfef08dce	Decoración;Adornos	CUE0002		1690		true	PERCENT	0	InStock																																							
product_a4174221-e274-53fe-875c-0c4cfa97373b	Product	Jarrón caramelo PEQUEÑO	<p>Jarrón en cerámica </p><p>Medidas: </p><p>Altura: 20 cm | diámetro boca: 5 cm | diámetro total: 16 cm </p>	339e71_3041e2396bc9412da1eedbc77590e0d9~mv2.jpg	Decoración;Adornos	JAR0021		2590		true	PERCENT	0	OutOfStock																																							
product_a11545e3-4020-a3c7-6fb8-cd8c9adef7de	Product	Jarrón caramelo GRANDE 	<p>Jarrón en cerámica </p><p>Medidas: </p><p>Altura: 30 cm | Diámetro boca: 5 cm | Diámetro total: 17 cm </p>	339e71_a315bd3bd6ba41c1820969e4a9b67f4d~mv2.jpg	Decoración;Adornos	JAR0020		2790		true	PERCENT	0	OutOfStock																																							
product_8f1e476e-8961-7944-a0fa-ca3797aa7175	Product	Candelabro caramelo PEQUEÑO 	<p>Candelabro en cerámica </p><p>Medidas: </p><p>Altura: 17 cm | diámetro base: 13.5 cm | diámetro arriba: 10 cm </p>	339e71_b9e4712acc3d414a9392adb4a172d103~mv2.jpg;339e71_a5b330bead104d359db8102dff0005e8~mv2.jpg	Adornos;Decoración;Candelabros / Fanales	CAN0045		1590		true	PERCENT	0	1																																							
product_019bff86-30a6-9fcc-2243-8e3ecf44dcea	Product	Candelabro caramelo GRANDE 	<p>Candelabro en cerámica. </p><p>Medidas: altura: 23 cm | diámetro base: 13.5 cm | diámetro arriba: 10 cm </p><p></p><p>NO INCLUYE VELA</p>	339e71_3c7a5f402e134178aedb119881b91a1d~mv2.jpg;339e71_e6dbd20a14e648f3a208d6dedf5b3b15~mv2.jpg	Decoración;Candelabros / Fanales;Adornos	CAN0044		1790		true	PERCENT	0	1																																							
product_2256c3d8-25cc-944a-d5b8-c6686b0ddacc	Product	Candelabro Aqua 	<p>Candelabros en cerámica </p><p>PRECIO POR UNIDAD</p><p>Altura: 26 cm | diámetro: 16 cm </p><p></p><p>No incluye vela </p>	339e71_a90d9668de044e988cb843ec89a2ec4b~mv2.jpg;339e71_881808398dac48e1a6099ebf12c7207f~mv2.jpg;339e71_f6a1c5339223422ba8c9fe8687173c0f~mv2.jpg	Adornos;Decoración;Candelabros / Fanales;DESCUENTOS	CAN0046		2900		true	PERCENT	20	2																																							
product_eac9ef53-8109-010f-dd1d-a40af98bda2d	Product	Cuadro Flowers	<p>Cuadro bordado a mano. </p><p>Medidas: 72 x 44 cm </p>	339e71_5873b9da011a4de785bcf73df8314a9d~mv2.jpg;339e71_cd344f4454914cbb904afd442c858d61~mv2.jpg	Adornos;Cuadros;Decoración	CUA0011		3900		true	PERCENT	0	OutOfStock																																							
product_f5a35fd8-ba3a-befb-4320-0bed3e9c9c43	Product	Cuadro Orange 	<p>Cuadros bordados a mano. </p><p>Precio por unidad. </p><p></p><p>Medidas: 60 x 40.</p><p></p>	339e71_79a62943a3524b5cbfd6712f2b353f40~mv2.jpg	Adornos;Cuadros;Decoración	CUA0012		3900		true	PERCENT	0	1																																							
product_9279afba-7fbd-5966-4867-d8db5fc5b722	Product	Hoja decorativa chica 	<p>Medidas: altura: 44 cm | base:13 x 9 cm </p>	339e71_2a279ceaa8ee4395a3cff0d0afac7559~mv2.jpg;339e71_bab6b7bfd60f45c2b3d1b79fced661e9~mv2.jpg	Decoración;Adornos			2190		true	PERCENT	0	OutOfStock																																							
product_010d667a-32a6-cd69-237a-20ad1246e91c	Product	Hoja decorativa grande 	<p>Altura: 56 cm | base: 16 x 10 cm </p>	339e71_57d35858bbf84fa2abd5fe0ef48b5d81~mv2.jpg;339e71_311aa2223bcc48bca70aedc509cc487f~mv2.jpg	Decoración;Adornos			2590		true	PERCENT	0	InStock																																							
product_717278a9-e834-02c4-cd8f-c6b192d9d73d	Product	Espejo cuadrado 	<p>Medidas: 60 x 60 cm </p>	339e71_3f220d7f5a3746fba8807b95cb73fb78~mv2.jpg;339e71_603c000911ca4f1899239d624885b95d~mv2.jpg	Espejos;Mobiliario			3390		true	PERCENT	0	OutOfStock																																							
product_c5666b3e-3278-edf2-372e-db2a6a1124df	Product	Plato decorativo Rai pequeño 	<p>Plato en cerámica y madera. </p><p>Medidas: diámetro: 25 cm </p>	339e71_d17a109c636f4cd2879dbc4fd52e56b1~mv2.jpg;339e71_8b0b4d52eeab4680b714c1706c010995~mv2.jpg;339e71_78e0a4a3272c4b83b62faf56937c2eea~mv2.jpg	Decoración;Adornos;Bandejas	PLA0002		1690		true	PERCENT	0	OutOfStock																																							
product_052a7b7f-c5ca-7d32-d023-b263a76d54e0	Product	Plato decorativo Rai grande 	<p>Plato en madera y cerámica. </p><p>Medidas: 35 cm diámetro </p>	339e71_a34385efcaba4097a03a3c869817f889~mv2.jpg;339e71_51aa590a0fed4d488803eca8a82c425a~mv2.jpg;339e71_74096eda971b4575a502f3c8edd49074~mv2.jpg	Decoración;Adornos;Bandejas;DESCUENTOS	PLA0001		2390		true	PERCENT	25	1																																							
product_345c82e4-e1d6-0ecb-f51b-8ffc95dd5e9b	Product	Jarra Brown	<p>Medidas: altura: 21 cm | base: 16 x 8 cm </p>	339e71_ffd9d601346b4af983a13f458400550c~mv2.jpg	Decoración;Adornos			2650		true	PERCENT	0	OutOfStock																																							
product_1525fb80-abc7-6f0c-c45d-e081822ded58	Product	Jarrón blanco y estaño 	<p>Medidas: 32 cm | diámetro 19 cm | boca: 10 cm </p>	339e71_606eb6dfb5b14f42ac0598d22637df32~mv2.jpg;339e71_cb3a771ca34349a89487788c5c782b8c~mv2.jpg	Decoración;Adornos			3950		true	PERCENT	0	OutOfStock																																							
product_8e664b1a-743f-80d8-b40b-dd70314a4ef3	Product	Jarrón blanco y estaño con bola  	<p>Altura: 34 cm | diámetro: 16 cm </p><p>Diámetro boca: 8 cm </p>	339e71_d571b1aa2c38409c84bfdeab80641114~mv2.jpg;339e71_407822cd423d43fc88813abcbbe24c1b~mv2.jpg	Decoración;Adornos	JAR0012		3950		true	PERCENT	0	OutOfStock																																							
product_28f5294f-a42e-281c-052b-ae075b9676d6	Product	Colgante decorativo 	<p>Medidas: 49 x 49 cm </p><p>Diámetro frascos: 10 cm </p>	339e71_b503ade9cafc49c782b7f87ee40ccd78~mv2.jpg;339e71_50d25ebcf4724e279a25e069c160432b~mv2.jpg;339e71_7c17b7412da74b4eb74154678fe9ff20~mv2.jpg	Decoración;Adornos			2190		true	PERCENT	0	OutOfStock																																							
product_0d3c9f9f-2663-d918-b937-0f4aa943941b	Product	Canasto BW pequeño 	<p>Medidas: 27 x 35 cm | Altura: 19.5 cm </p>	339e71_26c1ded3cc804d3f945660d200713165~mv2.jpg;339e71_ce6f55e8325144538350f110ed55464c~mv2.jpg;339e71_8ecd28c9f9154a798aac41a86675822f~mv2.jpg;339e71_667f005bed034c25bde40e7e4c2f927a~mv2.jpg	Decoración;Canastos			1890		true	PERCENT	0	OutOfStock																																							
product_a57dfbc7-533e-87ac-eb3a-1fe27393b178	Product	Canasto BW grande 	<p>Medidas: 40 x 32 | altura: 26 cm </p>	339e71_d67abec399934bb99a15cb6c31fec610~mv2.jpg;339e71_521ad7ceb6844fc988fe2b8b3b9874db~mv2.jpg;339e71_b1f6a881163c47a39cbfe136323e20c7~mv2.jpg;339e71_53014095c2214f79afb795aeb43bbd12~mv2.jpg	Decoración;Canastos	CAN0037		2690		true	PERCENT	0	1																																							
product_006431b4-b51e-ffb6-07db-398481642f8b	Product	Maceta Gold Chica 	<p>Medidas: diámetro: 14 cm | altura: 13 cm </p><p></p>	339e71_ce410eda3c5a400d9887d49b5cd216af~mv2.jpg;339e71_e540b37a4b3d48d6ae7d0fc51292ed4b~mv2.jpg;339e71_481af65d8a6f4f57a0b5764fc8a89ce6~mv2.jpg;339e71_27b57403c8c842c0a606c2f832656ba5~mv2.jpg	Decoración;Plantas / Jardín			1190		true	PERCENT	0	OutOfStock																																							
product_e2883a72-1d00-a1e2-758f-2d7e06bac11e	Product	Maceta Gold Mediana 	<p>Medidas: Diámetro: 19 cm | altura: 18 cm </p>	339e71_6595c473fbe84c069ca4bf710e84dbb1~mv2.jpg;339e71_3eb3fd1efa114b4fb8b0d4bfe507a2e7~mv2.jpg;339e71_54bae50cae7e4f468af61fc32aa2968f~mv2.jpg	Decoración;Plantas / Jardín			1490		true	PERCENT	0	OutOfStock																																							
product_7d638103-4898-d23b-3b6a-4426affcc1c5	Product	Maceta Gold grande 	"<p>Medidas: diámetro: 23 cm | altura: 21,5 cm </p>"	339e71_d3e96983ad5d459fa7371bd7b644cbad~mv2.jpg;339e71_db1c7cca331649bea49edae961ee2d67~mv2.jpg;339e71_8df6fe3e0b8e4e538576ac06e7b60010~mv2.jpg;339e71_17ca3e638201433793e946cc5bcd0754~mv2.jpg	Decoración;Plantas / Jardín			1890		true	PERCENT	0	OutOfStock																																							
product_69fce807-5803-501e-02a9-1d76fa165cdb	Product	Tacho Pequeño 	<p>Medidas: alto: 29 cm | Ancho: 19 cm | Prof: 16 cm </p>	339e71_61df22dd5ffb4e6badd0558ddeacf3c7~mv2.jpg;339e71_5d4bf4b8cce64a8a9f369e28a4a4db74~mv2.jpg;339e71_f77f5e511cdc451e9a145a54bd09da7c~mv2.jpg;339e71_4edc06c3d4ff41f18658f5b723ae3146~mv2.jpg	Decoración;Adornos			1690		true	PERCENT	0	OutOfStock																																							
product_afd1fede-2477-c935-f74b-3dc832784cbd	Product	Tacho grande 	<p>Medidas: </p><p>Altura total: 36 cm | ancho: 24 cm | Prof: 18 cm </p>	339e71_58bd5b7fff954426a161979e4214076e~mv2.jpg;339e71_3bfc0039ccaa4b848e088854e14ac426~mv2.jpg;339e71_ee6d2c617c314647bd5f32a2d1550872~mv2.jpg	Decoración;Adornos			1790		true	PERCENT	0	OutOfStock																																							
product_a11c96aa-1028-224b-2542-b5e7fce5bdd1	Product	Bandeja Cue 	<p>Bandeja con asas en cuero </p><p></p><p>Medidas: 30 x 30 | altura: 6 cm </p>	339e71_a86e306aec1a47508ef720e9825f91ef~mv2.jpg;339e71_48d8acddb23f4a448e86540890c0a566~mv2.jpg	Bandejas;Decoración;DESCUENTOS	BAN0035		1690		true	PERCENT	12	1																																							
product_510f8e62-600b-9b04-3c80-54a813ae1616	Product	Cubre torta cuadrado	<p>Cubre torta en madera y vidrio</p><p></p><p>Medidas: 28 x 28 cm | altura: 22 cm </p>	339e71_3e60610627e446d280f97d1ab04e5735~mv2.jpg;339e71_2bf9863c2434481a98c442c56dee3cf1~mv2.jpg	Decoración;Bandejas;Cocina			2490		true	PERCENT	0	OutOfStock																																							
product_e897898d-48ac-5f9a-ef16-38a9dfacfb88	Product	Bandeja Est Pequeña  	<p>Bandeja en madera con esterilla y vidrio. </p><p></p><p>Medidas:  38 x 25 x 6 cm </p>	339e71_45a8bc5adfd349fd83f4f140428fa608~mv2.jpg;339e71_fba9aa2875414e02a4e945d958f497f4~mv2.jpg;339e71_9c5dee791f034d1382ce7259b17f0322~mv2.jpg	Bandejas;Decoración			2490		true	PERCENT	0	OutOfStock																																							
product_85817059-2c19-0dbc-d505-ccedbaf7c745	Product	Bandeja Est Grande  	<p>Bandeja en madera con esterilla y vidrio. </p><p></p><p>Medidas: 43 x 30 x 6 cm </p>	339e71_ad6c794b539b4a6c928b3c77730cdb08~mv2.jpg;339e71_90a5dcfcdbd5462a8d45002e1bfcc01a~mv2.jpg;339e71_22172b2857a245d5a10810fbb825c5e8~mv2.jpg	Bandejas;Decoración			2690		true	PERCENT	0	1																																							
product_8c3e20aa-5351-62c5-84ee-189b022f6a1b	Product	Bancos hierro y madera rectangular	<p>Precio por unidad. </p><p>Medidas: 32 x 44 cm | altura: 30 cm </p>	339e71_d08b3e4c603e48bd9ce5490c7b79862b~mv2.jpg;339e71_aef7f0a9735f42aaa96dcbdf7a8058e0~mv2.jpg;339e71_003f008b7be54a4093db6e2cabce2902~mv2.jpg	Sillones/bancos;Mobiliario			2900		true	PERCENT	0	OutOfStock																																							
product_7bd98906-e460-3b80-7415-88567a4d44d6	Product	Tríptico flowers 	<p>Cuadros en chapa calada a mano con terminación de pátina para que genere efecto oxidado. </p><p></p><p>Medidas individuales: 36 x 77 cm</p>	339e71_9aaf2303e64a45029e5c6f50954416e6~mv2.jpg	Cuadros;Decoración			7800		true	PERCENT	0	OutOfStock																																							
product_d0a3cf2a-dc57-c9bc-aae7-299c64d9e2dc	Product	Cuadros Flowers 	<p>Cuadros en chapa calada a mano con terminación de pátina para que genere efecto oxidado. </p><p></p><p>Medidas: 36 x 77 cm </p><p>*Precio por unidad* </p>	339e71_7d84d08046f74c4285bd456097e7f78a~mv2.jpg	Cuadros;Decoración;DESCUENTOS	CUA0009		2690		true	PERCENT	20	1																																							
product_69180fc0-4677-05d9-f5f2-5bc400052ebb	Product	Veladora Black 	"<p>Lamparitas led, inalámbricas. </p><p>Cuentan con cargador. </p><p></p><p>Medidas: 38 cm altura | 10 x 10 base </p>"	339e71_da5dcba8bea94edd9e78b2d2e0529030~mv2.jpg	Decoración;Iluminacion	VEL0046		3690		true	PERCENT	0	OutOfStock																																							
product_6aa548ce-7549-deda-9459-598a909fc702	Product	Bandeja Labi Grande 	<p>Medidas: 40.5 x 25 cm </p>	339e71_3b2209334f2c4a529cf4f24d6b915adc~mv2.jpg;339e71_cb39c560a00f402799ce7d46d2fcb412~mv2.jpg;339e71_c5357df6e06943d191bb68c6228c8a1a~mv2.jpg;339e71_ce052bf6750a4faaba2c4297d4d3639e~mv2.jpg	Decoración;Bandejas			2190		true	PERCENT	0	OutOfStock																																							
product_8af45bca-f484-5465-297a-4bda3afdb8a8	Product	Bandeja Labi pequeña 	<p>Medidas: 31 x 21 cm </p>	339e71_f0b4187714894479bebfcc1501948aaf~mv2.jpg;339e71_179e650432944882aea15ebfd62ecb6a~mv2.jpg;339e71_0b8b5a6c069c449aab653fd5d185abdb~mv2.jpg;339e71_32d773526f0b4c64a476197e988b5e23~mv2.jpg	Bandejas;Decoración			1890		true	PERCENT	0	OutOfStock																																							
product_d20fc713-5899-fcc5-1d94-06e3c192f8f8	Product	Banco en cuero	<p>Producción 100% nacional. </p><p>Medidas: 1 mt x 40 cm | altura: 45 cm </p>	339e71_df533a483b8548aea31759bc78baac8c~mv2.jpg;339e71_63d4e45be1fe448caad2dcb43b556eed~mv2.jpg;339e71_551d27ff70cf46309c3dfd9a7ceef1a9~mv2.jpg	Mobiliario;Sillones/bancos;DESCUENTOS	BAN0046		25900		true	PERCENT	20	1																																							
product_276eb06c-9c55-9049-ccc1-a8738d69c7d0	Product	Virgen chapa calada chica  	<p>Virgen en chapa calada a mano con patina simulando oxidado. </p><p>Cuenta con un separador en la parte de atrás para que genere efecto 3D. </p><p></p><p>Medidas: 40 x 30 cm </p>	339e71_8d799b2e1b04466e9fc0da9249c0b1b7~mv2.jpg;339e71_27029fbc9f9f40208bb09b892255c931~mv2.jpg;339e71_00d71c7ea907469cb2a4dd4fcd0d8a75~mv2.jpg	Religiosos			2890		true	PERCENT	0	3																																							
product_088d9427-e3a0-3ed9-b220-cdc28bb56535	Product	Virgen chapa calada mediana 	<p>Virgen en chapa calada a mano con patina simulando oxidado. </p><p>Cuenta con un separador en la parte de atrás para que genere efecto 3D. </p><p></p><p>Medidas: 55 x 40 cm </p>	339e71_1bc8715014e74f44a6a466499e25917c~mv2.jpg;339e71_664b5438ab6e430998b99e7aa745f23f~mv2.jpg;339e71_641c1f4a00ff43b6962cdd319eb2852a~mv2.jpg	Religiosos			3490		true	PERCENT	0	2																																							
product_f39333ac-0a97-e382-cf57-c9ec95db17a9	Product	Bandeja hojas mediana 	<p>Bandeja laqueada </p><p>Medidas: 29 x 23 cm </p>	339e71_6e3abef6610143318e1d10d62f31c9ca~mv2.jpg;339e71_35e0effb5ba8443b876ee3c141904a7d~mv2.jpg				2290		true	PERCENT	0	OutOfStock																																							
product_0a7422d0-424b-3412-da88-3aa6fff76754	Product	Bandeja hojas grande  	<p>Bandeja laqueada. </p><p>Medidas: 34 x 27 cm </p>	339e71_bcead3f0494b484abc3cc680cefae524~mv2.jpg;339e71_a716496fb57d4c249e84440aa3a225f0~mv2.jpg	Bandejas;Decoración			2690		true	PERCENT	0	OutOfStock																																							
product_e2005a7d-adfd-56eb-ef21-986d1024931e	Product	Porta torta red 	<p>Medidas:  38 x 25 cm | altura máxima: 27 cm </p>	339e71_03e00527e461478fbd8e2447ec95d33f~mv2.jpg	Cocina;Decoración	POR0033		1390		true	PERCENT	0	2																																							
product_153cc528-cfbf-c69c-913e-0125e16fbf82	Product	Jarra rustic 	<p>Medidas: </p><p>Altura total: 34 cm | ancho boca: 5 cm | ancho máximo aprox: 20 cm </p>	339e71_7f8437f32a67461d801d8c0883174c91~mv2.jpg	Decoración;Adornos			2890		true	PERCENT	0	OutOfStock																																							
product_2522bb32-6a51-c78e-9fc9-4edc6151ba78	Product	Espejo Fib	<p>Medidas: 0.80 diámetro </p>	339e71_949a5fa48cf74c8ca06657ccfd29a062~mv2.jpg;339e71_d2556311f02f4288a024cf9ca60c536c~mv2.jpg	Espejos;Mobiliario;Decoración			5900		true	PERCENT	0	OutOfStock																																							
product_a0dc6f12-ca87-c6f1-4d1f-2b9bb0dd95d8	Product	Cuadros Pint	<p>Medida total: 34 x 26 cm </p><p></p><p>PRECIO POR UNIDAD</p>	339e71_3fbb89f1d0954ae996f2e818e7af2ccb~mv2.jpg	Cuadros;Decoración			2490		true	PERCENT	0	OutOfStock																																							
product_11247f57-ad25-0e65-8964-e6eafdd2a450	Product	Fanal Cal chico 	<p>Fanal decorativo. </p><p>Medidas: </p><p>Altura: 30 cm | diámetro: 13 cm | ancho máximo: 20.5 cm  </p>	339e71_0330d899834440e1b24a3534fb514741~mv2.jpg;339e71_39ed101005684c708506aca3192e75f9~mv2.jpg	Adornos;Decoración;Candelabros / Fanales	FAN0054		2390		true	PERCENT	0	1																																							
product_ce9563bf-85dc-e841-1c6b-1b83a4d869f0	Product	Candelabro Gold pequeño 	<p>Medidas: </p><p>Altura: 10 cm | diámetro arriba: 12 cm </p><p></p><p>No incluye vela </p>	339e71_5d5ed7ab3a5245c0a08964e3f95d8ac9~mv2.jpg;339e71_8ca8884cba6c461fb4de4156833d59cb~mv2.jpg	Decoración;Adornos;Candelabros / Fanales	Can0041		1100		true	PERCENT	0	OutOfStock																																							
product_c1c7150a-8c44-cc31-e3a4-647bab8faa17	Product	Candelabro Gold mediano 	<p>Medidas: </p><p>Altura: 18 cm | diámetro arriba: 12 cm </p><p></p><p>No incluye vela </p>	339e71_b681345f6ed14c5ba873a1910a4f0bb2~mv2.jpg;339e71_d2262dd5d27b44e5bb9226cdcf52a2a8~mv2.jpg	Decoración;Adornos;Candelabros / Fanales	CAN 0042		1290		true	PERCENT	0	OutOfStock																																							
product_db842a9a-72aa-d276-9ebb-fbd2f33f7768	Product	Candelabro Gold grande 	<p>Medidas: </p><p>Altura: 22 cm | diámetro arriba: 12 cm </p><p></p><p>No incluye vela </p>	339e71_55ae6a8b98444bc7995a4613a4ea05dc~mv2.jpg;339e71_042acc87d7c84ded9d2dada779c54431~mv2.jpg	Decoración;Adornos;Candelabros / Fanales	CAN0043		1490		true	PERCENT	0	OutOfStock																																							
product_3ed3cc8e-f3e0-6c63-178f-39fd04034bfb	Product	Fanal hierro pequeño 	<p>Medidas: 23 x 23 cm | altura: 60 cm </p><p></p><p>INCLUYEN: porta vela + vela</p>	339e71_0e0b19d87cf44d84b96795271b562f5f~mv2.jpg;339e71_28462782c91344348c05774d3d4730b7~mv2.jpg;339e71_8c13f879d52f44139ac413b26ab5a618~mv2.jpg	Decoración;Adornos;Candelabros / Fanales			1890		true	PERCENT	0	OutOfStock																																							
product_0fc84a5c-d0c6-937c-018e-6e83de557216	Product	Fanal hierro mediano 	<p>Fanal en hierro mediano. </p><p>Base: 24 x 24 cm | altura: 70 cm </p><p></p><p>INCLUYE: porta vela + vela </p>	339e71_91d07ad4ccb040a8bf63e4ec1c6dc10e~mv2.jpg;339e71_a85537200cf3423bb445dfd6bb4f498c~mv2.jpg;339e71_dcb027e5ade24c449965b2edfe809e0d~mv2.jpg	Decoración;Adornos;Candelabros / Fanales			2390		true	PERCENT	0	OutOfStock																																							
product_b54bc6bc-adc0-ea48-1105-f01ad12f9c06	Product	Fanal hierro grande 	<p>Medidas: 25 x 25 cm | altura: 85 cm </p><p></p><p>INCLUYEN: porta vela + vela </p>	339e71_c628932aeecd48b888976bfc8c58ec4b~mv2.jpg;339e71_00bafd17d0084e528856caff85fccfd2~mv2.jpg;339e71_de21c039dcb647c8a0107a424b2cdfec~mv2.jpg	Adornos;Decoración;Candelabros / Fanales			2890		true	PERCENT	0	OutOfStock																																							
product_b2378e6c-c43f-ba0a-092a-4ad50baecab1	Product	Candelabros rustic 	<p>Medidas: </p><p>Altura: 30 cm (sin vela) </p><p>Diámetro: 10 cm</p><p></p><p>* precio por unidad* </p>	339e71_ce9758c7fef547b3b36385d2a26ae15c~mv2.jpg;339e71_c59f70a87cd445c39063154f1c9a1e38~mv2.jpg	Adornos;Decoración;Candelabros / Fanales			990		true	PERCENT	0	2																																							
product_f40fcccf-db75-c7a3-29aa-851a15b71890	Product	Pie de cama boho 	<p>Medidas: 2 mt x 0.70 </p>	339e71_a2b71d14b85d4198855a4fd253d0797c~mv2.jpg;339e71_c6687f2c8e2e4072bf1d110d5e2d8116~mv2.jpg;339e71_054a2b4f07504f2ba7caf8f1517f6202~mv2.jpg	Textiles;Decoración			1590		true	PERCENT	0	OutOfStock																																							
product_6f8aebf3-e37d-6350-004a-b0a8f4d853e3	Product	Espejo clasic	<p>Medidas: 76 x 58.5 cm </p>	339e71_d461d832795e43a89430ef3dd705fb4b~mv2.jpg;339e71_f9e6a1ec955445828551a04cd07b6af2~mv2.jpg	Espejos;Mobiliario			2790		true	PERCENT	0	OutOfStock																																							
product_eb1e2a03-f57d-481e-6fe0-08b3fd612bf7	Product	Mesa en bambú y mango 	<p>Medidas: 1 x 1 mt </p><p>Altura total: 34 cm </p>	339e71_1a0747ebbcb542eca6fcca4c5ca80356~mv2.jpg;339e71_ba59d91944be4c19ab849859453e7422~mv2.jpg;339e71_1231bcdd66aa48b49959f9e3625d52e1~mv2.jpg;339e71_c806745ef7d94d60907b3f69149c722d~mv2.jpg	Mesas;Mobiliario			16900		true	PERCENT	0	OutOfStock																																							
product_d1b0fe1f-0da4-e223-be4d-9ea03fdc03c8	Product	Ficus lyrata en maceta 	<p>Medidas: alto 46 cm | ancho maximo: 30 cm </p><p>Maceta: alto 11 cm | diámetro 12 cm </p><p></p>	339e71_fddb4b513c764a4ea7e05c66f4dccb54~mv2.jpg	Decoración;Plantas / Jardín	FLO1078		1100		true	PERCENT	0	1																																							
product_4bc7b1cd-e0d6-8c3c-a6be-4820976abcbe	Product	Almohadón broderie 	<p>Medidas aproximadas: 47 x 29 cm </p><p>*incluye relleno* </p>	339e71_077d8c528d104f6e869225620f85198a~mv2.jpg;339e71_54c768130c914b5ba125acae23b651e1~mv2.jpg	Decoración;Textiles	ALM0013 		1790		true	PERCENT	0	4																																							
product_e074aed9-c2db-9068-ed54-f30556c35ef8	Product	Canasto rayas pequeño 	<p>Medidas: 24 de diámetro x 20 cm alto </p>	339e71_6dc0e8802b0c4139abacad652f136399~mv2.jpg;339e71_1d04c7b42ae94f5e950bda9011eef591~mv2.jpg	Decoración;Canastos	CAN0006		1560		true	PERCENT	0	1																																							
product_bebce69e-a81c-c217-3bd0-8e30207e3e65	Product	Canasto | panera 	<p>Medidas: 30 x 14 cm </p>	339e71_460331f71cee44a09a1e2b913a924f1a~mv2.jpg;339e71_5f438239a34f4eb59d6bd5864144d291~mv2.jpg	Decoración;Canastos			550		true	PERCENT	0	1																																							
product_76d0ebdb-facc-4c4d-ae09-cfbe500ec569	Product	Bandeja | panera 	<p>Medidas: 26 x 18 cm </p>	339e71_2af85f73fd7948a09313a2e6879448d2~mv2.jpg;339e71_6151de7381914b84a33fa2228526d187~mv2.jpg;339e71_e4eff53f5e4848be8f791e17042e8798~mv2.jpg	Cocina;Bandejas;Decoración;DESCUENTOS			890		true	PERCENT	30	1																																							
product_5e6c73b5-aac2-50e4-1286-d905d15829dd	Product	Almohadón con puntilla 	<p>Medidas: 62 x 36 cm </p>	339e71_19358d82bf4d452d91f24d4375d032f8~mv2.jpg	Decoración;Textiles			1990		true	PERCENT	0	OutOfStock																																							
product_d7b00271-8d05-9a4f-bf05-ff110ad4f164	Product	Almohadón Africa black 	<p>Medidas: 62 x 40 cm </p><p>Incluye relleno </p>	339e71_854c20e928004067826ffebb9e1d9cb4~mv2.jpg	Decoración;Textiles			2190		true	PERCENT	0	OutOfStock																																							
product_6dd5084a-e6ed-f8ba-8805-5dc14389b8a3	Product	Espejo rústico blanco 	<p>Medidas: 1.31 x 47 cm </p>	339e71_1372568e1b5e4c76b83a4e65cdf560ff~mv2.jpg	Decoración;Espejos			3800		true	PERCENT	0	OutOfStock																																							
product_338b68e7-bdc9-d7e4-ba50-37b7f369e3e6	Product	Bandeja | copetinero cordón 	<p>Medidas: 47.5 x 15.5 cm </p>	339e71_4b35fcaf26cf40669f40b8cd44abe78b~mv2.jpg	Bandejas;Decoración;Tablas | Copetineros 	FUE0007		2290		true	PERCENT	0	OutOfStock																																							
product_38091bd3-0d50-db75-719a-4bc60a4560b2	Product	Bandeja hojas 	<p>Medidas (con asas): 47 x 26 cm </p>	339e71_807f66986a404382a21abe76c46a9b09~mv2.jpg	Bandejas;Decoración	BAN0040		3590		true	PERCENT	0	OutOfStock																																							
product_8aa01a51-fbe7-66cd-fc50-3a9ad88d09c6	Product	Centro decorativo 	<p>Medidas: 53 x 30 cm </p>	339e71_f52151d397ec4734ae73e89388b58601~mv2.jpg	Decoración;Adornos;DESCUENTOS	DEC0002		3590		true	PERCENT	30	1																																							
product_0e55e767-71d8-d187-8bf1-f5e6da09efb5	Product	Florero stripe  	<p>Medidas: 28 x 15 cm (ancho máximo) </p><p></p>	339e71_926fc5bc2058404982fc77e79500f2d6~mv2.jpg;339e71_504989005e1942f7bc59e9bccad65126~mv2.jpg	Adornos;Decoración	FlO0026		1490		true	PERCENT	0	OutOfStock																																							
product_8e9659cd-26d6-04bb-86a9-d50ba25e3ab9	Product	Florero Simp	"<p>Medidas:&nbsp;19cm de alto por 10,5cm de diámetro superior</p>"	339e71_72111e5e0f86451bb40d2f570c6b0aaa~mv2.jpg;339e71_be90c5bb3dc24cbab310b81624ab216f~mv2.jpg	Decoración;Adornos			490		true	PERCENT	0	OutOfStock																																							
product_447c1b60-2859-854f-9f19-02bc5b175454	Product	Pajaritos rosa	<p>Medidas: 7 cm de alto x 9 cm de ancho máximo.</p><p>Precio por unidad</p>	339e71_72c7f514163f4991b298632f841078a8~mv2.jpg;339e71_85267858131d4abca4891de1065503a8~mv2.jpg	Adornos;Decoración	PAJ0004		550		true	PERCENT	0	OutOfStock																																							
product_df225e7b-8aed-14c3-12e1-3f42c2b25a5e	Product	Candelabros white	<p>Medidas: 98 x 17.5</p><p>Diametro para vela: 7 cm&nbsp;</p><p>SET X2&nbsp;</p>	339e71_5444a3c01fde4c149089f3bdf892555e~mv2.jpg;339e71_1c2ea4e8b8ca4089857d3e46b52fed08~mv2.jpg;339e71_611ae2d8e11f47bf9f1d60f1a40f7f71~mv2.jpg	Adornos;Decoración			3900		true	PERCENT	0	OutOfStock																																							
product_5c26e885-e0ce-2ae6-3688-4d41cc08006c	Product	Canasta Lavie 	<p>Medidas: 26 x 11 cm </p>	339e71_8d42749295cf4daabab9b8a7429c03d6~mv2.jpg;339e71_3dc8674c2c304f118de92335c2a8a3a5~mv2.jpg		BAN0022		750		true	PERCENT	0	2																																							
product_11752447-cd33-44d1-975e-c4832ead646e	Product	Canasto stripe 	<p>Medidas: </p><p>Alto: 40 cm </p><p>Diámetro: 42 cm </p>	339e71_d51a2815053f44a6adaca36d1411c933~mv2.jpg	Canastos;Decoración			2390		true	PERCENT	0	OutOfStock																																							
product_db38e00c-cfa4-19be-ec1f-b888af02300f	Product	Mesa de comedor | escritorio rústico	<p>Medidas: 1.15 x 74 cm | 77 cm de altura </p>	339e71_7ae8854efced44fc95e8ab7a6675d1be~mv2.jpg;339e71_5992110a88cd454c96680c2551cf7212~mv2.jpg;339e71_c6c90c712a584113b73751167357265a~mv2.jpg	Mobiliario;Mesas			11800		true	PERCENT	0	OutOfStock																																							
product_1cbd5074-c69e-c9fd-02f1-506e381a336a	Product	Juego de vajilla negro 	<p>16 piezas.</p><p>4 tazas: 9 x 9 cm </p><p>4 platos llanos: 26 cm diámetro </p><p>4 platos de postre: 20 cm diámetro </p><p>4 bowls: 15 x 7.5 cm </p>	339e71_900d57890c034c4680d7347180bc7596~mv2.jpg	Cocina			2890		true	PERCENT	0	OutOfStock																																							
product_f273b9ab-2926-6ad3-2295-1b9163709592	Product	Juego de estufa x4 cajón 	<p>Medidas: </p><p>Alto total: 85 cm </p><p>Ancho: 20 cm </p><p>Base: 11 cm alto x 22 cm largo x 17 cm ancho. </p><p>Largo piezas: 71 cm </p>	339e71_4195bb7b808b49aaadd64ec5eaa287b4~mv2.jpg	Estufa 	EST0015		5900		true	PERCENT	0	OutOfStock																																							
product_8747c839-9564-19af-f7ea-ee2e088aea87	Product	Juego de estufa x3 HIE 	<p>Medidas: </p><p>Alto: 85 cm </p><p>Ancho: 17 cm </p><p>Base: 23 cm </p><p>Largo piezas: 72 cm </p>	339e71_652b6b7f69ec4fdcbaed872fed7e85c9~mv2.jpg	Estufa 	EST0009		2890		true	PERCENT	0	OutOfStock																																							
product_a8b63f72-e235-2b34-638e-d816ced994f2	Product	Lavanda en maceta 	<p>Medidas: </p><p>Altura total: 18 cm </p><p>Maceta: 7.5 cm | diam: 8.5 cm</p><p></p><p>* especificar color *</p>	339e71_d4a45392ec714303be6288851fa78416~mv2.jpg;339e71_92792468db67492899d846922a0ee43c~mv2.jpg	Decoración;Plantas / Jardín	FLO1080		420		true	PERCENT	0	InStock																																							
product_90af814c-1c1a-4b70-ef39-7e21918856bc	Product	Planta plumerillo	<p>Medidas: </p><p>Altura: 90 cm </p><p>Ancho máximo: 30 cm </p><p>Maceta: 13 cm </p>	339e71_73273e45f2bf4c8ebe89cef415ca33f4~mv2.jpg	Decoración;Plantas / Jardín			2690		true	PERCENT	0	OutOfStock																																							
product_71337b9d-89b9-9f33-4954-354d51c12bce	Product	Porta llaves peltrina	<p>Medidas: 28 x 14.5 cm  </p>	339e71_bc5e8a927c584412b33b8ae11bb8d8be~mv2.jpg	Decoración;Percheros;Mobiliario	LLAV0004		1490		true	PERCENT	0	OutOfStock																																							
product_a4b8f0c5-60e0-af39-5297-334d7a09020f	Product	Mesa de arrime | recibidor  	<p>Medidas: </p><p>Altura: 80.5 cm </p><p>Ancho: 1.30 mt </p><p>Profundidad: 35.5 cm </p>	339e71_08e2755ac5e648ec9e8a767436726b8b~mv2.jpg;339e71_446b31db90e04270a49c322888da4a15~mv2.jpg;339e71_18d26aefd3c643ac8d29be8c44f5cca8~mv2.jpg	Mobiliario;Mesas;Mesas de arrime / recibidores			19900		true	PERCENT	0	OutOfStock																																							
product_6b48b988-1d2c-daeb-c2cd-60f8d4da5c52	Product	Porta llaves hierro y madera 	<p>Medidas: 27 x 7 cm </p>	339e71_2b2bff2849144955b6dfd6da0b2366bb~mv2.jpg	Mobiliario;Percheros;Varios			850		true	PERCENT	0	OutOfStock																																							
product_3d60ab8e-ed39-72a6-c742-b65c2749515c	Product	Cubiertero WHITE 	<p>Medidas: 19 x 19 cm | alto total: 26 cm | alto sin manija: 10 cm </p>	339e71_e27a58e4cc0e406990de8d450d09f933~mv2.jpg;339e71_f5f9ac3bd87f47b49175871626f46a6e~mv2.jpg	Decoración;Cocina			1590		true	PERCENT	0	OutOfStock																																							
product_d143ae2f-72b3-71b2-c87f-56ab434a39d6	Product	Cubiertero x4 	<p>Medidas: </p><p>17 x 17 cm | altura total: 25 cm | base: 10 cm </p>	339e71_e0ea7671c2f346bb989204d591e91aa3~mv2.jpg;339e71_b5efcc13ab1c45df8d94ee71608886a9~mv2.jpg	Cocina;Decoración			890		true	PERCENT	0	InStock																																							
product_1a8be4d7-9b50-8c55-1460-8d7e9e1d792c	Product	Servilletero prensa hierro y madera 	<p>Medidas: 17.5 x 14 cm | altura: 10 cm </p>	339e71_4349c075eb694d53baa1caafbd6f981e~mv2.jpg;339e71_f5c82c9205f3475d8ebc25f7f51befbe~mv2.jpg	Decoración;Cocina			690		true	PERCENT	0	OutOfStock																																							
product_c23ed5d0-d5fa-2779-cc9f-5f3f9e6b2e41	Product	Servilletero vertical WHITE  	<p>Altura: 34 cm </p><p>Diámetro: 14.5 cm </p>	339e71_128e932a937d4836924e5f695cdae11d~mv2.jpg;339e71_2ecf389c18284bc5acfc2ac22512144e~mv2.jpg	Decoración;Cocina			1390		true	PERCENT	0	OutOfStock																																							
product_8721c10c-4c47-ece4-ae86-c161b8e00403	Product	Fuente en peltrina borde cordón	<p>Medidas: 37 x 27 cm </p>	339e71_5a685ca79d85453092c83cf8495b5ef1~mv2.jpg;339e71_e6f9966df65b4aa1a45cf68f29e89b27~mv2.jpg	Decoración;Bandejas			2690		true	PERCENT	0	OutOfStock																																							
product_934f7f7e-486b-c79b-aa58-cade179b6722	Product	Suculenta en maceta 	<p>Altura total: 18 cm </p><p>Altura maceta: 7 cm | diámetro: 8.5 cm </p>	339e71_3838a116c537476dbedfda1d267ac5bd~mv2.jpg;339e71_b0168333617a4631a36b8367fc2e2b69~mv2.jpg;339e71_fa4c88c23f284438b7a8540f34afec43~mv2.jpg;339e71_4f3d5cf177aa49eda5b9e0736bacf412~mv2.jpg	Decoración;Plantas / Jardín	FLO1043		390		true	PERCENT	0	InStock																																							
product_03edbb36-2b5d-4dcf-a3ca-38419c30531a	Product	Planta en maceta Fitonia 	<p>Medidas: 25 cm de altura | ancho max: 26 cm </p><p>Maceta: 8 x 7.5 </p>	339e71_1b8e35ac85d6446681bf3b862ceabcf2~mv2.jpg	Decoración;Plantas / Jardín	FLO1077		490		true	PERCENT	0	InStock																																							
product_24001d8f-dfb3-714a-a7db-c2ce45e6594d	Product	Copetinero | bandeja elefante 	<p>Medidas: 38.5 x 11.5 cm </p>	339e71_69b7f4dddc4b438588e093b722f64cf0~mv2.jpg;339e71_ff8644baf8e84d7f899d111f4662fae7~mv2.jpg	Decoración;Cocina;Tablas | Copetineros 			1390		true	PERCENT	0	OutOfStock																																							
product_720c51de-3d97-aeb0-f8d1-4aba8f8c4744	Product	Servilletero vertical conejo 	<p>Servilletero en peltrina </p><p>Medidas: </p><p>32 cm de altura </p><p>21.5 cm de diámetro </p>	339e71_f8a599a329f548f9bfd88296367eda97~mv2.jpg	Decoración;Cocina			2590		true	PERCENT	0	OutOfStock																																							
product_ff210fd9-518a-167d-91ea-e2f017b1f213	Product	Fuente clásica en peltrina 	<p>Medidas: 30 x 30 cm </p>	339e71_308df34b8833495ca046d557a81f3f1d~mv2.jpg;339e71_d0844b78ae34406f828782a310bd3b36~mv2.jpg	Decoración;Cocina;Bandejas;DESCUENTOS			2590		true	PERCENT	20	OutOfStock																																							
product_7982d8cf-27ab-7ec8-bfa4-652d2700ec94	Product	Fuente frutas en peltrina  	<p>Fuente en peltrina </p><p>Medidas: 33.5 cm de diámetro x 7 cm de alto </p>	339e71_78c2e0c84d5c4206aab0f1d8d092f96b~mv2.jpg;339e71_eff7a1c2c93149dfb4613452937ea2f4~mv2.jpg	Decoración;Cocina;Bandejas;DESCUENTOS	FUE0001		3590		true	PERCENT	20	1																																							
product_72d8eb93-3a18-e1d8-5787-3ebb8c76431b	Product	Copetinero pelt	<p>Copetinero en peltrina con tres divisiones.</p><p>Medidas: 40.5 x 14 cm </p>	339e71_07b84bec2a974ef9878c6bf03f0a46ab~mv2.jpg;339e71_909dc93f144245c89f114720f5e28605~mv2.jpg	Decoración;Cocina;Tablas | Copetineros 			1790		true	PERCENT	0	OutOfStock																																							
product_5223c946-a93b-2a48-095b-307be210e402	Product	Ficus variegado 	<p>Medidas:</p><p>Altura total: 1.80 mt </p><p>Ancho maximo: 90 cm </p><p>Maceta: alt 9 cm x 10 cm diámetro </p>	339e71_4829c926727c492980ff43b1be56b5cc~mv2.jpg	Plantas / Jardín;Decoración			3980		true	PERCENT	0	OutOfStock																																							
product_73a95db4-b2cf-9007-25fb-f1c2937864e1	Product	Planta palmera 	<p>Altura total: 1.05 mt </p><p>Maceta: 13 cm </p><p>Ancho máximo: 80 cm </p>	339e71_a51cdd4c58fe4d2594d65c3cd6e5b3ca~mv2.jpg	Plantas / Jardín;Decoración			3190		true	PERCENT	0	OutOfStock																																							
product_b3ceb7b3-a279-3ced-569c-fed63daf2307	Product	Panera | bandeja 	<p>En hierro forrada con tela.</p><p>Medidas: 28.5 x 28.5 </p>	339e71_3799e04055074ef2bcdbec1584dbc8b0~mv2.jpg;339e71_b4cc8c879cdb47d09d44f3fdfee6dabe~mv2.jpg	Cocina;Bandejas;Decoración;DESCUENTOS	PAN0002		1450		true	PERCENT	20	OutOfStock																																							
product_003dc6b8-0836-78ab-369f-36b60ae82f91	Product	Bandeja Happy Hour 	<p>Medidas: 36 cm de diámetro x 5.5 cm </p>	339e71_ea63debfa2b54ea697ff0813a337eccb~mv2.jpg;339e71_b5a5a188cb8f4deb8d63e5ba5c513017~mv2.jpg	Cocina;Bandejas;Decoración			890		true	PERCENT	0	OutOfStock																																							
product_bc5f10e7-7a21-33d0-9f88-e3157f0d55b2	Product	Planta bambú 	<p>Medidas: </p><p>Altura total: 1.75 mt </p><p>Maceta: 14 cm </p><p>Ancho máximo: 80 cm </p>	339e71_094f4caa7d4f4e7daa1ff3791e86f5cc~mv2.jpg	Plantas / Jardín;Decoración;DESCUENTOS	FLO889		5690		true	PERCENT	20	1																																							
product_4be1b8ab-01af-4ba5-8966-e55296d9ec18	Product	Espejo Rustic	<p>Espejo en pinotea antigua. </p><p>Medidas:</p><p>Totales: 1.46 x 75.5 cm </p><p>Espejo: 1.17 x 46 cm </p><p>Marco: 14.5 cm </p>	339e71_c98de14c2520416c9b89a7222031a40b~mv2.jpg	Decoración;Espejos			12900		true	PERCENT	0	OutOfStock																																							
product_ab045638-191a-a5d9-c6ea-adf43fd46c48	Product	Aparador MAU	"<p>Medidas: </p><p>Largo: 1,5 mt </p><p>Altura: 90 cm </p><p>Prof: 44,5 cm </p>"	339e71_bcce8f82cb7f4283a43f20b32c124847~mv2.jpg;339e71_d4da1a17d9a544919de7379c15330b4d~mv2.jpg;339e71_707fb86f1a6d4bdc8744f345199c7bc0~mv2.jpg;339e71_a9e912b47941450cb60b43fe49b04894~mv2.jpg;339e71_8b6052e2ec104565885d3036f938e641~mv2.jpg	Mobiliario;Aparadores			31590		true	PERCENT	0	OutOfStock																																							
product_ae81e9ff-8cb9-ba39-c5f9-2b11c4c1cc5c	Product	Planta banano 	<p>Medidas: </p><p>Altura máxima: 1.10 mt </p><p>Ancho maximo: 80 cm </p><p>Maceta: 13 x 14.5 (diam) cm </p>	339e71_2b77a674348a48d1aabad0b22c4341f9~mv2.jpg	Plantas / Jardín	FLO810		4790		true	PERCENT	0	1																																							
product_e19c3b62-4a25-0258-f1e0-429194319887	Product	Servilletero White 	<p>Medidas: 20.5 x 20.5 | altura: 18 cm </p>	339e71_50540a09e7a24bc5a19a110100aa662b~mv2.jpg	Cocina;Decoración			1520		true	PERCENT	0	OutOfStock																																							
product_01a2d012-c6c6-6ca6-fefe-542808eb36fc	Product	Almohadón combinado cuero 	<p>Medidas aproximadas: 43 x 41 cm  </p>	339e71_29c79c2cbbd74c0d81d71058a1f3106d~mv2.jpg	Textiles;Decoración	ALM0008		1690		true	PERCENT	0	OutOfStock																																							
product_a462c8a6-0019-eb70-834e-e4b6fcb9af0b	Product	Aparador VIN 	<p>Medidas: </p><p>Altura: 1.06 mt </p><p>Ancho: 91 cm </p><p>Prof: 47.5 cm </p>	339e71_8c77e7ac01b74b109fff42e31b5963df~mv2.jpg;339e71_6acc9dcf1bea4a8eb2da293cd2f12daf~mv2.jpg;339e71_d4786b52d2d640e9bbdba905ea23648b~mv2.jpg;339e71_cd46ec2dec4b479091502a5e198f9df6~mv2.jpg;339e71_8a9f7209d3d747e79b61876d17372281~mv2.jpg	Mobiliario;Mesas;Aparadores			23900		true	PERCENT	0	OutOfStock																																							
product_7e1dcb20-75f5-981b-f0e3-6adecee81927	Product	Carrito leñero 	<p>Leñero en hierro </p><p>Medidas: 1.06 de altura x 39 cm de ancho y 47 cm de profundidad </p>	339e71_fdc96edc505045b59a688606edd4881b~mv2.jpg;339e71_cf26c4d9d5c546ba9af12e4754f142a2~mv2.jpg;339e71_326b77ef649d4f26a8a6da35ad6f020a~mv2.jpg	Varios;Decoración;Estufa 			5500		true	PERCENT	0	OutOfStock																																							
product_80386d4f-6759-763b-78d4-2beb71c059df	Product	Ficus lyrata 1.15 cm 	<p>Medidas: </p><p>Altura: 1.15 mt | maceta: 15 cm | ancho maximo: 50 cm </p>	339e71_e4a93466a5a04713956d645a3ef32c46~mv2.jpg;339e71_1d2533b2f6ed42cf995f5e1f1feb58f7~mv2.jpg	Plantas / Jardín;Decoración	FLO866		3950		true	PERCENT	0	1																																							
product_d6d10e0c-bb29-9906-6533-24610746118d	Product	Canasto cala 	<p>Medidas: alto 40 cm | diámetro: 44 cm </p>	339e71_986455b169c44f8b97e46ec35f71dac9~mv2.jpg;339e71_3d2211a739504ede8a23d967e9b1750c~mv2.jpg	Decoración;Canastos			1790		true	PERCENT	0	OutOfStock																																							
product_434e7009-a507-f433-220f-e562b0ec0d64	Product	Bandeja Black mediana 	<p>Medidas: 30 x 10 cm </p>	339e71_0003fba7b2d44987ac14894e9b50c29a~mv2.jpg	Decoración;Canastos;Bandejas			1590		true	PERCENT	0	OutOfStock																																							
product_dd61eef6-9d42-ac41-9e64-7546ce7e9778	Product	Bandeja Black grande 	<p>Medidas: 35 x 11 cm</p>	339e71_688185a7b15b4b23b3ab498ba10467d6~mv2.jpg;339e71_d57a8743a1ae4843a6948640c1b5e8cf~mv2.jpg	Decoración;Cuadros;Bandejas;DESCUENTOS	BAN0018		2390		true	PERCENT	30	1																																							
product_34264d9b-995a-7f64-394f-00843c630bdd	Product	Bandeja Black pequeña 	<p>Medidas: 25 x 10 cm </p>	339e71_efd535ff07004fdfa564b8bb4c3bdc98~mv2.jpg;339e71_5a9b9f8f779844fd8ae10d964c5a5369~mv2.jpg	Canastos;Decoración;Bandejas;DESCUENTOS	BAN0023		1050		true	PERCENT	30	1																																							
product_5cd2be4e-4415-999f-e5f0-feef2f3e5746	Product	Mesa fibras naturales  	<p>Medidas: </p><p>Alto: 83 cm | ancho: 48 cm | largo: 99 cm </p>	339e71_a6e4e3b5f2ae4e409a8a8313cee5d93e~mv2.jpg;339e71_a38bae0f63ff4c69b4e429f4f11b8591~mv2.jpg;339e71_40b6a1d0083c4c1ab8c0d4ca597572f8~mv2.jpg	Mobiliario;Mesas;Mesas de arrime / recibidores;DESCUENTOS			6700		true	PERCENT	15	1																																							
product_58b174d6-db0a-412e-b66d-8f219a0317bc	Product	Portarretrato doble pinotea 	<p>Medida total: 60 x 30 cm </p><p>Medida adentro: 49 x 19 cm </p>	339e71_152fa81d65964944a174d0fa8f3fcef2~mv2.jpg	Decoración;Portarretratos			2390		true	PERCENT	0	OutOfStock																																							
product_5c91c2e4-d637-7cbd-d90b-9ceace1beb53	Product	Portarretratos madera white pequeño 	<p>Medidas total: 30 x 25 cm </p><p>Medida adentro: 18 x 13 cm </p>	339e71_76ab705ecf2c43559f761b54a7572db1~mv2.jpg;339e71_042ebb57286e45c9945f3fdcdf5b3bb4~mv2.jpg	Decoración;Portarretratos			1290		true	PERCENT	0	OutOfStock																																							
product_71f13b9c-f6eb-96ee-d788-a26f3cdb288f	Product	Portarretrato doble white 	<p>Medida total: 57 x 30 cm </p><p>Medida adentro: 48 x 20 cm </p>	339e71_d4c162af204342c18d7a0714c385b37b~mv2.jpg	Decoración;Portarretratos			1990		true	PERCENT	0	OutOfStock																																							
product_bf43a4cf-9411-c116-579b-233a7aadbed3	Product	Lámpara | Veladora de pie base madera 	<p>Lámpara de pie en hierro con base en madera </p><p>Medidas: </p><p>Altura: 1.65 cm </p><p>Diámetro pantalla: 41.5 cm </p><p>Base madera: 28 x 28 cm </p>	339e71_59e3a12449fe45d69a81e646435de86b~mv2.jpg	Decoración;Iluminacion			4290		true	PERCENT	0	OutOfStock																																							
product_c1db17c6-24ae-3f49-f90f-a8ec77ec88c4	Product	Lámpara de pie hierro recto 	<p>Lámpara en hierro de pie </p><p>Medidas: </p><p>Altura: 1.60 </p><p>Brazo de hierro + pantalla: 47 cm </p><p>Diámetro pantalla: 41 cm </p>	339e71_9099409372f642c7a6a491dd0238afb1~mv2.jpg	Decoración;Iluminacion			4300		true	PERCENT	0	OutOfStock																																							
product_8f053245-8c30-ca83-70b1-a1c5302b42dd	Product	Veladoras elefante 	<p>Lámparas en hierro. Incluyen pantalla</p><p>Precio por unidad.</p><p>Medidas: </p><p>Altura: 50 cm </p><p>Diámetro pantalla: 22 cm </p>	339e71_d65d140805fa490592336ab0909494e9~mv2.jpg;339e71_94d9e2e9077844e9b384e3161dd56fb4~mv2.jpg;339e71_32ffc7e852ab49ba8d5b055d9ce55b16~mv2.jpg	Decoración;Iluminacion	APL0014		2500		true	PERCENT	0	2																																							
product_9d42e7e0-5a27-5963-6f06-0c62690ba714	Product	Pie de cama borlas grande 	<p>Medidas: 2 x 1.40</p>	339e71_87358e4b1518466bafbad05222f83e7c~mv2.jpg;339e71_360c987d44e04973a2448293873d89ca~mv2.jpg	Decoración;Mantas;Textiles			2690		true	PERCENT	0	OutOfStock																																							
product_1080a9ad-466b-9e98-bd40-b47ab64ab54a	Product	Espejo pinotea 	<p>Espejo con moldura en pinotea antigua </p><p>Medidas: 1.70 x 0.70 </p>	339e71_555524ae2b844d09a68d67c3bfe51fe7~mv2.jpg;339e71_c6d97b6da33341d99ea0cc18b88e649d~mv2.jpg;339e71_47d4c38729704733a1a35dcbeeea6264~mv2.jpg	Espejos;Mobiliario			13500		true	PERCENT	0	OutOfStock																																							
product_12fd32cf-1415-b6bb-af5e-b38434deb9b3	Product	Jazmín 	<p>Largo total: 25 cm </p>	339e71_98c22778dcce4f31b28bb0797fb8bd94~mv2.jpg;339e71_653c7584b7ae4fea96b00ec470cc1717~mv2.jpg	Decoración;Plantas / Jardín			90		true	PERCENT	0	InStock																																							
product_ed1a5a23-ca62-9721-9a7e-ed9c80d191c5	Product	Tetera estampada 	<p>Realizada en cerámica</p><p>Medidas: 16 cm x 11 | altura con manija: 16 cm </p>	339e71_7762fef2d1384852b7feb9fe26bc11e7~mv2.jpg	Decoración;Adornos;Cocina			530		true	PERCENT	0	OutOfStock																																							
product_c865d312-f288-f2a7-fd8b-16a8dd0777af	Product	Banquitos en lonja 	<p>Banquitos en madera y lonja </p><p></p><p>Medidas: 34 x 27.5 | altura: 30 cm </p>	339e71_4137d7e763084de7ac28d309fb7aefd1~mv2.jpg;339e71_829110bb74e14a6fa3a7550b454be645~mv2.jpg;339e71_eec2d625465343e183eead21fd7a24ec~mv2.jpg	Mobiliario;Sillones/bancos			4200		true	PERCENT	0	OutOfStock																																							
product_12a2f5fe-f965-ff28-50e8-a6d7b33bbaf6	Product	Perchero de pie base cuadrada 	<p>Perchero en hierro </p><p>Medidas: </p><p>Altura: 1.55 </p><p>Base: 25 x 25 cm </p>	339e71_66cd559d4b954fd7a4ea3dec562ff40d~mv2.jpg;339e71_75f27d8d8bd340c48b74c0dbe8e89a12~mv2.jpg;339e71_bc436fa7e8ff47a487e0210c872271eb~mv2.jpg	Mobiliario;Decoración;Percheros			4590		true	PERCENT	0	OutOfStock																																							
product_733fd44a-6f41-5743-b235-75e7fd042b03	Product	Jaulita decorativa grande 	<p>Jaula en metal y madera</p><p>Medidas: </p><p>Altura: 50 cm  </p><p>Base madera 23 cm  </p><p>Ancho jaula: 19.5 cm  </p>	339e71_57af13858413480c800ae9d1340620e3~mv2.jpg	Decoración;Adornos			1290		true	PERCENT	0	OutOfStock																																							
product_871ab30b-5f86-3631-37a9-8e4441a58ca7	Product	Jaulita decorativa pequeña 	<p>Jaula en metal y madera</p><p>Medidas: </p><p>Altura: 36 cm </p><p>Base madera 19.5 cm </p><p>Ancho jaula: 14 cm </p>	339e71_4da79057d16046d283fe9969596fda82~mv2.jpg	Decoración;Adornos			980		true	PERCENT	0	OutOfStock																																							
product_02c90b7e-8276-1cb5-a597-437a6a19347a	Product	Enredadera extensible 	<p>Foto horizontal: 70 x 2.10 </p><p>Foto vertical: 1.10 x 1.20 </p><p>Alto máximo (cerrada): 1.20 </p>	339e71_da8ff17bb40b4197a1a679aa4c2d4a29~mv2.jpg;339e71_f7a46d69388a4f448922ab7384e402ef~mv2.jpg;339e71_33aec5c843db410abb9a6149c38c4025~mv2.jpg;339e71_9b610c7550fb46309caa9ce66b9e2b43~mv2.jpg	Adornos;Decoración;Plantas / Jardín			1590		true	PERCENT	0	OutOfStock																																							
product_f6bf691a-1d64-b81c-d43e-a6a5edfb8099	Product	Jardinera con pajarito pequeña	<p>Medidas: 30 x 50 cm </p><p></p><p>Base de hierro y pajaritos de arcilla hechos 100% a mano </p>	339e71_a5a39714f71e49548fda06acf73cf3e9~mv2.jpg	Adornos;Decoración			2390		true	PERCENT	0	OutOfStock																																							
product_cea16e16-0637-27a2-bd3e-fdb1ea3e7914	Product	Jardinera con pajarito grande 	<p>Medidas: 60 x 40 cm </p><p>Base de hierro y pajaritos de arcilla hechos 100% a mano </p>	339e71_e6346932484744f2a7988fc338464f4f~mv2.jpg	Decoración;Adornos			2590		true	PERCENT	0	OutOfStock																																							
product_04837d42-a686-1a72-86f4-ba953f0f7d1a	Product	Perchero vintage 	<p>Medidas: 29 x 10 cm </p>	339e71_cd6e0a8d28aa49fabd2ec8069be90719~mv2.jpg	Decoración;Percheros;DESCUENTOS			1790		true	PERCENT	0	OutOfStock																																							
product_398f1e7f-aa0b-d3ed-92a5-e0fcae956abb	Product	Ángel con paloma  	<p>Ángel en cerámica laqueada y estaño </p><p>Medidas: 20 x 17 x 4.5</p>	339e71_8be58a7185f84145bf01017854e5afb2~mv2.jpg	Religiosos			1890		true	PERCENT	0	OutOfStock																																							
product_49619a41-aded-8dce-078a-fff4580b7485	Product	Ángel 	<p>Ángel en pasta piedra </p><p>Medidas: 29 x 23.5 </p>	339e71_de6ad6318b4243e2b64cb3f3810bded8~mv2.jpg	Religiosos			1990		true	PERCENT	0	1																																							
product_5c681d46-f99c-0947-4242-1ee1da372c96	Product	Perchero hierro x4 	<p>Medidas: 49 x 14 cm </p>	339e71_d7eaff9bc58d417c82e62d0df6042442~mv2.jpg;339e71_02805548d8404aa4a95d1d79b19f8cd7~mv2.jpg	Decoración;Adornos;Percheros;Mobiliario			1750		true	PERCENT	0	OutOfStock																																							
product_1ddb9fe9-bfad-daa2-656c-9a5f80f5aacc	Product	Espejo Rope Pequeño 	<p>Diámetro: 50 cm </p>	339e71_d8b2fe737b6b4fb0acc09eb8a9c20691~mv2.jpg;339e71_d212238fe9bb4876be20d3a1c0395667~mv2.jpg;339e71_c8b88830eec243bbb668be1f68206ddc~mv2.jpg	Decoración;Espejos;Mobiliario			2500		true	PERCENT	0	OutOfStock																																							
product_f7c68979-ac60-d050-52c3-ac303cf718be	Product	Espejo Rope Grande 	<p>Medidas: 60 cm diámetro </p>	339e71_eda1d1e586f2487c828df6768d619f87~mv2.jpg;339e71_f8beba16d5d747f7b592bf795e7aadf0~mv2.jpg;339e71_57199f06ac0349ac885c862fa3d21b02~mv2.jpg	Espejos;Mobiliario;Decoración			2800		true	PERCENT	0	OutOfStock																																							
product_ee7f3cd1-9480-26d6-12b4-9aab0fd89863	Product	Jarrón Rojo 	<p>Jarrón en cerámica laqueada y estaño </p><p>Medidas: </p><p>Altura: 39.5 </p><p>Diámetro boca: 15 cm </p><p>Diámetro total: 24 cm </p>	339e71_3f237b539da04f9a9b1a200522e39a47~mv2.jpg;339e71_2a78ac7ba85c47ec84da2ef3f4e5c54b~mv2.png	Decoración;Adornos;DESCUENTOS			2800		true	PERCENT	40	1																																							
product_10a6438e-ac02-1157-4f18-1bc9fc07da74	Product	Jarrón | vasija teka 	<p>Medidas: </p><p>Diámetro: 18 cm </p><p>Altura: 19 cm </p>	339e71_65e3c1c9c02a4da2a2633e562025bd34~mv2.jpg	Decoración;Adornos			3100		true	PERCENT	0	OutOfStock																																							
product_16810022-5589-821c-5fbd-0aef315c0ae4	Product	Papelera | Cesto de basura 	<p>Medidas: </p><p>Altura: 36 cm </p><p>Diámetro: 22 cm </p><p>La tapa se abre presionando </p>	339e71_539007644c9043a78eb7d26c14cefaa3~mv2.jpg;339e71_4f6583302b244f21bb1e33d04b96e8b5~mv2.jpg;339e71_cfacda5abc99425997f67dc3619be22b~mv2.jpg	Varios			1950		true	PERCENT	0	OutOfStock																																							
product_570797d5-aa0f-d3c3-9bd0-0256ee98314d	Product	Virgen con Niño 	<p>Virgen en pasta piedra </p><p>Medidas: 25 x 21 cm </p>	339e71_76b4e16682fd4189a76564d1255166d7~mv2.jpg	Religiosos			2490		true	PERCENT	0	OutOfStock																																							
product_b34b56e1-374a-7934-14a1-cb5e5928e026	Product	Bandeja JAC	<p>Bandeja en jacinto de agua </p><p>Medidas: 56 x 33 cm </p>	339e71_b35ff055255e40529f81933da1dcca09~mv2.jpg;339e71_8a6350a118e24357b724f20bab1bc465~mv2.jpg	Decoración;Bandejas			950		true	PERCENT	0	OutOfStock																																							
product_a9a178e0-d5dd-095a-e3ca-45d6966f3f52	Product	Borlas MAD	<p>Borlas decorativas con cuentas de madera.</p><p>Largo total borla + cuentas: 80 cm </p>	339e71_623e01dac3014dda98434eac4962a875~mv2.jpg;339e71_7a5de6b021af478a979a1b4f3f0b8297~mv2.jpg;339e71_7a13c1c4f3fc45b6ac5c4234f28d2e6c~mv2.jpg	Decoración;Adornos;Varios			950		true	PERCENT	0	OutOfStock																																							
product_bfe69ee0-dabf-45db-97aa-1dbd2dab27b4	Product	Bandeja Ratan RECT grande 	<p>Medidas: 50 x 40 x 7 cm </p>	339e71_cbdadb34f27548d7b76afd8a9cebc13f~mv2.jpg;339e71_f258f67abe8a4336b01cc3595975d870~mv2.jpg	Bandejas;Decoración			2290		true	PERCENT	0	OutOfStock																																							
product_63308484-bafe-1622-c18d-2dcbbb8a077d	Product	Bandeja Ratan RECT mediana  	<p>Medidas: 45 x 35 x 6 cm </p>	339e71_cbdadb34f27548d7b76afd8a9cebc13f~mv2.jpg;339e71_f258f67abe8a4336b01cc3595975d870~mv2.jpg	Decoración;Bandejas			1890		true	PERCENT	0	OutOfStock																																							
product_a7d2dfe9-f076-15b0-8e5a-955f809d61ea	Product	Bandeja Ratan RECT pequeña 	<p>Medidas: 40 x 30 x 5 cm </p>	339e71_cbdadb34f27548d7b76afd8a9cebc13f~mv2.jpg;339e71_f258f67abe8a4336b01cc3595975d870~mv2.jpg	Decoración;Bandejas			1590		true	PERCENT	0	OutOfStock																																							
product_4259b44a-a360-5aef-c809-7f507a1f852e	Product	Bandeja Black 	<p>Bandeja en hierro y espejo </p><p>Medidas: 40 x 25 x 3 cm </p>	339e71_7cf6242c5e3945de99a8d1a8c27419eb~mv2.jpg;339e71_ed4178302e1c4943ba85183a653cb51c~mv2.jpg	Decoración;Bandejas;DESCUENTOS			2690		true	PERCENT	30	1																																							
product_3d2a9839-c613-f124-f1c9-b97b8af64653	Product	Borla | sujeta cortina Platillo 	<p>Medidas:</p><p>Largo total: 75 cm</p><p></p><p>???????? ???????? ???????????????????? </p>	339e71_1b06a9cbd7604ed4baf5adb072b6fdad~mv2.jpg;339e71_f43b783a9e494d3a97c0ffdb40d496b1~mv2.jpg	Varios;Decoración;Adornos			1100		true	PERCENT	0	OutOfStock																																							
product_d6976be7-1c9d-bacf-dc54-23ac5271d0ca	Product	Colgante CL 4	<p>Colgante en pasta piedra</p><p>Medidas: </p><p>Largo total: 45 cm </p><p>Cada cuadrito: 11 x 11 cm </p>	339e71_f2aa42ecb5f1478da1353509a8efeff8~mv2.jpg;339e71_6b6ac11a254e4597bdb1bdf35ab33165~mv2.jpg	Cuadros;Decoración;DESCUENTOS			1250		true	PERCENT	20	1																																							
product_ccf18ce7-efe3-d496-68de-b2d630403261	Product	Angelitos con vela 	<p>Medidas:</p><p>Prof: 5.5 cm </p><p>Ancho: 4.5 cm | ancho total alas: 9 cm </p><p>Altura: 11 cm </p><p></p><p>INCLUYE VELA</p>	339e71_99f8d41209494aa5b80f6c808d5f0216~mv2.jpg;339e71_9339115418894c108bf038ad6839c280~mv2.jpg	Religiosos	ANG0003		1790		true	PERCENT	0	3																																							
product_d430dea2-98a2-81ae-1ddc-63525f5eb949	Product	Vela Gota 	<p>Vela de cera de soja: </p><p>Medidas: </p><p>Diámetro: 12.5 cm</p><p>Altura total: 14 cm </p><p></p><p>AROMA: consultar </p>	339e71_9aeb2cad7d864b5ea77b8e2efb8c4838~mv2.jpg;339e71_cafb769098ba4e0fbb8984210afaf3a4~mv2.jpg	Velas			1050		true	PERCENT	0	OutOfStock																																							
product_a59532cf-4617-730c-c53e-639e9efa9a23	Product	Vela RAY L	<p>Vela de cera de soja </p><p>Medidas: </p><p>Alto total: 13 cm </p><p>Diámetro: 10 cm </p><p></p><p>AROMA: French Vainilla </p>	339e71_5aa94a5825aa421ebe07e0e6d61a5952~mv2.jpg;339e71_dcadf2c3b27040dfa7882f6aeb689276~mv2.jpg	Velas	VEL0023		790		true	PERCENT	0	OutOfStock																																							
product_aeb23ece-5523-c57d-33eb-c17ff83faeed	Product	Vela RAY XL	<p>Vela de cera de soja</p><p>Medidas: </p><p>Diámetro: 14 cm  </p><p>Altura total: 16 cm  </p><p></p><p>AROMA: French Vainilla </p>	339e71_394603d27cfb402999077cbbc3fbb7ec~mv2.jpg;339e71_0e8ce0a00f8d4210a6603d08226daa04~mv2.jpg	Velas	VEL0022		1290		true	PERCENT	0	OutOfStock																																							
product_ea499385-69e9-52c8-61fc-69e48e40a369	Product	Vela QUEEN XL	<p>Vela de cera de soja</p><p>Medidas: </p><p>Alto total: 18 cm </p><p>Diámetro: 10 cm </p><p></p><p>AROMA: French vainilla </p>	339e71_ec10703ba5b24e6eb7d988774992daa6~mv2.jpg;339e71_ba8aa315f5dc42b1a45151b41d495998~mv2.jpg	Velas			1390		true	PERCENT	0	OutOfStock																																							
product_2f6e304c-a293-15bd-beb4-0736b7973662	Product	Vela Cerámica 	<p>Vela de cera de soja </p><p>Medidas: 16 cm diámetro x 7 cm altura </p><p></p><p>AROMA: French vainilla </p>	339e71_1b45c16a232a41f19b04530cf7c34583~mv2.jpg;339e71_df26a33050494692ba32fbb629ec0562~mv2.jpg	Velas			960		true	PERCENT	0	OutOfStock																																							
product_530bdbde-9400-e312-0752-332316a85791	Product	Servilletero cerrado 	<p>Medidas: </p><p>25 x 15 x 9 cm </p>	339e71_a1473241263d4568953ebbbb2be9685c~mv2.jpg;339e71_4a9a5b3b670f49b6ac2b05264c44aca3~mv2.jpg	Cocina	SER0005		650		true	PERCENT	0	1																																							
product_50cd4d5e-29ca-3ab6-9607-4c1abfc83548	Product	Estanteria LAB 	<p>Medidas: </p><p>1.80 x 86 cm | profundidad: 34 cm </p>	339e71_148b9c1657dd4816ab769bf1dae87227~mv2.jpg;339e71_b4f779c6c922441fbfb627730acbe3bc~mv2.jpg	Mobiliario			24900		true	PERCENT	0	OutOfStock																																							
product_f3972bad-8486-0f74-2d7f-467fe286ed8a	Product	Cuadro PP	"<p>Cuadro ÚNICO, diseñado en madera con apliques en pasta piedra ??</p><p></p><p>Medidas: 1.05 x 55 cm </p>"	339e71_c05a819c3a934aed863533e596dfde5a~mv2.jpg	Cuadros;Decoración		NUEVO 	12900		true	PERCENT	0	OutOfStock																																							
product_e8001047-ecc9-704b-8a6c-8c0f5f07979a	Product	Aparador LAB	<p>Medidas: 1.40 x 90 cm </p><p>Profundidad: 42 cm</p>	339e71_6559e813a06646c982defbe170930087~mv2.jpg;339e71_a9f137f2f34b4f548d67fa8e0b305192~mv2.jpg;339e71_06c9abd957a8497bb8a6996953a93817~mv2.jpg	Mobiliario;Aparadores			35900		true	PERCENT	0	OutOfStock																																							
product_1e6f0693-8885-f25d-e0fe-761a4f12bbf0	Product	Mesa de arrime 	<p>Medidas: </p><p>Altura: 80 cm </p><p>Profundidad: 27 cm </p><p>Largo: 81.5 cm </p>	339e71_80ccc12e84b04745bb4dc4376e43ecc0~mv2.jpg;339e71_621d96b48cef47379a6a5fc6359fa29b~mv2.jpg;339e71_8239b420fcc44da98b9e6215839cf2c0~mv2.jpg	Mobiliario;Mesas;Mesas de arrime / recibidores			6800		true	PERCENT	0	OutOfStock																																							
product_0969ba7c-2990-a153-acae-409fce71a291	Product	Bandeja ratan OVAL Pequeña    	<p>Medidas: 47 x 28 x 5 cm </p>	339e71_8d4de1d3443c49f999902171ab1723ea~mv2.jpg;339e71_01222a6d426540d293223e45f98648f5~mv2.jpg;339e71_94e6061d6645444ca41825a56ec429bd~mv2.jpg	Decoración;Bandejas			1590		true	PERCENT	0	OutOfStock																																							
product_8e336699-14ba-3d28-7436-b5da646f799e	Product	Bandeja ratan OVAL Mediana   	<p>Medidas: 51 x 32 x 6 cm </p>	339e71_2812cecd3e28410ab8af9e7881f2b8f5~mv2.jpg;339e71_b1947c33cce7427ea46a27df3fdcdd9c~mv2.jpg;339e71_73fc1ff59a874cb9b8591f2df385298c~mv2.jpg	Decoración;Bandejas			1890		true	PERCENT	0	OutOfStock																																							
product_36bb814b-f21c-14ef-8f8a-b1c4fd4176a5	Product	Canasto MIT	<p>Medidas: </p><p>Diámetro: 30 cm </p><p>Altura total con manijas: 40 cm | altura canasto: 30 cm </p>	339e71_780e5bc6b5304af2bfa2bf2825cf3ecd~mv2.jpg;339e71_c46808b5b3644014b997823c7dd1a2e9~mv2.jpg;339e71_aba2718c9ea64ef5ba733ff2b5e5b186~mv2.jpg	Decoración;Canastos	CAN0104		1590		true	PERCENT	0	2																																							
product_b2743b87-8331-950c-fa34-a91ad5e70899	Product	Canasto WHITE 	<p>Medidas: </p><p>Diámetro: 35 cm </p><p>Altura total con manijas: 42 cm | altura canasto: 34 cm </p>	339e71_795bec10b3bb4426bb4086e9925f2712~mv2.jpg;339e71_1f12cc1a0064482cb6046b5d1c0d225b~mv2.jpg	Decoración;Canastos			1980		true	PERCENT	0	OutOfStock																																							
product_05f678a3-15df-b2e2-2ed8-307cee83c760	Product	Virgen única 	<p>Medidas: </p><p>32 x 26 cm </p>	339e71_ae8e4635ef3643d197d306e9e17ee318~mv2.jpg;339e71_bcc420f56731432e961904df0681be36~mv2.jpg	Religiosos			2590		true	PERCENT	0	OutOfStock																																							
product_699b8378-9de4-7e42-3127-11eef8ab6049	Product	Reloj CALA 	<p>Medidas: 68 cm </p>	339e71_d353581d192244b18d644ce386a7e57d~mv2.jpg	Decoración;Relojes			4290		true	PERCENT	0	OutOfStock																																							
product_a9dc5bcf-8ce5-d938-4d23-cbc7f9dc7ec1	Product	Candelabro Grey ALTO 	<p>Candelabros en cerámica </p><p>Medidas: </p><p>Altura: 18 cm | con vela: 27 cm </p><p>Diámetro: 9.5 cm base | 13 cm arriba </p><p></p><p>NO INCLUYE VELA </p>	339e71_e113d1a2ea6a4880b347308fc49c7da3~mv2.jpg	Adornos;Decoración	CAN0028		1790		true	PERCENT	0	OutOfStock																																							
product_4a46fefb-0b88-8aec-acc9-03d3afd5cbb4	Product	Candelabro Grey BAJO	<p>Candelabros en cerámica </p><p>Medidas: </p><p>Altura: 11 xm | con vela: 20 cm</p><p>Diámetro: 9 cm base | 11 cm arriba</p><p></p><p>NO INCLUYE VELA </p>	339e71_e113d1a2ea6a4880b347308fc49c7da3~mv2.jpg	Decoración;Adornos	CAN0029		1290		true	PERCENT	0	OutOfStock																																							
product_6b4c6566-f9db-43d1-bed7-48465d7343a8	Product	Cruz San Benito 	<p>Cruz en cerámica laqueada y estaño </p><p>Medidas: 15 x 15 cm </p>	339e71_ae1234d9c8d942d5ae09316318a2fa2f~mv2.jpg	Religiosos	CRU0009		1990		true	PERCENT	0	OutOfStock																																							
product_bf343e94-da8a-716e-e599-585989d6b708	Product	Cruz labrada 	<p>Cruz en cerámica laqueada y estaño</p><p>Medidas: 21.5 x 20 cm </p>	339e71_b57d71f1826c4d6b98f18722360d6599~mv2.jpg	Religiosos			2690		true	PERCENT	0	1																																							
product_38faf408-20e5-7cfa-3f3e-3133123522bf	Product	San Benito CLASSIC	<p>San Benito en cerámica y estaño</p><p>Medidas: 16 cm de diámetro </p>	339e71_8f30bf28efdd4ee09097f51df2a13657~mv2.jpg	Religiosos	SAN0013	NUEVO	2390		true	PERCENT	0	OutOfStock																																							
product_c8ce29dd-585c-408e-2486-5d6e1107ba3f	Product	Mesa GREY	<p>Medidas: 1.40 x 0.90 x 0.45 cm </p>	339e71_cc5b67e7d29f4c38a41adfe3e2e7743d~mv2.jpg;339e71_f70074afd35e407c87b522e10ccd6866~mv2.jpg;339e71_30fb870639d14c97b92ce3bd63af0e69~mv2.jpg	Mobiliario;Mesas		NUEVA 	21900		true	PERCENT	0	OutOfStock																																							
product_44d8c7fa-c301-acee-2374-c839321dcce5	Product	Tabla MARBLE 	<p>Tablas en mármol de carrara.</p><p>Medidas: 30 x 15 cm </p>	339e71_076a1b75dbe84ebeba473b4ede230dce~mv2.jpg;339e71_cd7bebbd34ed4edeb1525dbb42822f94~mv2.jpg	DESCUENTOS;Bandejas;Tablas | Copetineros ;Cocina;Decoración	TAB0002		2190		true	PERCENT	15	3																																							
product_c6284e47-fdc4-3fb8-34e0-bc6c06e67d34	Product	Manta Sheep 	<p>Medidas: 1.90 x 0.90</p><p>BLANCA disponible </p>	339e71_ff596409659743839e72fcfcd7eecdf8~mv2.jpg;339e71_86d7f8fa784b4d5bbd547cf83e02a763~mv2.jpg	Textiles;Decoración	MAN0006		2690		true	PERCENT	0	1																																							
product_8c7d1bf1-7086-7f7d-e7a0-54661e2d93e3	Product	San Benito GOLD	<p>San Benito en cerámica y estaño </p><p>Medidas: 18.5 cm</p><p>*no incluye base* </p>	339e71_c8edb02427244355bb1fe3d202164450~mv2.jpg	Religiosos		NUEVO	2990		true	PERCENT	0	OutOfStock																																							
product_65832c84-498a-6591-718f-04c9e11f3963	Product	Espejo NAO	<p>Medidas: 90 x 70 cm </p>	339e71_5445864ab4da45e18008315cb7ccf03f~mv2.jpg	Espejos;Mobiliario			7980		true	PERCENT	0	OutOfStock																																							
product_ab7985e8-48e0-e8f9-cb3f-d138ed75b0ea	Product	Reloj CUTS	<p>Medidas: 60 cm de diámetro </p>	339e71_f9184a8d567d48868b7dc268b89606ff~mv2.jpg;339e71_c870f6a32c0647ab895ec5df7ff29e5d~mv2.jpg	Relojes;Decoración			2490		true	PERCENT	0	OutOfStock																																							
product_a428c5b7-c417-195c-e0ec-4a422d05dbf3	Product	Jarrón print PEQUEÑO 	<p>Jarrones importados con tapa.</p><p>Material: cerámica </p><p>Medidas: </p><p>Altura total con tapa: 45 cm  </p><p>Largo y ancho: 15 x 15 cm </p>	339e71_2a89b2ffa4d648c0804f3d0292f27e34~mv2.jpg	Adornos;Decoración		NUEVO	2780		true	PERCENT	0	OutOfStock																																							
product_ebbbf845-06a8-3c8b-43ce-f8623cd7f057	Product	Jarrón print GRANDE 	<p>Jarrones importados con tapa.</p><p>Material: cerámica </p><p>Medidas: </p><p>Altura total con tapa: 54 cm </p><p>Largo y ancho: 15 x 15 cm </p>	339e71_2a89b2ffa4d648c0804f3d0292f27e34~mv2.jpg	Decoración;Adornos;DESCUENTOS	JAR0006		2980		true	PERCENT	20	1																																							
product_0306e19b-eecf-d99e-30f6-3369cd03dd12	Product	Cuadro Ocre 	<p>Medidas:</p><p></p><p>Las medidas son 1.25 x 0.53 cm</p>	339e71_df10821400ea450fa8082d3633e8841a~mv2.jpg;339e71_14f5190a744a4c388de205fad3114075~mv2.jpg;339e71_ab3766e2946a45cfab033bae5b835f0a~mv2.jpg	Cuadros;Decoración			7200		true	PERCENT	0	OutOfStock																																							
product_0fb764c3-dbab-f68b-3992-e06a1992d5d2	Product	Banquitos leñeros 	<p>Medidas: </p><p>Asiento: 36 x 36 cm  </p><p>Altura: 35 cm </p>	339e71_cb8e676ecdea4a42b68bf4244bea88f3~mv2.jpg;339e71_12398b63b2d74049b58da702fec188f0~mv2.jpg	Sillones/bancos;Mobiliario			2890		true	PERCENT	0	OutOfStock																																							
product_86744467-9a13-37dc-5cdc-42608d98797e	Product	Banco | pie de cama 	<p>Medidas:</p><p>Largo: 1.50 </p><p>Profundidad: 32.5 </p><p>Alto: 45.5 </p>	339e71_2581e0aff588484db16848d9cffe55fe~mv2.jpg;339e71_0c8122f384eb459c999f2082550cc354~mv2.jpg	Sillones/bancos;Mobiliario			9900		true	PERCENT	18	1																																							
product_2a05c7d0-95b9-8297-6447-5b95cd98c95d	Product	Bandeja pajarito PEQUEÑA 	<p>Tamaño pequeño: </p><p>Diámetro: 15 cm | altura: 30 cm</p>	339e71_ceb60031d9a743c0893f23a3fd4acfa2~mv2.jpg	Adornos;Decoración;Varios		NUEVA	550		true	PERCENT	0	OutOfStock																																							
product_4e388361-738e-4277-fb65-7f5e4ae69f13	Product	Bandeja Pajarito GRANDE 	<p>Tamaño grande: </p><p>Diámetro 20 cm | altura: 36 cm </p><p>Tamaño pequeño: </p><p>Diámetro: 15 cm | altura: 30 cm </p><p></p>	339e71_16ce12d3e52643ec94530c81445bcd7c~mv2.jpg;339e71_4fd3945e0c09410883fc457848d98776~mv2.jpg;339e71_fa01be824fee4eb6a08e8b257e1b852d~mv2.jpg	Adornos;Decoración;Varios		NUEVA 	650		true	PERCENT	0	OutOfStock																																							
product_d86a30ee-4295-9f40-a19f-75504d5fe7a0	Product	Farol Tahi 	<p>Medidas: </p><p>GRANDE: 43 x 26.5 x 19 cm </p><p>MEDIANO: 35 x 22 x 15 cm </p><p>PEQUEÑO: 25 x 18 x 11 cm ??????????????</p>	339e71_4fb446fc1301497a88639b45a56fb576~mv2.jpg;339e71_f7f75c4249bd4dce9c1c47ddfd6db67e~mv2.jpg;339e71_947f5a8ae8634f24919f17b194576d67~mv2.jpg	Decoración;Plantas / Jardín;Varios			3490		true	PERCENT	0	OutOfStock			Tamaño	DROP_DOWN	Pequeño;Mediano;Grande																																		
product_0ae62822-3719-466b-4b04-c0aa81a21014	Product	Bandeja Tria Grande 	<p>Medidas: 50 x 35 x 9 cm </p>	339e71_4bf985fbd7644f39b470bd8d33609611~mv2.jpg;339e71_3b827c24f8d743bb9be8bf0377ad5bf4~mv2.jpg;339e71_6b1e4d4d145346f1a9c25d01667ab93f~mv2.jpg	Bandejas;Cocina			2590		true	PERCENT	0	OutOfStock																																							
product_e790ea1d-88f2-4d3e-f236-3441228253b4	Product	Copetinero rectangular 	<p>Copetinero en peltrina </p><p>Medidas: 46 x 19 cm</p>	339e71_898140fcdc27480b84b44714401da935~mv2.jpg	Cocina;Bandejas;Tablas | Copetineros 	COP0003		3490		true	PERCENT	0	1																																							
product_6f18e3b6-6d49-8d76-dd10-875059c9b29d	Product	Copas Cerveza 	<p>Set x6 copas de cerveza de 680 ml. </p><p>Cristal Bohemia  </p>	339e71_3df760a2cbca4f229cb11cb1746f22e2~mv2.jpg	Vasos | copas | tazas 		NUEVO 	2190		true	PERCENT	0	OutOfStock																																							
product_89f30842-ee07-f08a-dc75-d2e371554a3e	Product	Espejo Talla	<p>Medidas: 60 x 1.60</p>	339e71_ac4e354c14de48a2b7aef37ac4a80fb4~mv2.jpg;339e71_09fc0ac32e4f4ccb81044f9f1d0cc7b6~mv2.jpg;339e71_422f81b23fad48c0964153e5131a6778~mv2.jpg	Espejos;Mobiliario			12900		true	PERCENT	0	OutOfStock																																							
product_0b8af4c1-50ba-55c1-3a52-526979c436f4	Product	Plumerillos 	<p>Medidas aprox: 2.50 de altura </p>	339e71_7274a0892d4f42ae8a21f015d1fe8978~mv2.jpg	Varios;Plantas / Jardín		NUEVO	1100		true	PERCENT	0	OutOfStock																																							
product_b1bd4cae-ef44-3ccd-c27e-49504db35cd1	Product	Farol Black 	<p>Faroles en metal y vidrio con vela led. </p><p>Medidas: 15 x 15 x 28 x 43 cm </p>	339e71_9ce2ffc592d44a20acc8913dcc1ae371~mv2.jpg;339e71_666d42aedd314d3da95ad8b0b3886edc~mv2.jpg	Iluminacion;Varios			1790		true	PERCENT	0	OutOfStock																																							
product_e522744a-17b4-1765-f1de-c76d0e81c45a	Product	Tazas Rainbow 	<p>Tazas en cerámica </p><p>*detallar diseño </p>	339e71_c8b1a93a76444077a9b070e25fba374a~mv2.jpg;339e71_6b5a0703209949b78834665a99400dfa~mv2.jpg	Cocina		NUEVO	290		true	PERCENT	0	OutOfStock																																							
product_2faaf136-5c44-3094-2b18-1ed601ae03ae	Product	Reloj Jacinto de Agua 	<p>Reloj de mesa </p><p>Medidas: </p><p>26 x 34 x 8 cm </p>	339e71_a2ce5084ea4d4e6e8007f9e30ccab623~mv2.jpg	Relojes;Decoración			2190		true	PERCENT	0	OutOfStock																																							
product_8fa39ece-33dd-d548-2110-5eaff8cb4b69	Product	Reloj White 	<p>Medidas: 68 cm de diámetro </p>	339e71_a6e441f8c4cd4cd5a32bb2e21a717c2a~mv2.jpg	Relojes;Decoración			4990		true	PERCENT	0	OutOfStock																																							
product_df097d3b-742f-2f28-47d4-0295ace8d2be	Product	Elefante 	"<p>Los elefantes ??, y les contamos algo de su significado.. </p><p></p><p>Se cree que traen buena suerte, sabiduría y armonía en los lazos familiares ?? y si lo que buscas es darle una buena bienvenida a tus invitados, colócalo en la entrada de tu hogar! </p><p></p><p>Sus medidas: 35 x 28 x 14 cm.</p><p></p>"	339e71_b4d54c3c63e34efb96f78ba70caf441d~mv2.jpg;339e71_a8063b58549b489f874e358219b5749f~mv2.jpg	Decoración			3190		true	PERCENT	0	1																																							
product_5d0daec5-4bce-6346-7659-ac5202184263	Product	Silla WHITE 	<p>Silla en madera teka con cuerda blanca. </p><p>Incluye los dos almohadones!!</p><p></p><p>Medidas: </p><p>Alto al asiento: 46 cm con almohadón </p><p>Alto total respaldo: 78 cm </p><p>Ancho: 39.5 cm </p><p>Profundidad: 50 cm </p>	339e71_3b4a6c5085eb4bd79b6247e93f43833d~mv2.jpg;339e71_d7d9da906e35452ea1504b82ca7aef7d~mv2.jpg;339e71_e98fad9c7ec94117a71471723f904501~mv2.jpg;339e71_f73e5966a01844b4b118edb1ce1b3225~mv2.jpg;339e71_a9d63ad52dbe49ac9669d8187739b777~mv2.jpg	Sillones/bancos;Sillas			14900		true	PERCENT	0	OutOfStock																																							
product_6f7239a6-d440-5989-bfbf-84b5c532e20d	Product	Silla DANNA	<p>Silla en madera Teka y fibra Loom </p><p>Medidas: </p><p>Alto asiento: 43 cm </p><p>Alto total desde el piso: 74 cm </p><p>Ancho total: 62 cm </p><p>Ancho asiento: 39 cm </p><p>Profundidad: 49 cm </p>	339e71_adb0083ef48245fd8c51c0991aca504e~mv2.jpg;339e71_c2b73753f8404f62bb43ad48554332a5~mv2.jpg;339e71_aca914c420dd43d690ae75fcef7a3292~mv2.jpg	Mobiliario;Sillones/bancos;Sillas			13900		true	PERCENT	15	OutOfStock																																							
product_8895951d-d924-95a8-50a1-8746a55ed807	Product	Sillón TUFFY	<p>Incluye los 3 almohadones.</p><p></p><p>Medidas: </p><p>Alto al respaldo: 1.10 cm </p><p>Alto del asiento incluyendo almohadón: 55 </p><p>Ancho: 67 cm </p><p>Profundidad total: 75 cm</p>	339e71_5f53fe40e58840cba4c65435ac6a6847~mv2.jpg;339e71_e285c7f2b48840bda5afe2dbb0e0798f~mv2.jpg;339e71_5aaeef74b9654a7a965b3ae26536cf06~mv2.jpg	Sillones/bancos;Mobiliario		NUEVO	17900		true	PERCENT	0	OutOfStock																																							
product_ddcc1ef1-bd37-a2ee-9011-67062cdf86b6	Product	Sillas PLEX 	<p>Sillas PLEGABLES en madera teka y rattan. </p><p>Medidas: </p><p>Asiento: 40 x 44 cm </p><p>Respaldo: 50 x 41 cm  </p><p>Altura total: 86 cm  </p><p>Altura al asiento: 46 cm </p>	339e71_86cff6c16a624841827095e791b2f419~mv2.jpg;339e71_42a6c287add84d6a88dd5a80615272b1~mv2.jpg;339e71_aa6f4d7bb51e4249982015c80212e849~mv2.jpg;339e71_0d528ee3786b4cd0af7cff4baa2ef799~mv2.jpg	Mobiliario;Sillones/bancos;Sillas;DESCUENTOS	SIL0003		9900		true	PERCENT	10	3																																							
product_d2b19acc-dd7f-b391-9f89-d22b7578b5d7	Product	Banqueta BEER beige 	<p>Banquetas realizadas en madera teka y fibra de loom.</p><p>Medidas: </p><p></p><p>Altura total: 1.03cm </p><p>Altura al asiento: 74.5 cm </p><p>Ancho total: 41cm </p><p>Profundidad del asiento: 35cm </p><p>Profundidad total: 42cm</p>	339e71_780009c5c1f04558a7f9e481700198c3~mv2.jpg;339e71_303bda40d03c406a9fa617fb6f41e3fe~mv2.jpg;339e71_8d75467510724cadaf087fef7cd14111~mv2.jpg	Sillones/bancos;Mobiliario;Sillas			12500		true	PERCENT	0	3																																							
product_cf1e8709-526e-d642-23ad-66ad4d308f30	Product	Butaca JOU 	<p>Butaca diseñada en ratan y teka.</p><p>Medidas: </p><p>Ancho: 60 cm </p><p>Altura total del respaldo al piso: 70 cm </p><p>Altura al asiento desde el piso: 40 cm </p>	339e71_ce825e6461214754a16af644984e20f5~mv2.jpg;339e71_c1ad48c5474f48658b4e8ca77b2aabc8~mv2.jpg;339e71_b50bb87647934ceea2a0550494fc1790~mv2.jpg;339e71_05f1c40651e9475aa30f8d6a1073b465~mv2.jpg	Sillones/bancos;Mobiliario			13500		true	PERCENT	0	1																																							
product_0bd67129-582c-c2da-d1c2-a6b86f71729d	Product	Hamaca SWING	<p>Hamaca diseñada en ratán sintético.</p><p>Sus medidas: </p><p>Asiento: 1.25 x 50 cm </p><p>Respaldo: 1.25 x 67 cm </p><p></p><p>INCLUYE ALMOHADÓN BLANCO. </p>	339e71_b6873add2926448ba11f291dfb2c4cdc~mv2.jpg;339e71_0be24a9b6ac9493c809f49e83303df59~mv2.jpg;339e71_d22ded0746764a83b0a1aed048b8f152~mv2.jpg;339e71_70b47493a33c4926a967eecf542ed882~mv2.jpg	Decoración;Mobiliario;Sillones/bancos		NUEVO	25900		true	PERCENT	0	OutOfStock																																							
product_86004352-6d05-11da-aab4-d80dd0e6ca49	Product	Sombrilla SUN	"<p>Mide 2.50 de diámetro. </p><p>Consta de una base de cemento seguida de un mástil de madera tallado a mano, luego la parte de la sombrilla tiene un hermoso trabajo realizado con hilo de algodón (ultimo video), la tela de la misma es lienzo, con soportes de bambú. </p>"	339e71_aa3a9f75eddc43d684090c4e7ebf08f3~mv2.jpg;339e71_ac114490013c4f7cad8d73bc3e3983b9~mv2.jpg;339e71_4277fc957a4c42af8d63dd71d0f19ae3~mv2.jpg;339e71_dc34311496934906b9267f81cfe28c87;339e71_bc8c0f4ccbc545f388c9dee69fd606ee~mv2.jpg	Plantas / Jardín;Varios;Mobiliario			10900		true	PERCENT	0	InStock																																							
product_b22ebabf-c67c-5946-97ca-0dc64bd70106	Product	Almohadón PINE rectangular 	<p>Almohadón en fibras de ananá </p><p>Medidas: 60 x 30 cm</p><p>Incluye relleno y cierre. </p>	339e71_42d438ad98044204bd1695bf8571166f~mv2.jpg	Textiles;Decoración	ALM0003	NUEVO 	2390		true	PERCENT	0	3																																							
product_baa82aff-4a40-f9ca-6dd7-0f7fd1cc888d	Product	Almohadón PINE cuadrado 	<p>Almohadón de fibras de ananá.</p><p>Medidas: 50 x 50 cm</p><p>Incluye relleno y cierre. </p>	339e71_98a4005dc6fa4fffb396051be2e9daf3~mv2.jpg	Textiles;Decoración		NUEVO 	2290		true	PERCENT	0	OutOfStock																																							
product_2d2eeef5-dc7d-810f-d26b-ae17d19d7a88	Product	Cuadro FLOWER 	<p>Cuadro en madera tallada. </p><p>Medidas: 1.20 x 1.20 </p>	339e71_8268d741999741fe826ef95acea48d60~mv2.jpg	Cuadros;Decoración			14900		true	PERCENT	0	OutOfStock																																							
product_48a8f612-8728-5138-786f-c832db7ff21c	Product	Mesa ROD	<p>Medidas: </p><p>Altura: 50 cm | diámetro: 60 cm </p>	339e71_add78d41821847b7b4ab83bd56e79e59~mv2.jpg;339e71_7d6dc4caf20046f39f897c43305e53dc~mv2.jpg;339e71_7d6f38b4f3954f43917d0df293841080~mv2.jpg;339e71_e46d3114c7eb4dcbb1ee4a26ddadfa87~mv2.jpg	Mesas;Mobiliario;DESCUENTOS	MES0006		8900		true	PERCENT	30	InStock																																							
product_a8787171-0e6c-1edf-6e1a-ffc2c22151fb	Product	Espejo BEST 	<p>Espejo en rattan y bambú </p><p>Medidas: 1.80 x 0.60 cm </p>	339e71_b63b507135dc48f5ad032761497626c3~mv2.jpg	Espejos;Mobiliario			12900		true	PERCENT	0	OutOfStock																																							
product_90faba74-143d-2dab-0ea1-e9f67ddfe293	Product	Alfombra Rombos 	<p>Medidas: 50 x 80 cm </p>	339e71_534299b8e8df4dffb23ccd61b760fc4a~mv2.jpg;339e71_d86af0afe96e4d6ea15c3f4a0aff15d6~mv2.jpg	Alfombras;Decoración			790		true	PERCENT	0	OutOfStock																																							
product_ac37a6f3-9a38-b150-5170-65685e628dca	Product	Tapiz RED	<p>Tapiz realizado artesanalmente con piezas en cerámica. </p><p>Medidas: 65 x 50 cm </p>	339e71_4ccab08b69324fc7ab9b553ceacea3a8~mv2.jpg;339e71_8eacd5672d7242f2ad92e2692ba628bb~mv2.jpg	Adornos;Cuadros;Decoración		NUEVO	2590		true	PERCENT	0	OutOfStock																																							
product_625c0e6c-24c1-0124-dc49-4836d8ab7699	Product	Tapiz DIE 	<p>Tapiz realizado artesanalmente con detalles en cerámica. </p><p>Medidas: 87 x 30 cm </p>	339e71_988bb51af4c1418c9082e47420527511~mv2.jpg;339e71_1fc9f3a791854fa7bd9e2bd4599be1ac~mv2.jpg	Adornos;Cuadros;Decoración		NUEVO	2590		true	PERCENT	0	OutOfStock																																							
product_78febcbb-0829-bd17-995c-17116b6e8a20	Product	Cruz en pasta piedra 	<p>Medidas: </p><p>Largo total con cinta: 75 cm </p><p>Cruz: 23 x 17 cm </p>	339e71_a7bee5b6d8844559ae61b726f62b974f~mv2.jpg	Religiosos			1390		true	PERCENT	0	OutOfStock																																							
product_0dc00665-2a00-a78f-b65c-c2b9a8e8a488	Product	Colgante CL 3	<p>Colgante realizado en pasta piedra.</p><p>Medidas: </p><p>Largo total: 55 cm </p><p>Figura principal: 17 x 15 cm </p>	339e71_8a0246df485d4da5ba0352aa384b7d18~mv2.jpg	Adornos;Decoración		NUEVO	1290		true	PERCENT	0	OutOfStock																																							
product_e53f8510-341b-267e-b961-658b2ef22e3a	Product	Colgante CL 2	<p>Colgante realizado en pasta piedra.</p><p>Medidas: </p><p>Largo total: 55 cm </p><p>Figura principal: 18 x 13 cm </p>	339e71_30a5d73f1e2242e987540d516dc1199a~mv2.jpg	Adornos;Decoración		NUEVO	1290		true	PERCENT	0	OutOfStock																																							
product_f341dd8a-c892-d839-bef7-10189672cfc6	Product	Colgante CL 1 	<p>Colgante realizado en pasta piedra </p><p>Medidas: </p><p>Largo total: 55 cm </p><p>Figura principal: 20 x 16 cm </p>	339e71_54e8cfcd9aaf4fcd8d4a72276dfd9882~mv2.jpg	Adornos;Decoración		NUEVO	1290		true	PERCENT	0	OutOfStock																																							
product_b6ec1177-2e1b-1c34-29a2-10e97e83fa03	Product	Vela CORK curva 	"<p>Velas de cera de soja.</p><p>Aroma: Mango</p><p>Medidas: 9,5 x 7 cm </p>"	339e71_ebd44712b462428caa1fc2d2a0e3818f~mv2.jpg;339e71_a60146cfccf148ebb9eb341a881c71d2~mv2.jpg	Velas;Decoración	VEL0014	NUEVA	530		true	PERCENT	0	OutOfStock																																							
product_f8b11947-8076-dfe2-d3b8-4fa6af6de719	Product	Vela CORK recta 	<p>Velas de cera de soja. </p><p>Aromas: French Vainilla | Vainilla cítrico</p><p>Medidas: 6.5 x 11 cm </p>	339e71_91888d3a3c8b41418b5b0913af1ef20e~mv2.jpg;339e71_842ac3955fa94e1e867ff84b76be594b~mv2.jpg	Velas;Decoración	VEL0015	NUEVA	530		true	PERCENT	0	OutOfStock																																							
product_ccb364af-cb10-9ea0-d94e-ade0de3e5b83	Product	Vela SWEET	<p>Vela de cera de soja. </p><p>Aroma: MORA </p><p>Medidas: 7 cm diámetro x 12 cm altura total </p>	339e71_0aaefb78138444f4bdd890f10dbafebc~mv2.jpg;339e71_aab82d95add24095b647fa099f4dc6cf~mv2.jpg;339e71_d6a52874aaee482c8c00b6ecf8d11240~mv2.jpg	Velas;Decoración	VEL0013	NUEVA	550		true	PERCENT	0	OutOfStock																																							
product_18447670-6ce5-8bff-764c-2a2dad0fe8c2	Product	Vela BLUE 	<p>Vela de cera de soja. </p><p>Aroma: MANGO</p><p>Medidas: 8 cm diámetro x 7.5 cm altura </p>	339e71_55b7daf54c9d455e98bd36dbebd1ccd8~mv2.jpg;339e71_1c45f8ef68bd44429f6bd6724353f022~mv2.jpg	Velas;Decoración	VEL0010	NUEVA	750		true	PERCENT	0	OutOfStock																																							
product_5d64d870-8793-b596-9e1f-cd44a0dd33ea	Product	Alfombra cocina 	<p>Alfombra para cocina. </p><p>Medidas: 77 x 46 cm </p>	339e71_0a87634612744723bd4240730ccf0406~mv2.jpg	DESCUENTOS;Cocina;Alfombras			1370		true	PERCENT	0	OutOfStock																																							
product_fc18b535-1637-3eaa-2453-c90d63bc3bc2	Product	Candelabro de peltre 	<p>Candelabro en peltre </p><p>Medidas: </p><p>32 cm x 14 cm x 12 cm </p>	339e71_daf34f2662574df1959fc696080bcdb2~mv2.jpg;339e71_22c3cab12b7a4d6a87bfc1b50a550c9b~mv2.jpg	Adornos;Decoración;DESCUENTOS			1650		true	PERCENT	30	OutOfStock																																							
product_7171c001-fe3c-4e7f-7f91-e53bb1e84091	Product	Floreros peltre	<p>Medidas: 23 cm de altura x 7 cm (aprox) de base</p><p>Especificar cuál de los dos. </p>	339e71_cb89d4b852c24c6e898a8c3888d685d0~mv2.jpg;339e71_64f48e16a2ac4e7f8e70d4980bd175fb~mv2.jpg;339e71_19c55dd216ff462d95123106d9f5a2a7~mv2.jpg	Decoración;Adornos;DESCUENTOS			1190		true	AMOUNT	200	InStock																																							
product_6556f331-9edf-296a-8cd9-8d2a2c7996df	Product	Cazuela de cerámica 	<p>Cazuela con tapa de cerámica </p><p>Medidas: 21 cm diámetro x 14 cm de altura </p>	339e71_d61b95b26b4a4747b34251164e06ae7b~mv2.jpg;339e71_26408d677f3444a29eace5c574d81208~mv2.jpg;339e71_8ddf9949944b4bfe8c05e398c680a9cc~mv2.jpg;339e71_d1afb100f240485dafeb4cbc05cb7ec9~mv2.jpg	DESCUENTOS;Cocina			690		true	PERCENT	20	OutOfStock																																							
product_31e91edf-6128-448d-061e-639634d8ed09	Product	Bandeja ROUND	<p>Bandeja realizada en fibras naturales.</p><p>Medidas: 46 cm de diámetro x 6 cm de altura&nbsp;</p>	339e71_a4ee8213c4e544a1acdb334dc71b99d3~mv2.jpg;339e71_38b48358076d432ea2a1eb09dcd9be6a~mv2.jpg;339e71_5474c297c2e44853a3e7013bd90412ef~mv2.jpg;339e71_f7a8c6134bfa4daabca7d0eb0cae540b~mv2.jpg	Bandejas			1100		true	PERCENT	0	OutOfStock																																							
product_dc02ab45-06df-6113-0e49-23f49aab1a86	Product	Jarrón cement	<p>Medidas:&nbsp;</p><p>Altura: 27.5&nbsp;cm&nbsp;</p><p>Base: 13 cm&nbsp;</p><p>Boca: 15 cm</p>	339e71_37c83c81f2c14be98e69d8995778165d~mv2.jpg;339e71_c814491b8ebc4f1fbf1ed2b848481925~mv2.jpg	Adornos;Decoración			2690		true	PERCENT	0	OutOfStock																																							
product_26cea0f5-794b-2216-7420-078b24e3227d	Product	Jarrón rosa CHICO	<p>Medidas:&nbsp;</p><p>Altura: 30 cm&nbsp;</p><p>Base: 13 cm&nbsp;</p><p>Boca: 8 cm&nbsp;</p>	339e71_ebd4cf34edde4eff81ff4ba4dfe840e7~mv2.jpg;339e71_c72614f547de45b996830fbbf18f86eb~mv2.jpg	Adornos;Decoración			1690		true	PERCENT	0	OutOfStock																																							
product_b28aa7b3-05a9-1c60-d525-5ce9dec8e5af	Product	Jarrón rosa GRANDE	<p>Medidas:&nbsp;</p><p>Altura: 17 cm&nbsp;</p><p>Base: 20 cm&nbsp;</p><p>Boca: 13 cm&nbsp;</p>	339e71_ebd4cf34edde4eff81ff4ba4dfe840e7~mv2.jpg;339e71_112e8924618a4b9190ced822f59ed715~mv2.jpg	Adornos;Decoración	FLO0015		1890		true	PERCENT	0	OutOfStock																																							
product_0712a8a9-411f-e146-7922-1ccb8d63123a	Product	Globo terráqueo 	<p>Medidas: </p><p>Altura: 33 cm </p><p>Diámetro globo: 20 cm </p><p>Diámetro base: 11 cm</p><p></p><p>*especificar color* </p>	339e71_0013ed5300054294ae8d26b44a1e901d~mv2.jpg;339e71_32b11b9032634088a9bb1d408ff453a8~mv2.jpg	Adornos;Varios			2980		true	PERCENT	0	OutOfStock																																							
product_4550b38b-b984-c8fd-3412-9a2ebb5b45d9	Product	Jarrón gris con beige GRANDE 	<p>Medidas: 30 x 13.5 cm </p>	339e71_16f13b9a1f4b4f7a94d531f18ad963fb~mv2.jpg	Adornos;Decoración;DESCUENTOS	FLO0018		1490		true	PERCENT	20	1																																							
product_a5cf9ff9-24c3-27e7-b9aa-8dd4dd123125	Product	Jarrón gris con beige CHICO  	<p>Medidas: </p><p>24.5 x 11.5 </p>	339e71_16f13b9a1f4b4f7a94d531f18ad963fb~mv2.jpg	Decoración;Adornos;DESCUENTOS	FLO0017		1190		true	PERCENT	17	1																																							
product_05b4961b-0e61-0aff-3342-b9d1b1bd3e3b	Product	Portarretrato WHITE 	<p>Medidas totales: </p><p>22.5 x 27 cm </p>	339e71_c59d282a66a2428cb35be0120286ebba~mv2.jpg;339e71_50e83edf928449dc8b2aea9e84b19561~mv2.jpg	Portarretratos			1100		true	PERCENT	15	OutOfStock																																							
product_abc5f650-2f4b-77b6-32e1-cdc18311dfa4	Product	Recetario 	<p>Medidas: 21 x 16 cm </p>	339e71_a47fa7c4dbea411181215a2513b5c7ac~mv2.jpg;339e71_5c02c501c70a4272a98faf0f942db7b0~mv2.jpg;339e71_6937757ae0dc4738970ff539a8cb9fed~mv2.jpg;339e71_ab67b4a5e6fe4dba93b2e4c7659522b5~mv2.jpg;339e71_e985672b7c6b43fcb46492b4b56f110c~mv2.jpg	Varios;DESCUENTOS			520		true	PERCENT	10	InStock																																							
product_63a7e7e8-3388-e2fa-714b-40478aab5e18	Product	Floreros AQUA	<p>PRECIO POR UNIDAD </p><p>Medidas: 35 cm altura x 13 diámetro </p>	339e71_12c25e7b89f646c9875d68a474bc892b~mv2.jpg;339e71_80b3696bec62469e84adf600f6790fa2~mv2.jpg;339e71_12b15e67438946689ef70aecc792ac33~mv2.jpg	Decoración			1250		true	AMOUNT	290	OutOfStock																																							
product_3e98f388-d5b0-2966-e17f-746711655aa8	Product	Matera FIE 	<p>Medidas: </p><p>37 x 25 x 12 cm </p>	339e71_60c79a0ff6404db79a5a9c0ea26881b3~mv2.jpg;339e71_80a73f35320b45019839c85af41b8b99~mv2.jpg;339e71_303a5d9f626c4cf799152ea8aa5a46b2~mv2.jpg;339e71_acdcf2986aec4b168f9ada6dd9940613~mv2.jpg	DESCUENTOS;Varios			1800		true	PERCENT	20	0			Color	COLOR	"rgb(0,0,0):Negro;rgb(69,0,255):Azul"																																		
product_3e98f388-d5b0-2966-e17f-746711655aa8	Variant									true			1					"rgb(0,0,0):Negro"																																		
product_3e98f388-d5b0-2966-e17f-746711655aa8	Variant									true			1					"rgb(69,0,255):Azul"																																		
product_1e514a0e-cecb-33fb-9342-7598912774b6	Product	Sobre MIO 	<p>Medidas: </p><p>37 x 26 cm </p>	339e71_ed66444fc4724978a0e379fdbea0c44e~mv2.jpg;339e71_1a1abdd0b2de4975be980c7b3a1a7813~mv2.jpg;339e71_357dad91a9c14117a958185a307ceedc~mv2.jpg	Varios;DESCUENTOS			1600		true	AMOUNT	210	0			Color	COLOR	"rgb(255,80,0):Naranja;rgb(87,0,8):Bordó"																																		
product_1e514a0e-cecb-33fb-9342-7598912774b6	Variant									true			1					"rgb(255,80,0):Naranja"																																		
product_1e514a0e-cecb-33fb-9342-7598912774b6	Variant									true			1					"rgb(87,0,8):Bordó"																																		
product_54c14c29-f29b-3ba8-262b-ae037881ae12	Product	Canasto PEQ	<p>Medidas: </p><p>28 x 21/33 con manijas </p>	339e71_251cd573a8a744c981164325ed06ac5c~mv2.jpg	Canastos;DESCUENTOS			550		true	PERCENT	20	1																																							
product_1635d3f3-46ce-ed48-7976-8a585a0ccc08	Product	Veladora CUAD 	"<p>Medidas: </p><p>12,5 x 12,5 x 32 cm </p>"	339e71_cb78d083abae4b408aaf2248ecef38da~mv2.jpg;339e71_fcf1bbf7a88f4d4ca794f5ebb1100586~mv2.jpg	Iluminacion;DESCUENTOS			920		true	PERCENT	25	1																																							
product_8ba68c76-7150-21d9-cd22-03dc7693cfc1	Product	Virgen en peltrina 	<p>Medidas: </p><p>12 x 16.5 </p>	339e71_ab097a70f27e471fa557cc81b19b4d38~mv2.jpg	DESCUENTOS;Religiosos			1150		true	AMOUNT	160	1																																							
product_076b3920-9fa4-210c-d6b1-f0f92d6db6c6	Product	Bandeja espejo 	<p>Medidas: 60 cm diámetro | 8 cm borde </p>	339e71_f02c77a2a0294b5c8d850e5a4a8bd74e~mv2.jpg;339e71_c9b84572323c4ed5a43c197a28528fed~mv2.jpg;339e71_c2303adf83864e5c958e952f4ef01ff0~mv2.jpg;339e71_02b51804d89a43928f763bac261ad9bd~mv2.jpg	Decoración;Bandejas			4990		true	PERCENT	0	OutOfStock																																							
product_4219b38b-9a7e-7dd4-38ae-48dec25f7e49	Product	Bandeja OVAL 	<p>Medidas: </p><p>40 x 29 x 10 cm </p>	339e71_2e3af810a5ce4131a68a931c4c9c8e89~mv2.jpg;339e71_34f2228623df4c348987f82569acb64c~mv2.jpg	Bandejas;Decoración			1590		true	PERCENT	0	OutOfStock																																							
product_45002467-768a-0161-ef14-69f7390b6381	Product	Perchero CUAD	<p>Perchero en hierro</p><p>Medidas: 1.60 </p><p>Base: 25 x 25 cm </p>	339e71_7f87d208552a4c96a12ce5b2a74020e3~mv2.jpg	Percheros;Mobiliario			4730		true	PERCENT	0	OutOfStock																																							
product_72331a60-c7b0-4a43-e22f-20c2a3f4757f	Product	Tapiz rústico 	"<p>Medidas: </p><p>1,06 x 0,68 cm </p>"	339e71_8993c7aad3c34aeaa2a4969757424620~mv2.jpg	Decoración;Cuadros			3960		true	PERCENT	15	OutOfStock																																							
product_7d0b475f-8df0-5d73-9d3d-6d77458e434d	Product	Apliques ROPE	<p>Medidas: 21 x 15 cm</p><p>Precio por unidad </p>	339e71_2e9b3a9a9d774d529d2f9b73f5434f3b~mv2.jpg;339e71_84e5816b50ff471bae732c92738923dc~mv2.jpg;339e71_bab2fe13dca9461198520c09cce766fd~mv2.jpg	Iluminacion			1050		true	PERCENT	0	OutOfStock																																							
product_d72b8110-e4cd-9b50-6235-9c6402ef4dce	Product	Espejo MAD	<p>Medidas: </p><p>90 x 73 cm </p>	339e71_b415eaee6b834f8cade774a1646304ca~mv2.jpg	Decoración;Espejos;Mobiliario			5900		true	PERCENT	0	OutOfStock																																							
product_f6a8e19a-d3cb-4ea1-cb41-4ee4791f31ca	Product	Bandeja espejo 	<p>Bandeja en cuerda realizada artesanalmente.</p><p>Medidas: 45 cm x 7 cm</p>	339e71_333fd2bc3b384fd9afb83117bb62a703~mv2.jpg;339e71_f8c4c12386434bff96b818e0f7a46200~mv2.jpg	Bandejas;Decoración			2290		true	PERCENT	0	OutOfStock																																							
product_b59c4925-84e6-aa90-0b86-370b4a2999fa	Product	Manzana turquesa 	<p>Manzana en cerámica </p><p>Altura: 25 cm </p><p>Ancho de base: 13 cm </p><p>Diámetro: 20 cm </p>	339e71_a7a713e6987d4e8e9a1c16e6b5e594fc~mv2.jpg	Decoración;Varios			3200		true	PERCENT	0	OutOfStock																																							
product_b4ee1d2c-6e1d-5ed0-522b-5470b61627cf	Product	Portarretrato BLUE 	<p>Portarretrato rústico en madera </p><p>Medidas: 30 x 25 cm </p>	339e71_ce8ef34df0cf4ce49f4ca264fd413158~mv2.jpg	Portarretratos;Decoración			1190		true	PERCENT	0	OutOfStock																																							
product_ed195f2e-67c5-6ebc-967e-421ee65b4336	Product	Candelabro WHITE	<p> Candelabros en madera </p><p>Medidas: 37 cm de altura x 15 cm </p>	339e71_ed6f101f5ca7470b9e8284edcce769b8~mv2.jpg	Decoración	CAN0020		1490		true	PERCENT	0	2																																							
product_ccfbd5c5-81ff-a918-3e17-128f5ba3afa8	Product	Portarretrato en madera 	<p>Medidas: </p><p>36 x 36 cm </p>	339e71_dd34e37dc53846c0aeff61120ed21385~mv2.jpg	Portarretratos	POR0004		1750		true	PERCENT	0	OutOfStock																																							
product_86bce2b8-3f2f-b01b-e12a-e2b9d5eb233e	Product	Mesa auxiliar GRAY	<p>Mesa auxiliar gris oscuro </p><p>Medidas: 65 x 49 x 47 cm </p>	339e71_701313941c984d759f6b8a6c6cf2e482~mv2.jpg;339e71_c9138f9740cb4b4399a661b479b1013a~mv2.jpg;339e71_70e417b92d6946318c88883389498bb5~mv2.jpg	Mobiliario;Mesas;DESCUENTOS	MES0019		4200		true	PERCENT	20	InStock																																							
product_064d8909-f794-c3d3-06f2-3734aa16c15a	Product	Cruz sagrada flia 	<p>Cruz en cerámica laqueada y estaño</p><p>Medidas: 12 x 9 cm </p>	339e71_0477453665dd4ce8b8f2270dd88f386b~mv2.jpg	Religiosos	CRU0018		1680		true	PERCENT	0	2																																							
product_a746ead5-af7c-d040-b6e6-b93657641d74	Product	Cruz con círculo 	<p>Cruz en cerámica laqueada y estaño </p><p>Medidas: 14 x 8 cm </p>	339e71_6d31b4b1d7fb48c9811879d50fcfd73f~mv2.jpg	Religiosos			1590		true	PERCENT	0	OutOfStock																																							
product_25eaad93-d635-0462-7c6e-1d2e319e3905	Product	Cruz Espíritu Santo 	<p>Cruz realizada en cerámica laqueada y estaño</p><p>Medidas: 19 x 13 cm </p>	339e71_e9e84998da9745debe48f8297b786cd6~mv2.jpg	Religiosos	CRU0005		1890		true	PERCENT	0	2																																							
product_91c0ae7f-15d2-fc6f-a2e4-65806a7ea76b	Product	Cuadro ángel 	"<p>Cuadro realizado en pasta piedra, madera y estaño </p><p></p><p>Medidas: 36 x 36 cm </p>"	339e71_24bc82fe20cf4d008eba52266ac1a4d9~mv2.jpg	Religiosos			3590		true	PERCENT	0	OutOfStock																																							
product_f3efafb1-0cee-e55d-d232-e0b72c0ec2a7	Product	Virgen niña	<p>Virgen realizada en cerámica laqueada y estaño </p><p>Medidas: 16 x 9 cm</p><p>Disponible solo rosada </p>	339e71_478b32afc41248429a18537e4c695573~mv2.jpg	Religiosos			1700		true	PERCENT	0	1																																							
product_10e4797e-afd6-11cd-ad79-05c595fa5899	Product	Estrella sagrada familia 	<p>Estrella realizada en cerámica laqueada y estaño </p><p>Medidas: 19 x 19 cm </p>	339e71_81b8acbf22294771887908c354a8268e~mv2.jpg	Religiosos			1890		true	PERCENT	0	OutOfStock																																							
product_4f4a01e2-fa10-5edf-be08-d7343c65e71d	Product	Cruz Virgen 	<p>Cruz realizada en cerámica laqueada y estaño </p><p>Medidas: 14 x 14 cm </p>	339e71_8d69d7f05a5e4ef7b35d4e3488ea9a8a~mv2.jpg	Religiosos			1980		true	PERCENT	0	1																																							
product_370ea246-bde3-3264-3ff2-7126f218af7c	Product	Cruz Niño 	<p>Cruz realizada en cerámica laqueada y estaño </p><p>Medidas: </p><p>14 x 11 cm </p>	339e71_1c72af98572247349db80d2ca54276d1~mv2.jpg	Religiosos			1890		true	PERCENT	0	OutOfStock																																							
product_58239f34-ebc3-28bd-4b41-4edbcd9ccab5	Product	Pino en tela DISFRUTA 	<p>Pinos hechos artesanalmente en tela </p><p>Medidas: 25 cm de altura </p>	339e71_fa3d849b6b1e408592915fe63862c992~mv2.jpg	Navidad			480		true	PERCENT	0	OutOfStock																																							
product_5032dce6-767c-b0d3-4b21-35da763e483e	Product	Ángel en tela  	<p>Ángel hecho artesanalmente en tela </p><p>Medidas: 24 x 14 cm </p>	339e71_22909e00acc746b0b8de71b27bef3329~mv2.jpg	Religiosos;Navidad			490		true	PERCENT	0	OutOfStock																																							
product_c71e7ec4-2929-313b-7b55-53db983d605b	Product	Ángel en tela 	<p>Ángel hecho artesanalmente en tela </p><p>Medidas: 24 x 14 cm </p>	339e71_112b6fd626da4305833d3cd7762427b1~mv2.jpg	Navidad;Religiosos			490		true	PERCENT	0	OutOfStock																																							
product_041cfd71-b15b-298a-f57c-3da48aac21e2	Product	Pino en madera 	<p>Medidas: 20 x 19 cm | ancho total </p>	339e71_10adb3ad123c44109eaef646e7f1518a~mv2.jpg	Navidad			520		true	PERCENT	0	OutOfStock																																							
product_2bad1d71-b8c6-7b74-a032-db53f15e4c2b	Product	Ángel en tela 	<p>Ángel hecho artesanalmente en tela </p><p>Medidas: 24 cm x 14 cm </p>	339e71_5b52dff10ab24aa2b5d8e7597a1171e8~mv2.jpg	Navidad;Religiosos		NUEVO	490		true	PERCENT	0	OutOfStock																																							
product_95ffd62d-9ac4-8d63-22e8-a4d937e1abd5	Product	Ángel en cuero 	<p>Ángel realizado artesanalmente en cuero y tela </p><p>Medidas: 22 x 12 cm </p>	339e71_f5db2bdf7ad04d7aa933508c1f9317e4~mv2.jpg	Navidad;Religiosos		NUEVO	690		true	PERCENT	0	InStock																																							
product_0f49c603-6fda-c5db-0306-837f0bbe4f78	Product	Felpudos 	<p>Medidas: </p><p>60 x 40 cm</p><p></p><p>Especificar diseño. </p>	339e71_cf264512eae44e92a0722ed43bc1adc1~mv2.jpg;339e71_2ac95483e7d84c4fa58f71bbb4234512~mv2.jpg	Alfombras			550		true	PERCENT	0	OutOfStock																																							
product_1d6de24f-a4f5-28e4-0da1-6fc4f387536e	Product	Bandeja en peltrina con manijas 	<p>Medidas con manijas: 52 cm x 31 cm </p><p>Sin manija: 41 cm </p>	339e71_43329fc18e9c485997abd024d6f1675f~mv2.jpg;339e71_aeeed7a433024e128f44f4a81e9e5e8e~mv2.jpg	Bandejas;Decoración			2390		true	PERCENT	0	OutOfStock																																							
product_535729fc-d157-faeb-cf83-e8a901b864de	Product	Jardinera en pasta piedra 	<p>Diseñada en pasta piedra </p><p>Medidas: </p><p>27 x 17 cm </p><p>Altura: 10 cm </p>	339e71_52595f1a6b914e479bb66d0f53c5f581~mv2.jpg	Adornos;Decoración;Plantas / Jardín		NUEVA 	1760		true	PERCENT	0	OutOfStock																																							
product_41e0a31c-7e82-e791-d395-815e5e6372e6	Product	Jarrón Beach Rosa 	<p>Diseñado en cerámica </p><p>Medidas: </p><p>Alto: 13 cm </p><p>Diámetro: 11 cm </p><p>Diam boca: 9 cm </p>	339e71_947f7c9493ce4af0bd441ed1cc6be981~mv2.jpg	Adornos;Decoración			1290		true	PERCENT	0	OutOfStock																																							
product_3997d9ec-d358-9e1b-fa90-fcb040c635fe	Product	Jarrón Beach Blanco  	<p>Diseñado en cerámica </p><p>Medidas: </p><p>Alto: 13 cm </p><p>Diámetro: 11 cm </p><p>Diam boca: 9 cm </p>	339e71_d1435e9924cf4165833cd2636aa02207~mv2.jpg	Adornos;Decoración			1290		true	PERCENT	0	OutOfStock																																							
product_c4c2673c-bb96-1c8c-5ad9-4d96e1504a0e	Product	Jarrón Beach Verde 	<p>Diseñado en cerámica </p><p>Medidas: </p><p>Alto: 13 cm </p><p>Diámetro: 11 cm </p><p>Diam boca: 9 cm </p>	339e71_e84595e0281e466384bce6904122c0b3~mv2.jpg	Decoración;Adornos			1290		true	PERCENT	0	OutOfStock																																							
product_2e845ea9-4211-3043-ea9d-08c16667650c	Product	Jarrón Beach Gris 	<p>Diseñado en cerámica </p><p>Medidas: </p><p>Alto: 13 cm </p><p>Diámetro: 11 cm </p><p>Diam boca: 9 cm </p>	339e71_cf3e9b2e8bfd4197a51802b468db41e3~mv2.jpg	Decoración;Adornos			1290		true	PERCENT	0	OutOfStock																																							
product_474461f3-5611-ebe5-d2a6-90630c8ef971	Product	Bandeja Ondas Chica  	<p>Bandeja en madera </p><p>Medidas: 43 x 30 cm </p>	339e71_478f822f371a4aeb93dace5caf695d8b~mv2.jpg;339e71_a6c62416b719419c890dfb0b83663488~mv2.jpg	Bandejas;Decoración		NUEVA 	1290		true	PERCENT	0	OutOfStock																																							
product_51b93dc5-6b06-f567-d6dd-65a1ba3a9c7d	Product	Bandeja Ondas Grande 	<p>Bandeja en madera</p><p>Medidas: 52 x 36 cm </p>	339e71_624d4a5502dc409b8536b2af839610f2~mv2.jpg;339e71_e23462dc592341d8a261541c6e3cd4df~mv2.jpg	Bandejas;Decoración		NUEVA 	1490		true	PERCENT	0	OutOfStock																																							
product_65d9dfd8-cafb-b65d-066d-43ff192c9bcc	Product	Sujeta cortina acrílico 	<p>Medidas: </p><p>Desde el círculo: 42 cm </p>	339e71_384406e3de3a499da4478073f9115bcd~mv2.jpg	Decoración			790		true	PERCENT	0	OutOfStock																																							
product_28a85a2d-3df0-c755-3780-301137f11fe3	Product	Cuadro white flor 	<p>Medidas: 38 x 38 cm </p>	339e71_3c5683a4cf5d419ba52f158cd6e60b9f~mv2.jpg;339e71_fd8d68d081574aeab19d256e949f322f~mv2.jpg	Cuadros;Decoración	CUAD0006		1390		true	PERCENT	0	OutOfStock																																							
product_6007184b-6d53-c35b-f118-b43b160ab442	Product	Perchero en bambú 	<p>Medidas: 40 x 8 cm / con perchas: 15 cm </p>	339e71_b80cf585b5f549989e56c95b5e739a4e~mv2.jpg	Percheros			1590		true	PERCENT	0	OutOfStock																																							
product_c136c04c-48c6-6b8a-b5db-1d84032b5038	Product	Toallero en bambú 	<p>Medidas: 35 x 10 cm </p>	339e71_ef11b3126fc144a494682ec5be65243b~mv2.jpg	Percheros;DESCUENTOS	TOA0001		1760		true	PERCENT	15	1																																							
product_2644eb1b-a77f-0871-5227-ef19722c28bc	Product	Cartel EAT	<p>Realizado en chapa </p><p>Medidas largo total: 57 cm </p><p>Ancho: 12 cm </p>	339e71_6624012eb8b04273bf4c6a4adc964019~mv2.jpg	Cocina;Cuadros	COL0003		690		true	PERCENT	0	InStock																																							
product_e232c03e-5a35-da46-6ded-f9732a42d46d	Product	Cuadro hoja decorativa 	<p>Medidas: 43.5 x 35 cm </p><p></p>	339e71_463edac9288e4d85a5fed7f573a56a63~mv2.jpg	Adornos;Decoración;Cuadros		NUEVO	990		true	PERCENT	0	OutOfStock																																							
product_784fcf67-855a-e7fe-ecf0-35c31169d374	Product	Lámpara de bambú y tela 	<p>Medidas: 48 x 29 cm </p><p>No incluye instalación eléctrica </p>	339e71_25994a8fdbcf41a29615b8e5ff5e4690~mv2.jpg	Iluminacion;Decoración;DESCUENTOS	LAM0002		4200		true	PERCENT	20	1																																							
product_afbedf51-53a5-3e40-428a-f5f52e499abd	Product	Espejo MAD 	<p>Medidas aprox: 58 cm </p>	339e71_ae176fea2eb24cac86827677ed37b690~mv2.jpg	Espejos;Decoración			1950		true	PERCENT	0	OutOfStock																																							
product_52d7f33a-91bd-b408-71c9-a821179b9e14	Product	Bolso en yute PINK 	<p>Medidas: 42 x 35 cm </p><p>Forrado por dentro</p><p></p><p>*diseños personalizados*</p>	339e71_60fa7b57073441e284b40416c39af484~mv2.jpg;339e71_085992a5f7c24f7eaa3ccc0db18be2a9~mv2.jpg			NUEVO	690		true	PERCENT	0	OutOfStock																																							
product_e5ea4df3-fb4c-0442-63cb-8c6f0e25c2b9	Product	Cuadro FARMER	<p>Medidas: 63 x 24 cm </p>	339e71_b26ddbd315304e2498ba293584b7fa92~mv2.jpg	Cuadros;Decoración;Cocina		NUEVO 	1390		true	PERCENT	0	1																																							
product_bd5dc368-fae9-cb23-7d95-eeb3a8d43353	Product	Florero bottle gris 	"<p>Medidas: 18 x 17 x 8,5 cm </p>"	339e71_498ade02b2f245d6b93b2a4b61b645fe~mv2.jpg	Decoración;Adornos			1690		true	PERCENT	0	OutOfStock																																							
product_b01f9006-6838-59eb-770c-54d674b61061	Product	Florero bottle maíz 	"<p>Medidas: 18 x 17 x 8,5 cm</p><p></p>"	339e71_49349676bb0944199832f430668ca28d~mv2.jpg	Adornos;Decoración;DESCUENTOS			1690		true	PERCENT	25	1																																							
product_d92ad61d-b0cc-f220-1c1c-009d70073bab	Product	Perchero x4 en peltrina  	<p>Medidas: 49 x 14 cm </p>	339e71_4d0e5ad961094bef90daa5b3137511e7~mv2.jpg	Percheros;Decoración;Mobiliario			2390		true	PERCENT	0	OutOfStock																																							
product_8aa172a7-166c-a029-065e-481f6b5ee0bb	Product	Vasos rombos 	<p>Set x6 vasos de vidrio </p><p>Medidas: 10 cm de altura  x 8 cm diámetro superior </p>	339e71_b2a4811abad14fd9af333c1c9f200d67~mv2.jpg;339e71_08849467b16949caa98fef112b25af53~mv2.jpg	Cocina;Vasos | copas | tazas 			990		true	PERCENT	0	OutOfStock																																							
product_e96d2697-63c7-465f-b603-0dacf62b8d54	Product	Fuente hojita chica 	"<p>Fuente en cerámica laqueada y estaño </p><p>Medidas: 24 x 16,5 cm</p>"	339e71_ffd569e26918470ea46d93447dfc9f5b~mv2.jpg	Adornos;Bandejas;Decoración			1600		true	PERCENT	0	OutOfStock																																							
product_09ca69fe-4ba0-f3d1-6ba9-f7295cc26ddb	Product	Fuentes hojita grande 	<p>Hoja en cerámica laqueada y estaño</p><p>Medidas: 28 x 20 cm </p>	339e71_299c79e220d94969aa13f44079cd40fe~mv2.jpg	Adornos;Bandejas;Decoración			1700		true	PERCENT	0	OutOfStock																																							
product_59ee1eff-e291-391a-7f64-b56f963ab7ef	Product	Fuente WHITE 	<p>Fuente en cerámica laqueada y estaño </p><p>Medidas: 29.5 x 12.5 cm </p>	339e71_97006864e52d4e29a0e7622395e78ba7~mv2.jpg;339e71_10ce2bf44b544d769887ff6c711f4164~mv2.jpg	Adornos;Decoración;Bandejas			2200		true	PERCENT	0	OutOfStock																																							
product_b8d882d4-8035-7bee-56f8-dcc2d4a99e0d	Product	Cruz rústica WHITE 	<p>Medidas: 55 x 35 cm </p>	339e71_16c3a2e57bf34e2faa50b73009d3ddbf~mv2.jpg	Religiosos		NUEVO	950		true	PERCENT	0	OutOfStock																																							
product_13268eda-92a8-4be4-b074-1b7b82e46cc5	Product	Cruz rústica SKY	<p>Medidas: </p><p>64 x 30 cm </p>	339e71_acdb6aaad6fd41119bbd7227754dcbae~mv2.jpg	Religiosos		NUEVO	950		true	PERCENT	0	OutOfStock																																							
product_122f98b9-cf83-af03-205f-db26b286fc35	Product	Perchero en hierro doble   	<p>Medidas: 1.62 cm</p>	339e71_e74848076b75415ba18c0ee165b9b810~mv2.jpg;339e71_2dd0cfa1d4f343ed89170ece8aca6f2f~mv2.jpg	Decoración;Mobiliario;Percheros	PER0006		4390		true	PERCENT	0	OutOfStock																																							
product_51a4e888-9364-4c1a-824b-ab6346a5c1be	Product	Perchero en hierro simple     	<p>Medidas: 1.62 cm </p>	339e71_3ee8679fe55a4a04aef463057746c371~mv2.jpg;339e71_8e4e0ebb3a2346e6932364f2b4375b8b~mv2.jpg	Decoración;Percheros;Mobiliario			3590		false	PERCENT	0	OutOfStock																																							
product_bc1312b6-7510-bfb0-9391-14d5c5cf1798	Product	Campana 	<p>Campana en cerámica y estaño </p><p>Medidas: 15 cm de diámetro x 16 cm altura </p>	339e71_87621803da2546b3a08d20a6adae072a~mv2.jpg	Decoración;Adornos;DESCUENTOS			1950		true	PERCENT	30	OutOfStock																																							
product_4d0cf6bb-1c05-d6be-38f4-8a32b17ff3bf	Product	Individual | plato de sitio 	<p>Medidas: 30 cm </p>	339e71_c2284ca9cba64424a487505db64dbd8c~mv2.jpg	Textiles;Adornos;Cocina;Varios;Decoración		NUEVO	330		true	PERCENT	0	6																																							
product_ad84c787-0db8-bfe4-0458-53db46fcec8b	Product	Aplique decorativo	<p>Aplique decorativo para colgar en la pared o colocar sobre una mesa. </p><p>Medidas: 37 cm diámetro </p>	339e71_a26ab16508a84651b373b5f2dada8c57~mv2.png	DESCUENTOS;Decoración			890		true	PERCENT	30	OutOfStock																																							
product_a51e08ae-5f80-af58-a718-d0e1a9266f81	Product	Colgante OVAL 	<p>Colgante diseñado en pasta piedra. </p><p>Medidas: </p><p>Largo: 72 cm </p><p>Parte más ancha: 13.5 cm</p>	339e71_246bcc9aabf84de88958b68af5bab462~mv2.jpg;339e71_10530677c2ed49aa8d8fcc3bb972034b~mv2.jpg	Decoración;Adornos			1690		true	PERCENT	0	OutOfStock																																							
product_5d856a8a-8acd-bfc1-3f19-a697d59c53dc	Product	Cesto para la ropa GRANDE 	<p>Medidas: </p><p>42 x 31 x 58 cm </p><p>Bolsa de tela desmontable </p>	339e71_5e77f3990e9c42d58e2f57c58bbef229~mv2.jpg;339e71_301acb9f1154446495ccd3f262b19964~mv2.jpg;339e71_05e3c3bb47734100bca3a8089773ef93~mv2.jpg;339e71_062978678076402093beb553fc3c38b4~mv2.jpg	Decoración		NUEVO 	2690		true	PERCENT	0	OutOfStock																																							
product_973a3feb-2267-0a1f-747e-9d436db67244	Product	Cesto para la ropa PEQUEÑO	<p>Medidas: </p><p>38 x 27 x 53 cm </p><p>Funda de tela desmontable </p>	339e71_5e77f3990e9c42d58e2f57c58bbef229~mv2.jpg;339e71_60a69e32e7c84911ae84ee95462575b9~mv2.jpg;339e71_b857e4696c714175b079b5c0e63c1eae~mv2.jpg;339e71_76d6489989304cfa9748d67f6bfdea19~mv2.jpg	Decoración		NUEVO	2390		true	PERCENT	0	OutOfStock																																							
product_0cf390fe-844e-a714-9a19-4fdd25c3e6c5	Product	Sagrada familia 	<p>Medidas: 19.5 cm diámetro </p>	339e71_3caab1a57be049eca4a302b982b852e5~mv2.jpg	Religiosos			1590		true	PERCENT	0	OutOfStock																																							
product_938204b6-0839-041d-e594-0fb9b173d021	Product	Cruz leyenda 	<p>Medidas: 19.5 x 11.5 x 1.5 cm </p>	339e71_9d44e9bb68984cd4b782683669180376~mv2.jpg	Religiosos			1750		true	PERCENT	0	OutOfStock																																							
product_3219ac02-d3f5-f099-90d7-3915f3bd8dfb	Product	Sagrada familia en piedra 	<p>Medidas: </p><p>Diámetro: 8.5 cm</p><p>Prof: 4.5 cm </p>	339e71_42fad6f9870149bb9bd6e990fab4ab6a~mv2.jpg	Religiosos;Decoración			1890		true	PERCENT	0	OutOfStock																																							
product_cf4f623d-71e7-db87-7765-904d00efa0a3	Product	Virgen sobre piedra 	<p>Virgen sobre piedra realizada en cerámica y estaño. </p><p>Medidas: 13.5 x 9.5 x 1.5 cm</p>	339e71_3cfb8610281c4ea79d678bd7fbc33f21~mv2.jpg	Religiosos;Decoración	VIR0032		1790		true	PERCENT	0	2																																							
product_8f6a5356-a6a4-9365-08c3-2f757f2df6e6	Product	Apliques CALA chicos	<p>Apliques de luz en chapa calada. </p><p>Medidas: 26.5 x 21 x 12 cm </p><p>PRECIO POR UNIDAD </p>	339e71_f9c02f01770140659b92cc90774bfa4b~mv2.jpg;339e71_b3fc37424b034a42a61d13d9eede75cf~mv2.jpg	Decoración;Iluminacion	APL0003	NUEVO	2690		true	PERCENT	0	2																																							
product_ed12fd72-19be-db25-6535-ecd1a81ba8dd	Product	Apliques CALA grandes 	<p>Apliques de luz en chapa calada. </p><p>Medidas: 50 x 20 x 12.5 </p><p>PRECIO POR UNIDAD </p>	339e71_537c9ed204b342508f8d2eabc0ea21ae~mv2.jpg;339e71_7b04684002ba4a8dad952e25fc0f0b43~mv2.jpg	Decoración;Iluminacion		NUEVO	3490		true	PERCENT	0	2																																							
product_e6b0a1c2-6d76-ba7d-5492-afde25f94824	Product	Almohadón girasol 	<p>Medida: aprox 40 cm </p>	339e71_d0bc83a7112e4061b17b6653d7f6b7a1~mv2.jpg	Textiles;DESCUENTOS;Decoración			1100		true	PERCENT	20	1																																							
product_18dbf1d7-4732-9e6f-274e-5a641341ed52	Product	Colgantes decorativos en pasta piedra	<p><strong>PRECIO POR UNIDAD</strong></p><p>&nbsp;</p><p>Medidas: 50 x 11 cm&nbsp;</p>	339e71_dcd3147f0e5244e9bcdd949735855f38~mv2.jpeg	Adornos;Decoración		NUEVO	1290		true	PERCENT	0	OutOfStock																																							
product_1b992c66-794d-ac36-af7b-75ba3f8a9d07	Product	Bandeja OVAL 	"<p>Bandeja decorativa diseñada en álamo.</p><p>Medidas: 48,5 x 29 cm </p>"	339e71_d548dbfb12e54c07b1de73c6da116d2c~mv2.jpg	Decoración;Cocina;Bandejas			1390		true	PERCENT	0	OutOfStock																																							
product_75cb7fdd-991c-2684-ab9f-b865d5215208	Product	Servilletero/ porta pañuelos 	<p>Porta pañuelos en rattan.</p><p>Medidas:</p><p>27 x 14 x 7.5 </p>	339e71_a69d4d94a48d424d8ebd5d3edb90d89a~mv2.jpg;339e71_4c42e12c416c46e0b246f8089a5235ce~mv2.jpg	Adornos;Decoración		NUEVO	1690		true	PERCENT	0	OutOfStock																																							
product_1b75d85e-ad78-f4b1-04cd-da9c81872149	Product	Aplique varillas 	<p>Aplique para pared. </p><p>NO incluye instalación eléctrica.</p><p>Medidas:</p><p>51 x 36 x 19 cm </p>	339e71_03e09b04e22a4b9ab63cb134502b591e~mv2.jpg	Iluminacion;Decoración;DESCUENTOS			2900		true	PERCENT	30	1																																							
product_0081b400-06c2-01a5-0dc2-01f2f9c48c05	Product	Pajarito colgante 	<p>Pájaros colgantes en pasta piedra. </p><p></p><p>Medidas: 40 x 14 cm (ancho pajarito)</p><p></p><p>PRECIO POR UNIDAD</p>	339e71_9b501fd4b9bf4446b1ebcbc341aa8a70~mv2.jpg	Decoración;Adornos		NUEVO	890		true	PERCENT	0	OutOfStock																																							
product_9d2d5b9c-912f-61e2-f641-862175116c0c	Product	Espejo / portarretrato 	<p>Portarretrato / espejo de mesa en metal.</p><p></p><p>Medidas: 25 x 12.5 </p>	339e71_f03d4ead6eaf4f59b1cea1b02c421864~mv2.jpg;339e71_691ad0d27ed54d1894c423439e7acb0f~mv2.jpg	DESCUENTOS			850		true	PERCENT	20	InStock																																							
product_cd97f2ab-a7b7-6379-95fb-8517d3ca3b55	Product	Caja de té x6 	<p>Caja con 6 divisiones. </p><p>Medidas: </p><p>25 x 17 x 8 cm </p>	339e71_41271b837dc24cabb5c3c5f4d0c1bc50~mv2.jpg	Cocina			1100		true	PERCENT	0	OutOfStock																																							
product_cdc4a54e-b35f-28e6-2ced-d4ed3a599f02	Product	Apoya fuentes 	<p>Medidas:</p><p>24 x 17 cm</p>	339e71_8e5e840365e34ab1b81be0093d6166d0~mv2.jpg	Cocina;DESCUENTOS			560		true	PERCENT	10	OutOfStock																																							
product_f6da633f-7274-fb2f-a41c-081b9ef1dae6	Product	Cestas Bambú 	<p>Medidas: 33 x 22 x 12 cm </p>	339e71_a2b0abdaf0b9461984a6aacad056f2c0~mv2.jpg	Canastos;Decoración		NUEVO 	1200		true	PERCENT	0	OutOfStock																																							
product_d541b799-faa1-d5e6-bf6f-dcb18457b21b	Product	Vela Wood CHICA 	<p>Medidas: </p><p>7 x 5 cm </p>	339e71_c25caf5fc48a4dbbbb7b212b4a84531a~mv2.jpg	Decoración;Adornos		NUEVO 	400		true	PERCENT	0	OutOfStock																																							
product_77067ceb-4029-ab90-3bd8-0ff4f240c1a7	Product	Vela Wood GRANDE 	"<p>Medidas: </p><p>9,5 x 4,5 cm </p>"	339e71_03e8ddba560d4c73b2bd65e61e2555fb~mv2.jpg	Decoración;Adornos		NUEVO	500		true	PERCENT	0	OutOfStock																																							
product_ae298eca-bb5c-60f1-c3b4-087d355290a4	Product	Juego de vajilla Gris 	<p>Set x 16 piezas. </p><p>Medidas:</p><p>Tazas: 9 x 9 cm </p><p>Platos llanos: 26 cm diámetro </p><p>Platos de postre: 20 cm diámetro </p><p>Bowls: 14.5 x 6 cm </p>	339e71_3511a24f6b944eac94c5e5fe70e060eb~mv2.jpg;339e71_a9a01ddee4ca43e19d74f5c2686c3e92~mv2.jpg	Cocina			1890		true	PERCENT	0	OutOfStock																																							
product_0e9b382c-9c88-07be-d209-3aaf11725cd6	Product	Jarrón Crema 	<p>Medidas: </p><p>Diámetro 21 cm / boca: 9 cm </p><p>Altura: 20 cm </p>	339e71_99c152ca91b34560abd318e7ce8b04c8~mv2.jpg;339e71_1597438d564e41f889b8899fb42e08d6~mv2.jpg	Adornos;Decoración			2100		true	PERCENT	10	OutOfStock																																							
product_5eb3acac-37e0-36b4-157a-6589ba190a16	Product	Jarrón Gris 	<p>Medidas: </p><p>Diámetro: 21 / boca: 9 cm </p><p>Altura: 28 cm </p><p></p>	339e71_b2ce6739e18a4fb0a8ad2b09bdfbbf60~mv2.jpg;339e71_43c3542b75d74d67a7d372d613a2d77a~mv2.jpg;339e71_53a99a61b09840fd992bbf2abd7d2820~mv2.jpg	Adornos;Decoración;DESCUENTOS			2350		true	PERCENT	30	1																																							
product_5c2ad754-d622-4994-a969-b02b50b8e45c	Product	Cubiertero	<p>Medidas:&nbsp;</p><p>10 x 10 cm&nbsp;</p><p>Altura: 16 cm</p>	339e71_ee34e70f6c1d4b2d9e173cba050f300e~mv2.jpg	Cocina			400		true	PERCENT	0	OutOfStock																																							
product_656b208b-9e5d-9694-24b3-d77a8696c443	Product	Canasta Lazo GRANDE	<p>Medidas:&nbsp;</p><p>40 x 22</p><p>Altura: 24 cm&nbsp;</p>	339e71_b9df2233a32549748174ca243342cb94~mv2.jpg	Canastos;Decoración			1450		true	PERCENT	0	OutOfStock																																							
product_0453cddf-b1f0-cb00-b730-7c3de546dc77	Product	Canasto White GRANDE	<p>Medidas:</p><p>35 x&nbsp;35 cm</p><p>Alto: 30 cm</p><p>Alto con manija:&nbsp;38cm</p>	339e71_9756fc8848e34a72aeaf0793325af9ef~mv2.jpg	Canastos;Decoración		NUEVO	2190		true	PERCENT	0	OutOfStock																																							
product_0e1b6dd8-9d66-d4d6-b126-8acd547ecfc0	Product	Canasto White CHICO	<p>Medidas:&nbsp;</p><p>&nbsp;30 x 30 cm</p><p>Alto 25 cm / alto con manija:&nbsp;32cms</p><p>&nbsp;</p>	339e71_9756fc8848e34a72aeaf0793325af9ef~mv2.jpg	Canastos;Decoración		NUEVO	1850		true	PERCENT	0	OutOfStock																																							
product_0594130e-5d84-511d-381c-77cacd8e9898	Product	Perchero en peltrina	<p>Perchero diseñado en madera con perchas en peltrina.&nbsp;</p><p>Medidas:&nbsp;</p><p>Madera: 35 x 14 cm&nbsp;</p><p>Total perchas ancho: 18 cm&nbsp;</p>	339e71_6061352744f0401db4ce1cef86a137c4~mv2.jpg	Percheros;Mobiliario			1790		true	PERCENT	0	OutOfStock																																							
product_f0367b3a-eeca-0361-d28e-86f72ea0046e	Product	Platos de Sitio GREEN	<p>Platos de sitio de papel cuadrados.</p><p>Medidas: 35 x 35 cm&nbsp;</p><p>Cantidad: 30 unidades</p>	339e71_8e6286904db94f6ba49b9456cb00de8c~mv2.jpg	Cocina		NUEVO	620		true	PERCENT	0	OutOfStock																																							
product_fcecca12-92c2-e0e3-fb32-5e5c7a4643a6	Product	Platos de Sitio ROSE	<p>Platos de sitio de papel cuadrados.</p><p>Medidas: 35 x 35 cm&nbsp;</p><p>Cantidad: 30 unidades</p>	339e71_a94c9110af674ee68faf5fb9292d7058~mv2.jpg	Cocina		NUEVO	620		true	PERCENT	0	OutOfStock																																							
product_74c17a58-0856-7d79-0a3a-543f169116dd	Product	Mini Fanal BLACK	"<p>Medidas:&nbsp;</p><p>8 cm altura x 7,5 cm diámetro.&nbsp;</p>"	339e71_b9ac5ec66afd4caeb9892f238989ab91~mv2.jpg	Adornos;Decoración			420		true	PERCENT	0	OutOfStock																																							
product_72b62ae8-c885-18b9-269b-3ac50692e832	Product	Mini Fanal WHITE	"<p>Medidas:&nbsp;</p><p>8 cm altura x 7,5 cm diámetro.&nbsp;</p><p>&nbsp;</p>"	339e71_3c26d1ecf83d470abff43f109c8ed605~mv2.jpg;339e71_bbe35761fdba42a7b120a86220dd82bc~mv2.jpg	Adornos;Decoración		NUEVO	420		true	PERCENT	0	OutOfStock																																							
product_29c7d1b6-10a8-510d-ac2a-525c6d477b70	Product	Farol Candle	<p>Farol de plástico a pilas.&nbsp;</p><p>Altura: 20 cm&nbsp;</p><p>Base: 9 x 9 cm</p>	339e71_46903d074b7e4ea1b5ff05da107ae121~mv2.jpg	Decoración;Iluminacion			550		true	PERCENT	0	OutOfStock																																							
product_adf4fbb2-3704-bf85-349d-617ab46427ba	Product	Veladora Iron	<p>Lámpara de mesa en hierro.</p><p>Medidas:&nbsp;</p><p>Altura: 44.5</p><p>Brazo + pantalla: 24.5</p>	339e71_491da99b28f346d4bb1507a310572aca~mv2.jpg	Decoración;Iluminacion;DESCUENTOS			2800		true	PERCENT	20	1																																							
product_addf4022-ad5e-2853-1fb5-f543324509c0	Product	Bandeja Mad	<p>Bandeja en madera con manijas.</p><p>Diametro: 27 cm&nbsp;</p>	339e71_83d5940ec2e143248ff846fda55775ad~mv2.jpg;339e71_41a9272b709049c19bb7464274534297~mv2.jpg	Adornos;Decoración;Bandejas;Cocina			990		true	PERCENT	0	OutOfStock																																							
product_617044ed-e554-5cab-296e-9d5ea6a1857f	Product	Manta Cruda	<p>Manta cruda con flecos.</p><p>Medida: 1.40 x 1 m</p>	339e71_688bbea69c1940698df2c8b6d7227de2~mv2.jpg	Mantas;Decoración;Textiles;DESCUENTOS			2400		true	PERCENT	15	1																																							
product_f2e110c8-eebb-b05b-a7cd-34509c52c26b	Product	Maceta Ray Pequeña 	<p>Maceta de melamina con base en hierro.&nbsp;</p><p>Medidas:&nbsp;</p><p>Diámetro: 11 cm&nbsp;</p><p>Altura maceta: 10.5 cm&nbsp;</p><p>Altura total: 15 cm</p><p>&nbsp;</p><p>* Consultar disponibilidad de colores *</p>	339e71_95fda3fdfa87494fb6ac5369124fd470~mv2.jpg;339e71_a7c81c0515ce48339eda98e1f5fdb8d9~mv2.jpg;339e71_2c65e06fe9a9420db3c8bc9f86e66d43~mv2.jpg	Plantas / Jardín;Decoración;DESCUENTOS			470		true	PERCENT	30	InStock																																							
product_9077d755-b59a-06c6-a57a-ca8b2c2e3fc1	Product	Cesto Calado	"<p>Cesto en fibras con tela por dentro. Ideal para ropa.</p><p>Medidas:&nbsp;</p><p>Altura: 41,5 cm</p><p>Ancho: 28 cm&nbsp;</p><p>Largo: 38 cm&nbsp;</p>"	339e71_1759e09dd6cf4935b58f76e01f47e809~mv2.jpg	Canastos;Decoración;DESCUENTOS			1430		true	PERCENT	30	OutOfStock																																							
product_f4740fb1-b56d-482f-d5e1-5d6e5cbb0277	Product	Leñero Box	<p>Leñero en madera y hierro&nbsp;</p><p>Medidas:&nbsp;</p><p>Largo: 44 cm</p><p>Ancho: 29 cm</p><p>Altura: 20 cm / Con manija: 35 cm</p>	339e71_c157c8ee5bfe4e6c87386e7a5b9b3fb2~mv2.jpg	Varios			1200		true	PERCENT	0	OutOfStock																																							
product_088674ba-a914-a140-895a-77683fc12241	Product	Alfombra White	<p>Alfombra 60 x 90 cm&nbsp;</p>	339e71_95d25cc669e14e7fac6ec7fb9e03753d~mv2.jpg	Alfombras;Decoración		NUEVO	900		true	PERCENT	0	OutOfStock																																							
product_bd661685-74e6-ca16-bb19-ffdfc44dd580	Product	Mesa redonda + sillas	<p>Mesa rústica en hierro y madera + 2 taburetes altos</p><p>Medidas Mesa:</p><p>Altura: 1 m&nbsp;</p><p>Diámetro: 58 cm&nbsp;</p><p>Medidas Sillas:</p><p>Altura hasta el asiento: 75 cm&nbsp; / Total: 1.02&nbsp;</p><p>Diámetro: 31 cm&nbsp;</p><p>Ancho respaldo: 30 cm</p><p>* Precio por todos los articulos *</p><p>&nbsp;</p>	339e71_165de606b94f4c1fa8e757f91314a8eb~mv2.jpeg;339e71_3a6c2d82a1be4e7eb61da594fe711c29~mv2.jpeg	Mesas;Mobiliario			11900		true	PERCENT	0	OutOfStock																																							
product_7a738eef-25aa-503f-cf89-099879f7a90f	Product	Cuadrito Garden	"<p>Material: Madera</p><p>Medidas: 31,5 x 16,5 cm</p>"	339e71_1cf2bc31d5904161a64f591d82b36178~mv2.jpeg;339e71_a8b8339d4b4b41f6af49d793c94be9d4~mv2.jpeg	Plantas / Jardín;Cuadros;Decoración			490		true	PERCENT	0	1																																							
product_6778a1ae-2871-7b96-8b6a-14ec8a6341b5	Product	Cuadro Chapa	<p>Material: chapa y hierro</p><p>Medidas: 45 x 45 cm&nbsp;</p>	339e71_861bd7ca9866480092e555324e53bdb6~mv2.jpeg	Decoración;Cuadros;DESCUENTOS			990		true	PERCENT	30	1																																							
product_b3dcf7ba-4a07-0da1-52ac-e650dff62a80	Product	Canastos Tela	<p>Canastitas diseañdas en hierro forradas con tela.&nbsp;</p><p>Medidas:&nbsp;</p><p>Diámetro: 25 cm&nbsp;</p><p>Altura: 12.5 (sin manijas) /19 cm (con)</p>	339e71_015d1eea170d4ab68adc4bab2f8d30fe~mv2.jpeg	Canastos;Decoración			870		true	PERCENT	0	OutOfStock																																							
product_7f67f2ec-4bc8-1178-dc01-5953c3c0eab9	Product	Cuadro Magnolia	"<p>Cuadro rústico restaurado.&nbsp;</p><p>Medidas:&nbsp;</p><p>43 x 1.37&nbsp;</p><p>Espesor: 4, 5 cm&nbsp;</p><p>&nbsp;</p>"	339e71_41ba9e358ab340128bde4a06c756fc6e~mv2.jpeg	Decoración;Cuadros			4800		true	PERCENT	0	OutOfStock																																							
product_1797164b-7873-c26f-fbac-22863f1a3e6e	Product	Alfombra Black and White	<p>Alfombra 60 x 90 cm&nbsp;</p>	339e71_8ea9975953ca4ebe8bc4807756deb679~mv2.jpeg	Decoración;Alfombras			1200		true	PERCENT	0	OutOfStock																																							
product_2a33cb7f-01ed-3944-cc61-d3b2458ce537	Product	Individual / Aplique de pared Flor	<p>Medidas: 35 cm</p>	339e71_b06a1137e5bd4ed781397a4ffad2c22d~mv2.jpeg	Cocina;Adornos;DESCUENTOS			450		true	PERCENT	50	3																																							
product_090be85f-8bb9-cf3b-c372-d2da9299c701	Product	Botellones	<p>Botellones 1900 ml&nbsp;</p><p>Material: Vidrio ambar</p><p>Etiquetas personalizadas</p><p>*Precio por unidad *</p>	339e71_c9adda1f708b44459fa26a9a6fd5d59c~mv2.jpeg	Varios			720		true	PERCENT	0	OutOfStock																																							
product_f78c8b8d-1a33-d5b3-02d5-6afc044efa52	Product	Manopla Puntilla	<p>Medidas: 18 x 30 cm&nbsp;</p>	339e71_286cfa981f28413f977d0f0bb849fa14~mv2.jpeg	Cocina			190		true	PERCENT	0	OutOfStock																																							
product_2e08db61-f190-8c3b-9aa0-c5661ff63d4d	Product	Agarradera Puntilla	<p>Medidas: 20 x 20 cm</p>	339e71_b0660357fe7f4dbf993da9ec605180a4~mv2.jpeg	Cocina			120		true	PERCENT	0	OutOfStock																																							
product_bced0cb3-1814-3b6d-7970-eb741b3801b3	Product	Delantal Puntilla	<p>Medidas: 60 x 85 cm</p>	339e71_370cf97881024629bd6f2e85b6381516~mv2.jpeg	Cocina			500		true	PERCENT	0	OutOfStock																																							
product_18c9284a-1f0d-85d6-6ce1-65322693938d	Product	Bandeja Fibras	<p>Medidas:&nbsp;</p><p>largo 33 cm&nbsp;</p><p>ancho 22 cm&nbsp;</p><p>profundidad 7 cm&nbsp;</p><p>altura con manija12cm&nbsp;</p><p>Material: jacinto de agua</p>	339e71_d3382c1c457543828592424e303b8ace~mv2.jpeg	Cocina;Decoración;Bandejas		NUEVO	1690		true	PERCENT	0	OutOfStock																																							
product_faf11808-b34b-5e79-7e64-cf79bce589c2	Product	Huevera	<p>Huevera en metal.</p><p>Medidas:</p><p>40x23x28</p>	339e71_855c94572bd94d09a2f1b523f4d33105~mv2.jpeg	Cocina		NUEVO	1890		true	PERCENT	0	OutOfStock																																							
product_09ae320c-f3cd-f46b-1696-2b33885518ae	Product	Candelabro Copón	<p>Candelabro en cerámica laqueada y estaño europeo.</p><p>Medidas:&nbsp;</p><p>Altura: 17 cm (26.5 cm con vela)</p><p>Diamentro: 15 cm&nbsp;</p><p>&nbsp;</p><p>* No incluye vela *&nbsp;</p><p>&nbsp;</p>	339e71_eb163e88cd0c4171abf389a9d6513d32~mv2.jpeg	Adornos;Decoración			2390		true	PERCENT	0	OutOfStock																																							
product_30849ddc-4a53-9cd2-e6ab-7b80c71197e6	Product	Individuales en fibras naturales	<p>Individuales de 30 cm de diámetro.</p>	339e71_7d0bbf54be784233adaf34a05960968b~mv2.jpeg	Cocina			350		true	PERCENT	0	InStock																																							
product_6e97e980-4452-f03c-e7a5-0ae74f291fe5	Product	Bandeja White	<p>Medidas:&nbsp;</p><p>30 x 30 cm</p>	339e71_c09b5aa4ad3845ff8a4cd9f3ff2b456b~mv2.jpeg	Cocina;Decoración;Bandejas			1780		true	PERCENT	0	OutOfStock																																							
product_74e0e880-2026-8f2b-446b-65bc726ecdf8	Product	Lámpara | Veladora Cónica	<p>Lámpara de pie en fibras naturales.&nbsp;</p><p>Medidas:&nbsp;</p><p>80 cm altura</p><p>48 cm (parte mas ancha)</p><p>&nbsp;</p><p>* Sin instalación eléctrica *</p>	339e71_5914fe87331e4c4eb9ee360acdb3d174~mv2.jpeg	Decoración;Iluminacion;DESCUENTOS			6390		true	PERCENT	30	1																																							
product_3e9a5d04-9716-3c85-6eaa-af948d9c2dc7	Product	Candelabro peltrina y madera GRANDE	<p>Medidas:&nbsp;</p><p>38 cm de altura (teniendo en cuenta la vela)</p><p>&nbsp;</p><p>* El precio incluye la vela *&nbsp;</p>	339e71_48ddff2acf4340b3b9e6ddba27237951~mv2.png	Adornos;Decoración			2350		true	PERCENT	0	OutOfStock																																							
product_0834b7ec-879a-6355-42f9-863f0513b722	Product	Candelabros peltrina y madera CHICO	<p>Medida:&nbsp;</p><p>33 cm de altura (contando la vela)</p><p>&nbsp;</p><p>* incluye vela *</p>	339e71_48ddff2acf4340b3b9e6ddba27237951~mv2.png	Adornos;Decoración			2100		true	PERCENT	0	OutOfStock																																							
product_a7a3b1b8-e687-6f5a-f9fb-215b3e84dfb2	Product	Bandeja para desayuno	<p>Bandeja en bambú pintada a mano.&nbsp;</p><p>Medidas: 50 x 29.5&nbsp;</p>	339e71_aa44b0ef870e4dd0b1d7f29a04fd08c6~mv2.jpeg;339e71_ea60ae70340e420ea368b9ecbdede697~mv2.jpeg	Bandejas			960		true	PERCENT	0	1																																							
product_cecb6d6e-3f43-6049-67c3-783cc3e48053	Product	Set de bambú	<p>Set de cucharas en bambú pintado a mano.&nbsp;</p><p>Consultar por diseños en stock.</p><p>&nbsp;</p>	339e71_8f63a8709702482bb8ead68cf8249651~mv2.jpeg	Cocina			450		true	PERCENT	0	OutOfStock																																							
product_c62a572d-30ff-5715-584b-44da7093f756	Product	Caja Costurero		339e71_27f09aeea7aa4b91b2a66e6c0f1290de~mv2.jpeg;339e71_0022232c1bcc43b6b56ab79967db402e~mv2.jpeg	Varios;Decoración			880		true	PERCENT	0	OutOfStock																																							
product_9166ba74-0035-cd80-ea21-42ed1b286d14	Product	Escurridor de bambú		339e71_b61ba7949a4a4fefb99cc360e796bad6~mv2.jpg;339e71_9549b168e76a4c2e8838bd8bd9def4e2~mv2.jpg;339e71_7f6c4054804e429dbf7ae4359351d176~mv2.jpg	Cocina			1290		true	PERCENT	0	OutOfStock																																							
product_7c288619-3d78-18c4-3623-2de7c6b6075f	Product	Espada de San Jorge	<p>Planta espada de San Jorge.</p><p>Medidas:&nbsp;</p><p>0.45 cm</p>	339e71_efd340197f314a0bad13293ee9d7a081~mv2.jpg	Plantas / Jardín;Decoración			1890		true	PERCENT	0	InStock																																							
product_5a73360b-b9a9-2dee-dfc1-9216bf72775c	Product	Banquetas en lonja trenzada		339e71_845f3e73fe39476fb772115b54c79813~mv2.jpg;339e71_9bb798f948c640409fde7559364fc5dd~mv2.jpg	Sillones/bancos;Mobiliario			4900		false	PERCENT	0	OutOfStock																																							
product_be1de240-c5b7-63e8-b3bd-8ef418c2cf91	Product	Balde + pala para ceniza chato 	<p>Balde + pala 100% hierro</p><p>Medidas aproximadas:</p><p>22 cm de altura x 27 x 18 cm </p>	339e71_7887656146a843b9b5799d4a24d723a4~mv2.jpg;339e71_9dc1e356bfb84a47ba992f064cdca113~mv2.jpg;339e71_c362182674de4650aec6d978817e0e92~mv2.jpg;339e71_fe2065c594cb435199d6f35aa64e3178~mv2.jpg	Varios;Estufa 			3390		true	PERCENT	0	OutOfStock																																							
product_0bc0198d-2df1-588d-e336-7ad6e5d01984	Product	Bancos en madera 	"<p>Medidas: </p><p>28 x 28 cm </p><p>Altura: 31, 5 cm </p>"	339e71_59adf5199a8f4e1883641c5538427f37~mv2.jpg	Sillones/bancos;Mobiliario			1620		true	PERCENT	0	OutOfStock																																							
product_436088fa-785e-9393-026d-6cd91b21b847	Product	Portarretrato	"<p>Medidas:</p><p>Foto: 9 x 14 cm </p><p>Total: 21,5 x 16,5 cm </p>"	339e71_1119199c19c14171ac3c64c56145ff53~mv2.jpg	Decoración;Portarretratos			450		true	PERCENT	0	OutOfStock																																							
product_ad6e4dda-ea2f-94e3-e420-c30f997c0074	Product	Box Hornito	<p>Hornito de cerámica + corazón en crochet.</p><p></p><p>Opcional: agregamos chocolate</p>	339e71_1436e21457024daf8a69234b8587c786~mv2.jpg;339e71_1060dd1a37574679bbe34096440ac218~mv2.jpg;339e71_f8f9780362864c24b12e4c44c773ffe0~mv2.jpg;339e71_00cb2cbb46d44fb487291d60282abf59~mv2.jpg	Boxes			900		true	PERCENT	0	OutOfStock																																							
product_c9197c4f-5dc0-70bb-5993-cd82545ec4cf	Product	Box Aromatizador	<p>Incluye Toallita social a elección + set difusor y vela </p>	339e71_a7e87d76e829434e990b770ff3d86fce~mv2.jpg;339e71_56c2828f85894a91ac488630197deb1c~mv2.jpg;339e71_11c15eda3d1b483fbd82098d7b4dc3d4~mv2.jpg	Boxes			1100		true	PERCENT	0	OutOfStock																																							
product_1758e143-03b5-274e-886b-a2392d043870	Product	Hamaca en fibras naturales 		339e71_181f1a4fdf5f45229edd9944329807d3~mv2.jpg	Sillones/bancos;Mobiliario			15900		true	PERCENT	0	OutOfStock																																							
product_8a79f1ce-3771-bf4a-bc65-44a726b7041e	Product	Hamaca en macramé 		339e71_e59dd8b619914a14a51f25cdcd7d2687~mv2.jpg	Sillones/bancos;Mobiliario			4900		true	PERCENT	0	OutOfStock																																							
product_fe1ce40e-b07f-8e21-e411-e4e681b8dc81	Product	Balde + Pala para cenizas redondo  	<p>Balde + pala en hierro </p>	339e71_bac3792a13914537a1beba947dbbd69b~mv2.jpg	Varios;Estufa 			2790		true	PERCENT	0	OutOfStock																																							
product_4b396d9e-223c-ae2b-9841-d8d6e03fe7ab	Product	Canasto Picnic	<p><strong>Medidas:</strong></p><p>Ancho 20cm</p><p>Largo 40cm</p><p>Alto 30cm</p>	339e71_9177432dbee04b05b0044643f7e11e14~mv2.jpg;339e71_727ff1697ba34497aaf6f59377619546~mv2.jpg	Canastos;Decoración;DESCUENTOS			1100		true	PERCENT	30	1																																							
product_ad361a20-62c3-bf74-6fdf-9c8730045b7c	Product	Sillón Vintage	"<p>Sillón restaurado, tapizado en tela rústica.</p><p><strong>Medidas aprox:</strong></p><p>Ancho: 1 mt</p><p>Altura: 1 mt&nbsp;</p><p>Prof: 70 cm</p><p>&nbsp;</p>"	339e71_df2a5fed206a4918aaf7eb5a34da4b85~mv2.jpg;339e71_9c2379d9807142678dd2778f760b4993~mv2.jpg;339e71_814945f9afe04d6fadb4a7f3c981ff49~mv2.jpg	Sillones/bancos;Mobiliario			18700		true	PERCENT	0	OutOfStock																																							
product_9ca7b33d-2e7d-bd1d-3093-481b92e74065	Product	Set bowls en cerámica	<p><strong>Medidas:</strong></p><p>Diámetro: 14.5 cm</p>	339e71_facf2fbd862340959e66aa15d4635023~mv2.jpg;339e71_c9fa04fdbb6740139a1b1367101add2b~mv2.jpg	Cocina			800		true	PERCENT	0	OutOfStock																																							
product_46523b9c-b698-0855-eedf-26af8445e42d	Product	Set bowls en cerámica	<p>Medidas:</p><p>Bowl liso: 15.5 cm diámetro</p><p>Bowl estampado: 14 cm diámetro</p>	339e71_60b54b7307004927904dbe4ad3731b0a~mv2.jpg;339e71_7d9bf8ace2b44f2f94ae311e2e571661~mv2.jpg	Cocina			800		true	PERCENT	0	OutOfStock																																							
product_0e3badc6-c8c2-72b6-e102-825acccd3acd	Product	Arreglo rústico	<p><strong>Medidas:</strong></p><p>82.5 x 52.5 cm</p><p>&nbsp;</p><p>* no incluye plantas *</p>	339e71_dd05e866b1ea4c7f80a282d0e20f0864~mv2.jpg	Adornos;Decoración			1850		true	PERCENT	0	OutOfStock																																							
product_a372fd45-36d0-2180-2151-7bc13e68fa6c	Product	Candelabro en ceramica laqueada y estaño	"<p><strong>Medidas:</strong></p><p><strong><font face=""HelveticaNeueW01-65Medi, HelveticaNeueW02-65Medi, HelveticaNeueW10-65Medi, sans-serif"">Diametro abajo: 13.5 cm</font></strong></p><p><strong><font face=""HelveticaNeueW01-65Medi, HelveticaNeueW02-65Medi, HelveticaNeueW10-65Medi, sans-serif"">Diametro arriba: 11.5 cm</font></strong></p><p><strong><font face=""HelveticaNeueW01-65Medi, HelveticaNeueW02-65Medi, HelveticaNeueW10-65Medi, sans-serif"">Altura: 9.2 cm</font></strong></p><p><strong><font face=""HelveticaNeueW01-65Medi, HelveticaNeueW02-65Medi, HelveticaNeueW10-65Medi, sans-serif"">Altura total con vela: 17 cm</font></strong></p>"	339e71_35b3f84acca9476e93dbacff6975ca8d~mv2.jpg	Adornos;Decoración			1750		true	PERCENT	0	OutOfStock																																							
product_aad20880-eb3d-5124-0c13-0d2668d7f764	Product	Barra rústica + bancos	"<p>Barra diseñada en hierro y madera, incluye bancos.&nbsp;</p><p><strong>Medidas Barra:</strong>&nbsp;</p><p>Largo: 1.03 mt&nbsp;</p><p>Alto: 1 mt&nbsp;</p><p>Ancho: 34.5</p><p><strong>Medidas bancos:</strong></p><p>Altura: 74.5</p>"	339e71_d32f22099b964926ae74d9d5a3016714~mv2.jpg;339e71_d5b06e42f22e4b3cbdae72efe078e841~mv2.jpg;339e71_c7a7ffb8abeb4d27972474e8c007e475~mv2.jpg	Mesas;Mobiliario			11900		true	PERCENT	0	OutOfStock																																							
product_7dc4a6c8-8d6e-bb87-1f62-2a5211137643	Product	Jarron en cerámica laqueada y estaño	<p>Medidas aproximadas:</p><p>Diametro: 28 cm&nbsp;</p><p>Altura: 27 cm&nbsp;</p>	339e71_a284dd5d0d344beebbef9308a8b8d10f~mv2.jpg;339e71_d5fad8aa1bd1417f93d9fef70b994fe5~mv2.jpg	Adornos;Decoración			2950		true	PERCENT	0	OutOfStock																																							
product_7e52e926-e96a-4ec1-e3df-00864059d48e	Product	Espejo Hexagonal	<p>Medidas: 70 cm x 80 cm</p>	339e71_23fda0d4ca2a42c0a746afd370dbe2e7~mv2.jpg	Espejos			3890		true	PERCENT	0	OutOfStock																																							
product_4ce7b1c4-95db-0af4-d829-75b30d984644	Product	Bandeja de bambú 		339e71_50f43df91ea14de389478acfb90ae942~mv2.jpg	Cocina;Bandejas			1100		true	PERCENT	0	OutOfStock																																							
product_5817eb88-8734-72d7-13fd-7ac67a45e28b	Product	Fanales en chapa 	<p>Fanales cilíndricos en chapa oxidada calada.</p><p>Cuenta con cuerda rústica para atar a la altura que prefieras.</p><p></p><p>Precio por unidad. </p>	339e71_2f8838d4ea4b470e9dd232e72f5623ca~mv2.jpg	Adornos;Decoración	FAN0059		980		true	PERCENT	0	6																																							
product_383b611a-71a9-d218-f397-1762771d564e	Product	Leñero 	<p>Leñero 100% hierro</p><p>Medidas:&nbsp;</p><p>Ancho: 47 cm</p><p>Altura (con manijas) : 38 cm</p>	339e71_0ff849d9f88e48ec876d99d978841fce~mv2.jpg	Varios;Estufa 			4800		true	PERCENT	0	OutOfStock																																							
product_d45769cd-3ceb-a3f3-4050-f35b2b989063	Product	Banco en hierro 	<p>Bancho diseñado en hierro y madera</p>	339e71_a84f789e94604d2cbacbaf72ddfe4e66~mv2.jpeg	Sillones/bancos;Mobiliario			2490		true	PERCENT	0	OutOfStock																																							
product_c28fcd83-3575-c7a9-a760-b81a627ae3ef	Product	Platos Desayuno	"<p>Plato en cerámica, ideal para utilizar en desayunos o merienda.&nbsp;</p><p>Sus medidas: 16 cm x 17 cm</p>"	339e71_e0d85aadda0e47a19c8b54a226b02e2a~mv2.jpg	Cocina	1		490		true	PERCENT	0	OutOfStock			Color	COLOR	"rgb(255, 255, 255):White"																Product Info	"<p>I'm a product detail. I'm a great place to add more information about your product such as sizing, material, care and cleaning instructions. This is also a great space to write what makes this product special and how your customers can benefit from this item. Buyers like to know what they’re getting before they purchase, so give them as much information as possible so they can buy with confidence and certainty.</p>
"	Return and Refund Policy	"<p>I’m a Return and Refund policy. I’m a great place to let your customers know what to do in case they are dissatisfied with their purchase. Having a straightforward refund or exchange policy is a great way to build trust and reassure your customers that they can buy with confidence.</p>
"															
product_1c81b3a4-3a9a-1f88-9ceb-fb37df989078	Product	Banco en lana natural pelo largo 	<p>Bancos materos ideales para la estufa.</p><p>Medidas:&nbsp;</p><p>Diámetro: 40 cm</p><p>Altura: 40 cm&nbsp;</p><p>&nbsp;</p><p>Las medidas y el color pueden variar al tratarse de un articulo confeccionado a mano&nbsp;</p>	339e71_43b151701fe14f7c866d42ed3d29eae5~mv2.jpg	Sillones/bancos;Mobiliario	BAN0111		4900		true	PERCENT	0	1																																							
